4a837bc8f71e26e2d280b676ee0e69a06b6769cd177ce827286bb2725892ff45  .clang-format
a2a6d389a360ebb1d9de6ca8e363a307a265e8aa2d972b5759e6837758531f68  .gitattributes
bd0f8c4b51ab46a85d1305dc0b2cc7812da8e7bb774b1f469db2252e8d3ed1b3  .github/FUNDING.yml
8e4886151846e9800f53032167cd35238ee564e2d8fef9e639b607d7c113c3b0  .github/logo.png
b6089b5baa9e61924c04595bbeea32c95641ed49adbc4f1859f83adb46570ee3  .gitignore
3674854bb94f8156f1112b673a186c7c1aae36b875681ee833b55daa3bf4cd3e  CMakeLists.txt
22ceff2cfca1bbfa78a7eae6c83b2ca5bd3bfc67d53c4ba0604208ca0d182f7c  CONTRIBUTING.md
8486a10c4393cee1c25392769ddd3b2d6c242d6ec7928e1414efff7dfb2f07ef  LICENSE
f6bf97d51f6dca6ffa718ffb6b5d9df647db4bd15a813accc90a61cbc5b693af  README.md
797beb82f5c45193d0f8100cd181e4fcc61bce149dab9f825a675cbc91cb3d8a  config/custom-gnb.yaml
662622cc79e06ae3eb9ddb32dfc605a873e6a2463c2a77b0252ba0a47189e530  config/custom-ue.yaml
3032e987b75ce69f230b37f58e1aac635b49be8c84828449154951c092823027  config/free5gc-gnb.yaml
489fdd24f5d9eefd4f1c30e807e73ecc41c17ef206ae31c0c8c6bbb03298c944  config/free5gc-ue.yaml
40101f36922e7a376c47bbf3f8e1e0dafa8f0a2b1efa56e7170b2e4e7a69e66f  config/open5gs-gnb.yaml
fd322a017dba72311464040c12b97cd41378e27e8f79bcd60fa0b75a84515b1d  config/open5gs-ue.yaml
bfe794b4fb07e2ce252bb744da4e2916bace5dd2b1b5d3f2a5d4cca7ac1c8762  makefile
ea6c6ca135a678ae250bbf091aa5ef64f062d08484d743ce1604f4634875a9eb  src/asn/asn1c/ANY.c
df40519051b6ec148aa6c7682ad9669eb1945c32192037c2916d58ad6bcbad3c  src/asn/asn1c/ANY.h
4cdd3cac1bd3c15cb428117f2695b9cbb029a6d8de2a4d675a6674eede02d72f  src/asn/asn1c/BIT_STRING.c
9dc2cbf9631371281bb21d84d6d40140ac3b2306fb181f01fcee17209b12cd39  src/asn/asn1c/BIT_STRING.h
69b206862163fde9acf71c0e1ede9f086fae837852c02c2188e4624161f55de7  src/asn/asn1c/BOOLEAN.c
9bf343959ec6ef5dd9e34e977690eb327c89169b7fbeb02e923bbac29acfe7a7  src/asn/asn1c/BOOLEAN.h
f887588608fe5c27413c5245a45f704a5f0b3671ce018c32a1bb181307b79e74  src/asn/asn1c/CMakeLists.txt
230aaf52cba57cfc353d12b3ab34bc90e50422a84e4625b2baf2927e98b3f599  src/asn/asn1c/INTEGER.c
2a6924e3fab840b09069d9901707573795b0eb2fc6b12d51587d2c3a09fd8018  src/asn/asn1c/INTEGER.h
bd2bfe1d54e5e2318b68f8c7b6b34b63daf38995972acd3057ac43e023da1a77  src/asn/asn1c/Makefile.am.libasncodec
b9f5fbba2dc70a2654685d89f161e121d2556c136b87a91f854de184be8fffce  src/asn/asn1c/NULL.c
bab420fb8faa33894876a1e7606908659c4087340330b9340d666739ecf7702f  src/asn/asn1c/NULL.h
31d93344d6c243230a432cbfb37c9110ba2d5b6bca837f94fadc64eccc4602aa  src/asn/asn1c/NativeEnumerated.c
0bae19f2fbb1003dee504252c82ff7be56f29b2fc56b57f58a84cc949df9d89e  src/asn/asn1c/NativeEnumerated.h
607e13000e3907f23d7815eef0ff9be63c65263b4ea28b955f0748e8ed900c64  src/asn/asn1c/NativeInteger.c
abbfa61099053454b294efcc1e9ea58a58d89eb0e3e9a148d7b2bc3680d88762  src/asn/asn1c/NativeInteger.h
329ccfae8b81a1843f308f96e6282fa47c651f1a345678f4352d7c4f3400532e  src/asn/asn1c/OBJECT_IDENTIFIER.c
f22ecc8852a31be11522218f0d124e8ec7f0ed06cef1947ddf4cc22a2f7512a4  src/asn/asn1c/OBJECT_IDENTIFIER.h
245a18d29ac64cc3bc32e96a3b56cecfa9e2b5f493bbb2e11ade1d77129db2cb  src/asn/asn1c/OCTET_STRING.c
288d869f5de5dbd2aa65ddbea0b4bc1b43ace2dbea5ccd485142d85e29e707fe  src/asn/asn1c/OCTET_STRING.h
22dacc89393b981a464ff16f62a09ae9fdb8a1806d363affd05a3dd450157c0e  src/asn/asn1c/OPEN_TYPE.c
f087ea27d36166ecc9792c62caa51f842e193074af92b901e70f72b402529c2d  src/asn/asn1c/OPEN_TYPE.h
c2c8bc4ba7c0266513328ecdfda774cad3446f9acc28b0e6d969ac2f8dc95dc9  src/asn/asn1c/PrintableString.c
3cb46b07d6100f29ae8c4a571109b3868064b2aa4e70221bfb56c160b754908d  src/asn/asn1c/PrintableString.h
411e81897865736975531791c2c3349ae9bc20dc1c77475e9004cf89b9c72fc2  src/asn/asn1c/UTF8String.c
5e5706fea6ec397fad212d28d01d794e46b77bb7996fd2f91142ca0c3505ea11  src/asn/asn1c/UTF8String.h
fd86d89ee04c9e2c0d37f57a6e901a55b2a4cefab71e103cc2b5648bbd911e39  src/asn/asn1c/VisibleString.c
c8e94088fda0bbcf44dd08b347dcdd1af7e82553d733952df9041aabc50e1670  src/asn/asn1c/VisibleString.h
58fc1853c66a1418cefc49339a0b5629f9cabc70f31bd0d59fed54e624c48400  src/asn/asn1c/asn_SEQUENCE_OF.c
09f4fb3d2ed1df222e13b583650b0be7b2de940f2977bba03057d96b4b733bd4  src/asn/asn1c/asn_SEQUENCE_OF.h
5f7c1ae09b090e38a799b1501d0e705ac3c2184f0e1329b30090472cf5556e77  src/asn/asn1c/asn_SET_OF.c
7e072981eefd741a2b6bb4c1dff4dc261684739d2656c012f74fdccd886daa0e  src/asn/asn1c/asn_SET_OF.h
002548949b6c9dc0b3e08d16ba73d4e95194b54a4fed3ed7e2c867b867ce4d19  src/asn/asn1c/asn_application.c
2cf092dfc902b70ab60696aaf66eda8ec257b4ec76125ff67117922a092db6c5  src/asn/asn1c/asn_application.h
77cd6244a6f37c8ddea9dd8b1b47cf709340e1a0090fe8b158378297b84c59d8  src/asn/asn1c/asn_bit_data.c
b3ae178d4c864ffd913f247a5989ca74eb62b5f33207a59064003367a2114a1e  src/asn/asn1c/asn_bit_data.h
ad9df4df1482df3d74c9a75dbf37326e217087be7e8eab3cb18b2b5c79aaf46d  src/asn/asn1c/asn_codecs.h
6a9276592b3ec12f7a855bd4b81462351cb77b1a88aefc74dc1274a1760d27b4  src/asn/asn1c/asn_codecs_prim.c
ccc2fdd8cf9a7df45527b76370c234b3349ce209ba883549307474f40ae28199  src/asn/asn1c/asn_codecs_prim.h
bb85402f2f099034b390fd168f8d9a39c7c2df1c8c518c0074c8ec7a2ccf898b  src/asn/asn1c/asn_internal.c
6f6bec3d3b575c3691f7a8a5ffea25aa43b127d4aee4a6a91af7626a76c71442  src/asn/asn1c/asn_internal.h
0e6b8b50e29ea09b3be411a6fdf2fdc6fd9e60665fc2462e44ef57f152e214f3  src/asn/asn1c/asn_ioc.h
84d7cc7f8366ed7c1a79f9a9a58cda628fa0ab5952b84a5f85d43c9253c0f08d  src/asn/asn1c/asn_random_fill.c
01a323414b11fefebe11b44862aa42159325192bac7fc42dc4b40ac9f177ba5b  src/asn/asn1c/asn_random_fill.h
d9254bd9f742cdebffbff0287f9feb954027e9351b6b0601f85578aa7974c283  src/asn/asn1c/asn_system.h
1eca337ee4b107e5abddf3f3764ed1bffa8e728818c5d6d731e940a0c50d7b47  src/asn/asn1c/ber_decoder.c
1c4d5096e91db4d1864d9691b4a0580e4b002f73c8d52ac7e914e8951e128cc4  src/asn/asn1c/ber_decoder.h
e4a6f196488e4922d620c5f6e8d0649424bd8773e3b7d199ab72384488c6ac2f  src/asn/asn1c/ber_tlv_length.c
240025b620859b03a979e024292e21a0d24630ad0d0ccb1ec2e449ae69ad59d4  src/asn/asn1c/ber_tlv_length.h
56716fd0f52d810268d80ee70d6d919878faee627948ebde2400038b612a3fe5  src/asn/asn1c/ber_tlv_tag.c
665b258e4cf27a2e5b3ab5d7f57e2ea5a81b52c2a4d16561cc2d3ae0da06b6b0  src/asn/asn1c/ber_tlv_tag.h
7df2c9f35d394a70596bfe66c495b45ae89c9683a81d530089fb074a2e94798d  src/asn/asn1c/constr_CHOICE.c
eb92c23698af9d9fd11e8b7206e37fca197ddb901148985085a40c12a7b5d547  src/asn/asn1c/constr_CHOICE.h
e280c7ed9abc4dd03617fbbbe28670a2d37cf9934955f8dae85d6489eccb14d1  src/asn/asn1c/constr_SEQUENCE.c
e0049fcd40b151cf8530e973e07a69a02ec0ea575d5fbeceb6edf526d32ce762  src/asn/asn1c/constr_SEQUENCE.h
1ef491ec4c7401ca60074c1b03fa697e9e039957356ce7ef6a667438323f3251  src/asn/asn1c/constr_SEQUENCE_OF.c
8ce517191ed0e40adc2869b35ccf1d44ea9ea9fdf0c00589f1f24d904149ef0b  src/asn/asn1c/constr_SEQUENCE_OF.h
dd4fbc40200c7736848eb392c08a5e117e6552f64b8cbba0af3ff108c2901bd5  src/asn/asn1c/constr_SET_OF.c
b1ffca27b53acf1b2f1bea605e124612b41e19e548600b6787322738d9d06cbb  src/asn/asn1c/constr_SET_OF.h
6ad03c54930ce83898163b187a190bec0b739fe0a38aa8f83b70c91e11e1cdaf  src/asn/asn1c/constr_TYPE.c
04463b48d21649ccce4383936d0bc65c71a48df27fa375f10ebf6974c4a4345a  src/asn/asn1c/constr_TYPE.h
60057642f1bc18dd15e3e7ac87d561682379cee81bdb510cbe3ba2f9db01c5a7  src/asn/asn1c/constraints.c
5dd2f167a67abbf860351a04b9f7e4e87c3e1e0cba40f032a2686e7a5a6f08a7  src/asn/asn1c/constraints.h
b9c0236029b97e4c28bd07d18dc776382c497ca1d7a5fb84fe7418bfe22fd124  src/asn/asn1c/der_encoder.c
0789513966e873660b3c17ba4855ae89c78ef6821dd64c73f5157429c8936873  src/asn/asn1c/der_encoder.h
bf8ef69a61d1020f3623396aee1ee37c2cc5ebb85f665685d7caf85b99420944  src/asn/asn1c/per_decoder.c
43380c1843e43df86f1c65cd82dcfc832100084fc7cc15540c8a74a5d3959526  src/asn/asn1c/per_decoder.h
1815d61ecf01aa33d065b6bffdfb57c8ae17542016f9409a2e80e962f0e5fcfe  src/asn/asn1c/per_encoder.c
44b31a767559175911bd077e1eadd3903dbc19c84aa46f652c7632c75caaa2a6  src/asn/asn1c/per_encoder.h
913945479da0faecf2f142d3ee381ceb7b10deab8a0e3e37dec7d979af7f2c8e  src/asn/asn1c/per_opentype.c
c1d21e6c9b7cfba09de5fd014c755f404db928b50539a2a029c5a787f049ec25  src/asn/asn1c/per_opentype.h
5a42bac209c1100b1a7b4c85066f72c6a3c7af4752fb527c714ae43b4cd8bcc7  src/asn/asn1c/per_support.c
b44392d997add44a179dada1a52be8bee03980a4a415a60f588f81934a553050  src/asn/asn1c/per_support.h
89cfa6df610fbed46227e30926fb4f15451de586b4af6c343e099f3cd8ef7082  src/asn/asn1c/xer_decoder.c
b7278629970f8d6f33baac0baf8f9cdd7edd8a9eb545761d2297cbb1d3953366  src/asn/asn1c/xer_decoder.h
693b7bdb100f73e84b06b8e29c69f597d06e6a389d917121a45fa89d83e1a17c  src/asn/asn1c/xer_encoder.c
0363200cdedc09a31903ca926d70ee0e0d592ee0988ef8df201e92135c8b543d  src/asn/asn1c/xer_encoder.h
e395f8688b4808de9d424b3096b6017079ee53fd97f44928e3b2787fa953a1bf  src/asn/asn1c/xer_support.c
c0908e2b57a5b030fd6e31e7f5e9d601fd9e786066a2b8f8aad8201497780ec0  src/asn/asn1c/xer_support.h
aedbe365fec538850713638159d2fd1e8f83f20fa6d8791ad75378c588fceedb  src/asn/ngap/ASN_NGAP_AMF-TNLAssociationSetupItem.c
123e4797c684a02b0eac19e40b1d3825c118592535bfe45e8308c0ef1026de56  src/asn/ngap/ASN_NGAP_AMF-TNLAssociationSetupItem.h
e020f73980b695825dfbcd00eaba1dea4c07652a3d95e9a56e4494cb0ffa4897  src/asn/ngap/ASN_NGAP_AMF-TNLAssociationSetupList.c
552d8302114820b8e4ef865be51987ba465005adae55189c6cef90345c00e4a6  src/asn/ngap/ASN_NGAP_AMF-TNLAssociationSetupList.h
a5868b3f00ecc704cc23648ea17ad1c7eadb469aa47406e5bb40eaf7acdc18e0  src/asn/ngap/ASN_NGAP_AMF-TNLAssociationToAddItem.c
da16804f67d3930dd5649a735f8ae059a2baf3bf947d274ec0121cf86f2ece3e  src/asn/ngap/ASN_NGAP_AMF-TNLAssociationToAddItem.h
157643475dec7da645bb9c82ec98e321e99896b390b3fa4acf25121dd5590e7b  src/asn/ngap/ASN_NGAP_AMF-TNLAssociationToAddList.c
2d259edbd4b2de23cb4fb9ea10ba8d8947362936f66e2357ade335f68b175bdc  src/asn/ngap/ASN_NGAP_AMF-TNLAssociationToAddList.h
b76f8aa15a9494b73b547c1bd49ad87a49d5cb4e4d2c976ef5ab019e6e656047  src/asn/ngap/ASN_NGAP_AMF-TNLAssociationToRemoveItem.c
44d8c153c86810bf49c77c3cc2c1e018dd5ef00d8d9d4972784d19ce139b0e30  src/asn/ngap/ASN_NGAP_AMF-TNLAssociationToRemoveItem.h
d0c7e3fd388fde1aefe8c8b5a566d47e3e1216f114e34e2e816b70062677cacd  src/asn/ngap/ASN_NGAP_AMF-TNLAssociationToRemoveList.c
3d937786bb66aaa39d22673af0dd809830164ed797aa6afdac01d8c0da29a4fe  src/asn/ngap/ASN_NGAP_AMF-TNLAssociationToRemoveList.h
e9f5040a69b7528f1b4cbfedb30de2a78bfc2685d9dd636e945ef447f36012d8  src/asn/ngap/ASN_NGAP_AMF-TNLAssociationToUpdateItem.c
2c16b822a75c6a1a22fa9235dc703059d1defa5349fcaa7e055e2a59d721f98b  src/asn/ngap/ASN_NGAP_AMF-TNLAssociationToUpdateItem.h
a15e3a736afa82e991e2f9d1d341bdffa11545f7b93cecb881c061f57d31dac8  src/asn/ngap/ASN_NGAP_AMF-TNLAssociationToUpdateList.c
2a4582fd49243257545faa60430e0860bda004b6d76efdf0e7df92ef28e1146d  src/asn/ngap/ASN_NGAP_AMF-TNLAssociationToUpdateList.h
ddd3483381cc3109460a3f2e578a4831df466dbd7d0488e631199b9202854582  src/asn/ngap/ASN_NGAP_AMF-UE-NGAP-ID.c
57e823ee80098586099b3fbd042893c107341f6d2256a3ecea2512287432098e  src/asn/ngap/ASN_NGAP_AMF-UE-NGAP-ID.h
8d8db9f541112a14c33e42a9e3128a860dd862cde8d75af74f5813642435566c  src/asn/ngap/ASN_NGAP_AMFCPRelocationIndication.c
cd06c03d2dcf7d4fea8f9a1284bf796c91c069ebb70f1baa0221fcdd89585265  src/asn/ngap/ASN_NGAP_AMFCPRelocationIndication.h
0a33c7e30924839a93725d7edee62cf1b9c33cd861bc7b01235997d9221ed66b  src/asn/ngap/ASN_NGAP_AMFConfigurationUpdate.c
f3090010ccfa8e33addc028913b0ff5f68e35bdcf6907cbd5c4357b43d93b768  src/asn/ngap/ASN_NGAP_AMFConfigurationUpdate.h
415aa076e7ad5926fc56aa8395d386475bd24afe5f872357757e814a299631d2  src/asn/ngap/ASN_NGAP_AMFConfigurationUpdateAcknowledge.c
6f40436f39f5b9d2279c56d8cf4cf8c678b51431ab40a7f2077704fbbfe499e2  src/asn/ngap/ASN_NGAP_AMFConfigurationUpdateAcknowledge.h
616e119f0313bbd73b6417b186333a6b56cc7efd41fc4a5fcc188cf8700cff64  src/asn/ngap/ASN_NGAP_AMFConfigurationUpdateFailure.c
2395858f33ff331863207e30da7a558a6ae35ef089144ca41fd80b34bb08f0aa  src/asn/ngap/ASN_NGAP_AMFConfigurationUpdateFailure.h
60e763ae46d81e0198d42ea710b907987e8396b5eedcce7433e1f91cbda2d1fc  src/asn/ngap/ASN_NGAP_AMFName.c
a8c467d3509933fc102d1d036ffb930c5bc6ea6b601d63c7457182c3c1ad9dba  src/asn/ngap/ASN_NGAP_AMFName.h
1b58d3b3b66f07fdf97e25a961eaa053d97d68e8dc52ed4e61e125d0e12c9df7  src/asn/ngap/ASN_NGAP_AMFNameUTF8String.c
b8d6a2db02afa41091e2ff1b33e940a753d6d482a753f6e284f59ef21f48fc85  src/asn/ngap/ASN_NGAP_AMFNameUTF8String.h
48bde4a1cfa37d8ec1788a0f942c302dc591971bf3e900270923653a41740bf6  src/asn/ngap/ASN_NGAP_AMFNameVisibleString.c
0db2c5697aca0a1abe681ff91f8c76f0a8cb7a5d27f951521ee311e770153ee0  src/asn/ngap/ASN_NGAP_AMFNameVisibleString.h
6ea930f79f15fde9bebfb4462c7250c21d7b5c7c9a0110e44a3b039ff5c6372f  src/asn/ngap/ASN_NGAP_AMFPagingTarget.c
455f88480ee712da97876f897bc515df4594896261fce178dce843177660225b  src/asn/ngap/ASN_NGAP_AMFPagingTarget.h
2c6f9a94eeb5ad7020d84647011be876a133bc4402e9f4f830f9aefb8df87e0c  src/asn/ngap/ASN_NGAP_AMFPointer.c
a65c330641856c759c117add1117bdcf98a10062a995e97aa4b7dc880ac120fe  src/asn/ngap/ASN_NGAP_AMFPointer.h
196cfc546132d86970113c0f0b80b72629feebf3ca85b841471ec40cc0a935c4  src/asn/ngap/ASN_NGAP_AMFRegionID.c
3a5ed1ae5b550387b162ceeed35b0c50f5429e08acc4ab570331b0be3edb623e  src/asn/ngap/ASN_NGAP_AMFRegionID.h
b0db3c1ef7177abb8e69a405d77a4a910805f6040d54a13df3aa58ffc9d9e0ed  src/asn/ngap/ASN_NGAP_AMFSetID.c
a02017670e9708bf812b1ffcfb5a943ede4a384467ddda3ff15fe890e36c7a95  src/asn/ngap/ASN_NGAP_AMFSetID.h
1b78730562af3d35246e3a8aa36a5eca771e81ba43d62ee63d4bb33cf5af4e29  src/asn/ngap/ASN_NGAP_AMFStatusIndication.c
eaa793bb82e1ecd859577d728452e2717f5662cb3098fd1c4bcd4db6cf37cb0e  src/asn/ngap/ASN_NGAP_AMFStatusIndication.h
62338de7bb45e488f38c1b7b5bea44e50421aac5aab2921bdc817bbf555663b7  src/asn/ngap/ASN_NGAP_ActivatedCellList.c
c2c983e3ba825637c1bffdf2efc1fabb1a07e8d8dea9ebe7e53549dc93591db0  src/asn/ngap/ASN_NGAP_ActivatedCellList.h
bbea6dc0b13554aa1197c883090bc3546f02fe219f75de36adc9bf9dd5f7e269  src/asn/ngap/ASN_NGAP_AdditionalDLUPTNLInformationForHOItem.c
bdbe4d06375ef08cd69983108bb277587ede4625660f06f6289fd69f7e945884  src/asn/ngap/ASN_NGAP_AdditionalDLUPTNLInformationForHOItem.h
1b1abcbf058a928b4443c67050dcf35044a9ed74dc52e14fdb0600c45d222339  src/asn/ngap/ASN_NGAP_AdditionalDLUPTNLInformationForHOList.c
a967204e01cdfc1fb245c1ea4223a789d7fcf34e67ca96134ae2aa8bb50e56db  src/asn/ngap/ASN_NGAP_AdditionalDLUPTNLInformationForHOList.h
85dc2e424e0bd0c48b1664535a99a78c28535b271f6b9cfc72531fb315b22968  src/asn/ngap/ASN_NGAP_AdditionalQosFlowInformation.c
ef57ac166f0f4e096f5901402d5acd5b7daa5e9ed9ef2c0260662796939bbd09  src/asn/ngap/ASN_NGAP_AdditionalQosFlowInformation.h
5c168306508d666966656e1cf7c73749514d967aabbbaf6baad05ee85a97096a  src/asn/ngap/ASN_NGAP_AllocationAndRetentionPriority.c
77cf1968ec83f0b338673f2b7b2a1d9c8b04ab7ed20c5d6fd649d4efd2d83d5a  src/asn/ngap/ASN_NGAP_AllocationAndRetentionPriority.h
f363ac3d3ddc2be645677f2d73a7fdeb5377ce66188f3fcab336aaf3013f4757  src/asn/ngap/ASN_NGAP_Allowed-CAG-List-per-PLMN.c
65d494f4a430e0508c26cc25a79578076c0fef93f2f8baf7172fa4c8a74a926a  src/asn/ngap/ASN_NGAP_Allowed-CAG-List-per-PLMN.h
8016833a7b3940889a94f9889349909d8c913ebaf35fda462607b148a71cce45  src/asn/ngap/ASN_NGAP_Allowed-PNI-NPN-Item.c
1001316645fc7c3b960d762fbbd6a79c6abb1b343413dd6beab4ff6ee1f0eded  src/asn/ngap/ASN_NGAP_Allowed-PNI-NPN-Item.h
0759eaa95f1af82c040865e31a098ba33f4b5acca50ed390b2cd8cc63db85976  src/asn/ngap/ASN_NGAP_Allowed-PNI-NPN-List.c
b04352839f61d1a20d9b93c339240da9a81c6eeb7e5fd9d6c5eaa5fd01a08268  src/asn/ngap/ASN_NGAP_Allowed-PNI-NPN-List.h
1ea22f4ebf244b3ee0ab797c997235c964463f2266bee9a1c427a7957f540525  src/asn/ngap/ASN_NGAP_AllowedNSSAI-Item.c
d9d6fc2587d474c11d483f7f086aaea0826ba363338ea9398338001422911496  src/asn/ngap/ASN_NGAP_AllowedNSSAI-Item.h
aa6f426be1109b75de98d38033944d752c26d7a0c922d00da7d3a481746f3d1b  src/asn/ngap/ASN_NGAP_AllowedNSSAI.c
bc3c04e58c85b8fdbe88bc4f038da05a4d0e2580d42c2a0a4423798174a59514  src/asn/ngap/ASN_NGAP_AllowedNSSAI.h
c7ff293f79d1d2ef789df2d22977b91d656f3bb58f09c44c38d9e55427e2466e  src/asn/ngap/ASN_NGAP_AllowedTACs.c
5d20b3e2fab8588e1a6b8dcf3d32e98f0bd591d88726d8b5cb8006839dc0ddc1  src/asn/ngap/ASN_NGAP_AllowedTACs.h
e5f5fcda44d972f93b7578a5ee2ef045230ca9fb99c0b8fee2da5178adac0b99  src/asn/ngap/ASN_NGAP_AlternativeQoSParaSetIndex.c
215e001857cf346f2c9c3ffcf8eae214e6d14414d3aec92966707fdab021efad  src/asn/ngap/ASN_NGAP_AlternativeQoSParaSetIndex.h
a6e22b835a18f11b0989bd0f39e2dd9521b3e2ca1c599b874c1fe6f74a8ec956  src/asn/ngap/ASN_NGAP_AlternativeQoSParaSetItem.c
09df7ff17619b1ed8e7e2d5bfb62dc8b57fa8a97b42b96187d57555ff99bc513  src/asn/ngap/ASN_NGAP_AlternativeQoSParaSetItem.h
cdad1c9b6ed364072d15b67ac5ec77b0d9bbbe09c5340da6f146ecc5bcd70f42  src/asn/ngap/ASN_NGAP_AlternativeQoSParaSetList.c
0a85480ca7c151ef034e01bc11ffc2ca2ad9e498eb607cffc9274df2d5e0137d  src/asn/ngap/ASN_NGAP_AlternativeQoSParaSetList.h
d958b6918fe6bf3ec200c32497a17942fe81c5c5596eb395488609c8eb35d8ab  src/asn/ngap/ASN_NGAP_AlternativeQoSParaSetNotifyIndex.c
4f408ab681d4ffc841a825194ab27911bc9b890c50590c45cb78e07d056da7f1  src/asn/ngap/ASN_NGAP_AlternativeQoSParaSetNotifyIndex.h
eb69c3b9ca69a6f4291a753d8dbd1c721a59850a13582077a1bdba088a66136f  src/asn/ngap/ASN_NGAP_AreaOfInterest.c
4acefb971525b4bd4b4438fdc046facd6d3f3dbfc2f22fe0a72f4f4958b2efff  src/asn/ngap/ASN_NGAP_AreaOfInterest.h
de42f06f6d478e715f36b50a2ebefb18c8e3063306c191fa9378c9520127f74b  src/asn/ngap/ASN_NGAP_AreaOfInterestCellItem.c
e132778e9a6d3b425ceaf3778cfe06cf0aaec246c3f10e0053d11bf4191bd9fe  src/asn/ngap/ASN_NGAP_AreaOfInterestCellItem.h
c267b771d22c48fa6295b66daf0e45e6c2c4c2c87d11b8b2a1d633f7b3f7513f  src/asn/ngap/ASN_NGAP_AreaOfInterestCellList.c
9e4f0e6ae3bebbb8e5077083c8e44ab930e4c7a40cb2c72dfcaefd534fecd698  src/asn/ngap/ASN_NGAP_AreaOfInterestCellList.h
9d05ed5d9c4cb4f27e9a24e05c9afe8cff78533eb632a60472cfa291b757de26  src/asn/ngap/ASN_NGAP_AreaOfInterestItem.c
ca65220cacde07fc18a0f50610db2c185b38a1b6989064590b16668019439199  src/asn/ngap/ASN_NGAP_AreaOfInterestItem.h
7c1e7fa1c4e33be27f35c32ea5131f5022a4fe76ef4f509d79db0a29040aa5a1  src/asn/ngap/ASN_NGAP_AreaOfInterestList.c
2e6b4c00122bb00a795dc02b16bc6eaca575208926233f8777699a8fa6c547f8  src/asn/ngap/ASN_NGAP_AreaOfInterestList.h
68465bf3d8895bea563f86ce42b7127fe016de89768f5b9b2d133f71cceb3a41  src/asn/ngap/ASN_NGAP_AreaOfInterestRANNodeItem.c
0c8346038592652edcce79f933d01f4692cf83e80b0f8fc6a1b09a918054b6b4  src/asn/ngap/ASN_NGAP_AreaOfInterestRANNodeItem.h
8fe0d933db9576c967e5db0db9a65345afe3e811ad69a5f353a087cb51850f27  src/asn/ngap/ASN_NGAP_AreaOfInterestRANNodeList.c
22197b566b0e094daf8eceed329aa310394353519670f11e750e71737bfd7fd9  src/asn/ngap/ASN_NGAP_AreaOfInterestRANNodeList.h
2e2ada5167f197fb8cb4a7ace985450a6e851761a19d513a6071d9348d0bdd8f  src/asn/ngap/ASN_NGAP_AreaOfInterestTAIItem.c
d73f652aa2bffdf1f4685bc719e6238e12cd2b78b5af3644249c3176025e43a1  src/asn/ngap/ASN_NGAP_AreaOfInterestTAIItem.h
4063ad22f2db15a3bd0ed512be704b986e1a2e93ea58a2b7cb58d28968c65359  src/asn/ngap/ASN_NGAP_AreaOfInterestTAIList.c
0ffaeb92dab6bac0e18baf8eb455423f0d32d92dd370cce24f04b86b96839a00  src/asn/ngap/ASN_NGAP_AreaOfInterestTAIList.h
aeb6bdf33eebda55f505051e3cd5ca8d990423c88f948cc7ce4220fecf129594  src/asn/ngap/ASN_NGAP_AreaScopeOfMDT-EUTRA.c
5f845e9105947e7f3f9dcdd3f468673bfb9dd40c06a1ffbb3ef7fe68641d6df7  src/asn/ngap/ASN_NGAP_AreaScopeOfMDT-EUTRA.h
b83988d1eb65f8b384551850613fb2e72b5a4d724f501cb0f2d6d605b0ce3a3c  src/asn/ngap/ASN_NGAP_AreaScopeOfMDT-NR.c
f2f84ce7a37ba73ae95dea84edee73c081c0bd7c54c853d6a5704b07695f9339  src/asn/ngap/ASN_NGAP_AreaScopeOfMDT-NR.h
9768ac4f06240fe33bd70ac1c394150acc485a1b0c92894d8d6a03669f512ae5  src/asn/ngap/ASN_NGAP_AreaScopeOfNeighCellsItem.c
d8c66ab4fedb153bc9a63d1962c3e60ef4802d72abf6466d49f086baae9dd89b  src/asn/ngap/ASN_NGAP_AreaScopeOfNeighCellsItem.h
0f381020a386f10980c5940fc8a0695d0a2a2ceea40c53698000214ba3311bab  src/asn/ngap/ASN_NGAP_AreaScopeOfNeighCellsList.c
af418e1540c8566629670d0c773c0b45d79e2e63ebfdd18875eecc3de37bbbfd  src/asn/ngap/ASN_NGAP_AreaScopeOfNeighCellsList.h
ee6bb78eae25031955c9a9171b22b8cf3e0da8b28042a724f7f7f8f666362939  src/asn/ngap/ASN_NGAP_AreaScopeOfQMC.c
72bfa36b5eb08751806d123f100eebb71a69ecc7725441f0a68c6720392e7635  src/asn/ngap/ASN_NGAP_AreaScopeOfQMC.h
8224fc247747bf7372d1919d18da6a4266e0b96ca78c30b7a21ff4b0ba78e739  src/asn/ngap/ASN_NGAP_AssistanceDataForPaging.c
5ab126d21db238632d89125d6593ad0cccff1a902282ba77c14fe341afe4d79b  src/asn/ngap/ASN_NGAP_AssistanceDataForPaging.h
1b8c3ef5944bb25e7cff9f8b84df62e563745b077d6e55cf51ccdc099396fe04  src/asn/ngap/ASN_NGAP_AssistanceDataForRecommendedCells.c
6fbf5e829599ce4bb22fcece3aefe32a7ee94c6b4c473096c7bfc286ea0006e6  src/asn/ngap/ASN_NGAP_AssistanceDataForRecommendedCells.h
bebfa6fee0d729df0971520b11945660c9ae26ad79e3a4346381cbe28803636d  src/asn/ngap/ASN_NGAP_AssociatedMBSQosFlowSetupRequestItem.c
364dab276e6f46839d0575ebb4018ca70dcce147ea53405a57dae490609adea9  src/asn/ngap/ASN_NGAP_AssociatedMBSQosFlowSetupRequestItem.h
fa019b0083afbfef9d5ec7861747d4161a075548017ecf62bae58fa66a110b57  src/asn/ngap/ASN_NGAP_AssociatedMBSQosFlowSetupRequestList.c
6a915f3af84924006477b0dffb6f9186a62a10ca3b6ddd9b183c7e4fbc411d9b  src/asn/ngap/ASN_NGAP_AssociatedMBSQosFlowSetupRequestList.h
542564a8dc51c1d36f3dd3362ab8077c17ec03f80b33555865e826449b49d918  src/asn/ngap/ASN_NGAP_AssociatedMBSQosFlowSetuporModifyRequestItem.c
877dfdc84444d4c10b66042b23d81fb4cffb99330b0c66e1144d0a0c04dedd56  src/asn/ngap/ASN_NGAP_AssociatedMBSQosFlowSetuporModifyRequestItem.h
4ee8c7f028711c43145c78f7142097b040eabcab1271a29502dcaa21f8fc25b9  src/asn/ngap/ASN_NGAP_AssociatedMBSQosFlowSetuporModifyRequestList.c
68b01f233e20fb63b38db414b9a434eb4bca2881c03f6ac6bfd42efeb9afa24e  src/asn/ngap/ASN_NGAP_AssociatedMBSQosFlowSetuporModifyRequestList.h
0f3c6789bdbc6463ff28dca565c01b1f6d7d613ca9131c1adcb3dfce8187f318  src/asn/ngap/ASN_NGAP_AssociatedQosFlowItem.c
1f45d9571af4c7f614068eba0467720c24c726e080d51eec2e917572be1192ae  src/asn/ngap/ASN_NGAP_AssociatedQosFlowItem.h
06112e08b3be28b7013839271616ed4a44dc1849cf9681cfaf4aee37ef065799  src/asn/ngap/ASN_NGAP_AssociatedQosFlowList.c
409355490d3cfcb085fe0bbb53b3944642bd4c558ee84ad81464065876a3f801  src/asn/ngap/ASN_NGAP_AssociatedQosFlowList.h
7638dd68f9e83663d87c66839e2172aa1187c36560e0b66370125087334c64a9  src/asn/ngap/ASN_NGAP_AuthenticatedIndication.c
f265ee1d3c87ee586edd943ff3c4251ceca0ec56215b1e692c0656a2f114ae9e  src/asn/ngap/ASN_NGAP_AuthenticatedIndication.h
2f113ec08a3887d6ff94ea33bca6d55779adfe36fac48b263fb20f48da176b90  src/asn/ngap/ASN_NGAP_AvailableRANVisibleQoEMetrics.c
c279c60dcb126076caa2979ecad7b9a7db5e9f4258057b3ee59b5a4bce2ee8e6  src/asn/ngap/ASN_NGAP_AvailableRANVisibleQoEMetrics.h
57c050a69ff82ef36fe1b35aa16f3127126b9db4f352b7b0caefd1b6b46a4d9c  src/asn/ngap/ASN_NGAP_AveragingWindow.c
716926892003eb9037a6da222ec797cd05ea167d830290214e8075825573a816  src/asn/ngap/ASN_NGAP_AveragingWindow.h
d92b621b5e405dc537cb9a86512adf7d85c8a2dd71dcb0b0b6e792a1b06ccd70  src/asn/ngap/ASN_NGAP_BeamMeasurementsReportConfiguration.c
146159f5d0fa8b32bd4d57d948e7bcf5b9f5417045e94eb61bd04f4906a9674f  src/asn/ngap/ASN_NGAP_BeamMeasurementsReportConfiguration.h
05e934dcceb5884dd8494797b02ef18d2fe089cf514ead2eb4416ea2fde16f2a  src/asn/ngap/ASN_NGAP_BeamMeasurementsReportQuantity.c
55b8336e3f1f986741033004b18aa5535a755673da2a3b3ce365a7f321d06c93  src/asn/ngap/ASN_NGAP_BeamMeasurementsReportQuantity.h
8f0e333ea1c90f9e6a1a504babab2c5fe83163d8df10fd8319ed503403def567  src/asn/ngap/ASN_NGAP_BitRate.c
a4dff7927631d8e39b00b5a690263df61838f65ce6cb60b3d9b0f7bdaf0bcbd8  src/asn/ngap/ASN_NGAP_BitRate.h
fa3806646dd118598a2a298ea8905579746cce1f2bb5837f0f75dbbb6c71ad54  src/asn/ngap/ASN_NGAP_BluetoothMeasConfig.c
23c0c383c433c3d9ccff2247abf5c7968b6bbbd3944990d32dacb737ae6929f3  src/asn/ngap/ASN_NGAP_BluetoothMeasConfig.h
2a6a0a1f102ab3dfaa85e351aed58c7db578d6ec003d1a2e181e73ad0a3a08d4  src/asn/ngap/ASN_NGAP_BluetoothMeasConfigNameItem.c
67db1c0f076b378a4165f9d1866c23edb175f34f65a916fb20a5b2dad3419196  src/asn/ngap/ASN_NGAP_BluetoothMeasConfigNameItem.h
129955d453622ee0c105727e26ac4cee73782874d9ccf6c68c9e2b0cdc70c6af  src/asn/ngap/ASN_NGAP_BluetoothMeasConfigNameList.c
d6d6fbbf268bfa66dafb7cf6b1a7d9523de47ed6a58220dd2c8636c8eab76d39  src/asn/ngap/ASN_NGAP_BluetoothMeasConfigNameList.h
7d025dc897aa20095e2a16b58619dcf8e1f28213407e083cb09eb7af435a2afe  src/asn/ngap/ASN_NGAP_BluetoothMeasurementConfiguration.c
a383ebd48fa8df698a3c7debddedf961966cedf09165528fc89ed3cb428a20eb  src/asn/ngap/ASN_NGAP_BluetoothMeasurementConfiguration.h
2e779747bdf6784b636cedcf4dd949b6c718a95acee238740c9860a7972c6c14  src/asn/ngap/ASN_NGAP_BluetoothName.c
38519c3026366899568a41503bccbd4dfa85c328e2a9cff8726eac3587ca6be5  src/asn/ngap/ASN_NGAP_BluetoothName.h
15028fc544a35314b7750ea7c12e4bd4cac317135eb36645bb842cab25d596cf  src/asn/ngap/ASN_NGAP_BroadcastCancelledAreaList.c
7b8413bc93e4a4e10023c4fc0824ec0b57e6e3e0413f5433ca2fc44e5d782c06  src/asn/ngap/ASN_NGAP_BroadcastCancelledAreaList.h
65164def705a0b304ce138021ea2f6c8d94f15e40786290e8a551895636d0142  src/asn/ngap/ASN_NGAP_BroadcastCompletedAreaList.c
7f7bf6fbf25638e28636215d995c23c164166257b4600cbe87d634028b5ac24c  src/asn/ngap/ASN_NGAP_BroadcastCompletedAreaList.h
6f78855a2bfe9833ab80d5fcc90079b49f8056cf82192097e742680acdfd5745  src/asn/ngap/ASN_NGAP_BroadcastPLMNItem.c
7f7b0337875edc4c5df72318ac89020c1764d87d7a76715c1bedfb474577deef  src/asn/ngap/ASN_NGAP_BroadcastPLMNItem.h
fc12db9054b854466fa9b17c2c2362dd257fe45650deba3ad95d9ceaade15f85  src/asn/ngap/ASN_NGAP_BroadcastPLMNList.c
82de0fed301e3086daece4c9856930dca8aad8b16cb6a9d864d223a88cca21dd  src/asn/ngap/ASN_NGAP_BroadcastPLMNList.h
0d88f1c9550fb4c3d809c9074b32cfb08b5fda28d0fe05080f027f4d1a7b9690  src/asn/ngap/ASN_NGAP_BroadcastSessionModificationFailure.c
1b253d6c09178d7556aff8f9171e335a6e838476db61d3878ba952e98c3f123a  src/asn/ngap/ASN_NGAP_BroadcastSessionModificationFailure.h
8f9eccfbc59e859d8137d903e622516f5a259ed1c5a833c0de2cbd3f68f13aa4  src/asn/ngap/ASN_NGAP_BroadcastSessionModificationRequest.c
5dc66d11ebaa3d9464f5539b7ed47fa97bcdd23e3fe95de494708e7a7c9bf3ab  src/asn/ngap/ASN_NGAP_BroadcastSessionModificationRequest.h
e0ae0f76b205afb5542bf10ef24665070465646a3fbbfa2de51e75a18a76e8c9  src/asn/ngap/ASN_NGAP_BroadcastSessionModificationResponse.c
80d7d5ff156d1b883de4ff0de6172bb0a26116e663ecd7db6599117f22b135e5  src/asn/ngap/ASN_NGAP_BroadcastSessionModificationResponse.h
efb758dcdc11c476355c2c8b7d9c6ccef0dca8359cefc44fad8f69f354cb08c8  src/asn/ngap/ASN_NGAP_BroadcastSessionReleaseRequest.c
4ac04047eaf08adbf807a3221307fabaa30a527294bbd1352c481042db233643  src/asn/ngap/ASN_NGAP_BroadcastSessionReleaseRequest.h
fe1e961c8b6ab558de451959c1718815eece8ae2aac69f368d42d912ca9b9942  src/asn/ngap/ASN_NGAP_BroadcastSessionReleaseRequired.c
6177734e365c0ed84e8260d98d2b4e4a273c9f458d5358972753f190882c8427  src/asn/ngap/ASN_NGAP_BroadcastSessionReleaseRequired.h
906a10d8503bbfb21d1c332057cb1803517288a50a64e14eb001096389a57751  src/asn/ngap/ASN_NGAP_BroadcastSessionReleaseResponse.c
ec6aa9fe7b0388ec365ff37d744a54e0b77ed083bba2f94b76b0a3e96dc1586b  src/asn/ngap/ASN_NGAP_BroadcastSessionReleaseResponse.h
7364b01c81cf8601ed9a95a1cdd81267209619719880c76669a3cc384177476a  src/asn/ngap/ASN_NGAP_BroadcastSessionSetupFailure.c
a721264b1928eeb0eedded2d110e976f8e811c732cebdf4302b9bdf25a695875  src/asn/ngap/ASN_NGAP_BroadcastSessionSetupFailure.h
f8c6e545bd4d9c18bd8926788ea783273f365759f8b608ef5b96c9b8f4bdb390  src/asn/ngap/ASN_NGAP_BroadcastSessionSetupRequest.c
6bd5dadcdce4642d246fadc6a41c4c1fd057cade6b840a8c0c85baf853ea2418  src/asn/ngap/ASN_NGAP_BroadcastSessionSetupRequest.h
31c37569728d93b81b8b208b43b12b23067887512e58ae22f4e239c27ff1c2b3  src/asn/ngap/ASN_NGAP_BroadcastSessionSetupResponse.c
d89911b7a67b17ffcb470aea208b0f76baea2cb7c03c074de09a13e61938ba60  src/asn/ngap/ASN_NGAP_BroadcastSessionSetupResponse.h
4343357c36b9013f6db64f49f9355dc592e3b19443c54dd64ebb3ffb1bc32fb2  src/asn/ngap/ASN_NGAP_BurstArrivalTime.c
b42db5e8181979355b93c9956e98bf48fd3fd69ef59ca6ed3e2cc416b9e96f90  src/asn/ngap/ASN_NGAP_BurstArrivalTime.h
d08bf3d574e729ce09c0c4d1c3bc0a743096581c7cde8798c3067c545619f4ba  src/asn/ngap/ASN_NGAP_CAG-ID.c
659f547aec61d3112d14858008cc79a0d4639e2f1b4d6b6b752d60e82b7c0471  src/asn/ngap/ASN_NGAP_CAG-ID.h
cddb8ea5272577b6203fca6a07ec7d061038cfa5552f7f73b4f6b1ba0c4b7cfd  src/asn/ngap/ASN_NGAP_CEmodeBSupport-Indicator.c
b026e57fdb1f1a75aeced86bffc82491064938a512d3b08b136e6fd0372195b5  src/asn/ngap/ASN_NGAP_CEmodeBSupport-Indicator.h
4b0dc60855fab95f6e4670d5d44afaf2ddf48ce3f323b55bcca940e3e1e59396  src/asn/ngap/ASN_NGAP_CEmodeBrestricted.c
641da16a9db776a63d05f783867606b5b1f0fc6d3ad09412129cee9765ba1b7a  src/asn/ngap/ASN_NGAP_CEmodeBrestricted.h
abe8560ea8c17d368fe74684a8daca35ef138ce59fe4d49b7b8bcdd6b0e7ccc2  src/asn/ngap/ASN_NGAP_CNAssistedRANTuning.c
cede045bac898d2c5db7dcab6dad9749c0baca0f947d8964ae21f13deeefbcca  src/asn/ngap/ASN_NGAP_CNAssistedRANTuning.h
20f3d16477435c6b4a9cb0254840e4d9b0aa5c72cf1f59f7cb2a16f6817083a2  src/asn/ngap/ASN_NGAP_CNTypeRestrictionsForEquivalent.c
ea751f2c2f6da582adce762eef37b6e44521e9452163d32c33e324b0f112a5ae  src/asn/ngap/ASN_NGAP_CNTypeRestrictionsForEquivalent.h
cdcc6fffd05a519a5298a473745e21cb30635c98dd40239375c25d07b10138ac  src/asn/ngap/ASN_NGAP_CNTypeRestrictionsForEquivalentItem.c
4ef210c26c691e7bdb2ebb32c16e185b4e09798c9f2905cef676ed6b9ee42a3a  src/asn/ngap/ASN_NGAP_CNTypeRestrictionsForEquivalentItem.h
86dc18e833fa27d0dec17d9fe8928eee88ff58a1b4de2adbdd1595885195b187  src/asn/ngap/ASN_NGAP_CNTypeRestrictionsForServing.c
4589569e9ffd74f63889cfd952ca8aa4179b17ccb2bb4a09cc8183cdfde89f19  src/asn/ngap/ASN_NGAP_CNTypeRestrictionsForServing.h
5ce98ddd2e17aab8fd40f4d4fae7e9be79e88d1dcaddf1710147f199df1c53d8  src/asn/ngap/ASN_NGAP_CNsubgroupID.c
48da71e7da7ae46b3ec1bce38b05e8f9eccf6c21308cd7c0438523a1688dd55e  src/asn/ngap/ASN_NGAP_CNsubgroupID.h
14fe038e935c81589878634c3e908b9898b4be4afe7fcf28100795a40662088d  src/asn/ngap/ASN_NGAP_COUNTValueForPDCP-SN12.c
8b52c09be6b119747243e33cc0bdd3fa9cf9f03efc60c3af23a1bbe7dd070754  src/asn/ngap/ASN_NGAP_COUNTValueForPDCP-SN12.h
5fcd663f2f613bf4c61b53c778b888f2b1effcab21ee82e724ec216d3f42b83e  src/asn/ngap/ASN_NGAP_COUNTValueForPDCP-SN18.c
2db54f940591048ce15cfc93b004252ae03a580c47765509936da87035828853  src/asn/ngap/ASN_NGAP_COUNTValueForPDCP-SN18.h
8c156ad3249b36f0a4811f9945aeb6a9bf65f3dfbed65ce6cd165f6d64356f61  src/asn/ngap/ASN_NGAP_CPTransportLayerInformation.c
edb5b495baec57886537f6aa0291c23f9b2396fd7ce205ca2b12ea7124f2b435  src/asn/ngap/ASN_NGAP_CPTransportLayerInformation.h
5a0b9f67af0ad73066a22eb1db8f24f49e45ece1bd7263a1f45a634d6f80f9d1  src/asn/ngap/ASN_NGAP_CancelAllWarningMessages.c
fc9502e7b8c65e28a095e878999af1e07f59c6f01cf72492f3763eb7057ec3f2  src/asn/ngap/ASN_NGAP_CancelAllWarningMessages.h
e4a863adf91b2735c0f8883f8e3c8c55f22cc2199ed088b0908a4f30e37b7138  src/asn/ngap/ASN_NGAP_CancelledCellsInEAI-EUTRA-Item.c
51cb4c5661547d18d8dd02ec5404fc29bcce5e23bed3b9b8d5223da06f92623d  src/asn/ngap/ASN_NGAP_CancelledCellsInEAI-EUTRA-Item.h
69c90667fbe3aeb83ab92ee1266020665ee2df73f806fd238344e8979c228f12  src/asn/ngap/ASN_NGAP_CancelledCellsInEAI-EUTRA.c
8ae6dd05f1cd4b7839cc6cafb9e331f4c8ba3a82afe4c6166fd6ba66cc93614e  src/asn/ngap/ASN_NGAP_CancelledCellsInEAI-EUTRA.h
9dadf0a54bf7fdd4dffd3dbac9b4a8b050775011f4a16fe996b25084b91f9afe  src/asn/ngap/ASN_NGAP_CancelledCellsInEAI-NR-Item.c
a380804949db4bacb198c68258ccda4481ae07b1fca47ab2b2ddabb8a9df45b0  src/asn/ngap/ASN_NGAP_CancelledCellsInEAI-NR-Item.h
ba4ba59b030881ce74c5c04f59e4a61ad573585d00d97d9af784e82d95eb2d67  src/asn/ngap/ASN_NGAP_CancelledCellsInEAI-NR.c
fdcd4c34fc6a5e11d27c9c717d4d6f1ba2b61e2f9aea5203d1af3229e5eb7364  src/asn/ngap/ASN_NGAP_CancelledCellsInEAI-NR.h
ee6e26fdbdb25ffab4dc7efef1addb52c9ddec220482a0b5d286357066bd17a5  src/asn/ngap/ASN_NGAP_CancelledCellsInTAI-EUTRA-Item.c
3dceb1667af24f0080ce576b18581278f43c96e6866ade8255074eee600d9987  src/asn/ngap/ASN_NGAP_CancelledCellsInTAI-EUTRA-Item.h
8b47203d026b6a2581eb338c732f810c6e7fce242b67ea44fb50058ec4222617  src/asn/ngap/ASN_NGAP_CancelledCellsInTAI-EUTRA.c
160ce79f43cdb57552f41a0cc36071e6c314c70fbf8cce1494fdc7544f87b827  src/asn/ngap/ASN_NGAP_CancelledCellsInTAI-EUTRA.h
9e7c9045af2f37c9bcda95f8229a4b655b422d38e20a625bddbe949e5e33c0bd  src/asn/ngap/ASN_NGAP_CancelledCellsInTAI-NR-Item.c
a2a5d8b1c48b335a053a675890c9c72efeb2ed452f1a6d54c98a75496ad671d7  src/asn/ngap/ASN_NGAP_CancelledCellsInTAI-NR-Item.h
4b7092f3c013d6ef9059d238a78c6a57bcc86c91a2c8c9e63450b33e11ab7704  src/asn/ngap/ASN_NGAP_CancelledCellsInTAI-NR.c
a94234e6e60e70c7074c9249dd7f7ce1eb3e9201e2aec968b51cd5864b0a0b35  src/asn/ngap/ASN_NGAP_CancelledCellsInTAI-NR.h
72f8fe1e4add1e9b749fa7dfa8ec3c560a0c4c19020de6af203141259d61f32d  src/asn/ngap/ASN_NGAP_CandidateCell.c
10b0da2854265745fdaf90b4795695d5941a8a89aeaaba89e17604db33d7c1e3  src/asn/ngap/ASN_NGAP_CandidateCell.h
b12557693b3f920a4d6a72857fa35146403b5767afc527329d8f137d9d7966a0  src/asn/ngap/ASN_NGAP_CandidateCellID.c
05894d613c544d267a2594e879b3ba7cec30a3287ab653a15fc512cdd70dd16e  src/asn/ngap/ASN_NGAP_CandidateCellID.h
4881754b118d75e0bb7fb30b28012139163b27aa6c719cbd013524b4ce7db27c  src/asn/ngap/ASN_NGAP_CandidateCellItem.c
7ed4ff41caa086b47e32a52699c8c6baf52d698cca00db4d5825a0e6ba855508  src/asn/ngap/ASN_NGAP_CandidateCellItem.h
4b6e69971002225f232849add16dfe01ad4547d9d8f5d965c3a09877077a1baa  src/asn/ngap/ASN_NGAP_CandidateCellList.c
0e10b682c0380340f199af38d860126dd3d95f0183bed655d3bb2378d27a32ba  src/asn/ngap/ASN_NGAP_CandidateCellList.h
1eb2d1f3c8f83ac820143ceb44531e01d66bac03364413ff0539a0114f23c391  src/asn/ngap/ASN_NGAP_CandidatePCI.c
a203de8c5c83c6563f7b2ed0a3572040975a03225fc7445b30f68364d4eb90ee  src/asn/ngap/ASN_NGAP_CandidatePCI.h
7705d69866380319e6ab39dd73ba3bec32abb1c062cd5a3e36af36c394227efc  src/asn/ngap/ASN_NGAP_Cause.c
c2567a10f6749b8440628b4da26be6e627e7265e48e9f2e3080074b3f8192329  src/asn/ngap/ASN_NGAP_Cause.h
b704ec14e72ff5ec73bf794fb389b687fae0ffcf488498b389b59c15a4c8c610  src/asn/ngap/ASN_NGAP_CauseMisc.c
1e2dfef9619739e6f51150ab2c232950e57613aba7ff46ecc888a7fa82705465  src/asn/ngap/ASN_NGAP_CauseMisc.h
6496ae7d0f1007e7baf6003bd9a04fa5b0238b8581309c749c372f918ca5447c  src/asn/ngap/ASN_NGAP_CauseNas.c
6b393fd8854c192cccb9f14197cb57f37ab4e21730b4df2d64c1a2dac117285a  src/asn/ngap/ASN_NGAP_CauseNas.h
790025b8d157e7c3bb577ea94fcb72823c98ccdf98e5b38f2f1a3901d55d18df  src/asn/ngap/ASN_NGAP_CauseProtocol.c
2b77f415919c5b91ddaa4522a485b06adac91b7ac1267be1cca5401e03faf63b  src/asn/ngap/ASN_NGAP_CauseProtocol.h
d4d816878bb92881e78a65f7b29a244b1dad99cd5f1cc19fed01659ceed9e1ad  src/asn/ngap/ASN_NGAP_CauseRadioNetwork.c
8bb2e67cb0858f33e3ef35e98c365a02a118f52cc7c029efe4d15e58e6cdf958  src/asn/ngap/ASN_NGAP_CauseRadioNetwork.h
481af6b9cb3559c5d3d1da038ebc2b7641019601551fbbe1b7a8eedf18063bca  src/asn/ngap/ASN_NGAP_CauseTransport.c
03e6b50928990fa8c5a4221e194283379da14c1233318a6b39813d19da8ccd24  src/asn/ngap/ASN_NGAP_CauseTransport.h
b9a29bedb33d1275bd1588c44f34ee79ed081a22fc294bd36a9e3509f34800f0  src/asn/ngap/ASN_NGAP_Cell-CAGInformation.c
bffd63f0610de06a244231e5bcf36af4b11ac4cf8daf68103f59148549208c6a  src/asn/ngap/ASN_NGAP_Cell-CAGInformation.h
a0f33db87fed2798aeb85e8f4ef5e1908c9238aa37284dbe59cdc3bb7b56aea5  src/asn/ngap/ASN_NGAP_CellBasedMDT-EUTRA.c
ae3e6a84bcd13a9150d0d148083096c7d8845d04f3d7a9cfa00ca8789636e1ac  src/asn/ngap/ASN_NGAP_CellBasedMDT-EUTRA.h
7737e18a301a9f3e4bc54c9bdb1139253675be51098b480e05afb547cee24002  src/asn/ngap/ASN_NGAP_CellBasedMDT-NR.c
dab45d4bc9fb57e05de8b46e09f23f8c57280e0f4b6921a7b6a67129f7dcc892  src/asn/ngap/ASN_NGAP_CellBasedMDT-NR.h
1917c662591c4c96de45c80ad2cacf3557100dc03ae3de8cd38e82c7714e3981  src/asn/ngap/ASN_NGAP_CellBasedQMC.c
57555218fee7c18623f91b8bcf239f96901deb1004b0c58f2d709679a409802b  src/asn/ngap/ASN_NGAP_CellBasedQMC.h
7518cd6eb088c7ece7c25eeb6dd5cca83c3a0f816e95e4889c042e5f0998815b  src/asn/ngap/ASN_NGAP_CellCAGList.c
156712c17231bb1860d0ba7991d03ffe8da3a92f90847d3e20efaa922ecad48a  src/asn/ngap/ASN_NGAP_CellCAGList.h
3d5b708f93819f8cf2d879cc10ae19bcab0e2768eb83c9285a3f3fecaa44dc73  src/asn/ngap/ASN_NGAP_CellIDBroadcastEUTRA-Item.c
57f044730204533540cad91f2f1e8597886216398bf63997dc049a652fff285d  src/asn/ngap/ASN_NGAP_CellIDBroadcastEUTRA-Item.h
7221a5a130f331eee92cd0332c8a1a0c30e1eb6607e2cfac605e05a95c82dd2f  src/asn/ngap/ASN_NGAP_CellIDBroadcastEUTRA.c
2380f12ec31a68a8602beed25da635f3456973cf46d5c6491b4602ef746d2fee  src/asn/ngap/ASN_NGAP_CellIDBroadcastEUTRA.h
b0812858e17e46d128f2976b943a1ddf450fd6e848f79167f0e5aaeb40cc6d24  src/asn/ngap/ASN_NGAP_CellIDBroadcastNR-Item.c
e5a5a6c26ae9681bbf97ef05520598e4968efd437cbb407a4d51fe51560ad61e  src/asn/ngap/ASN_NGAP_CellIDBroadcastNR-Item.h
4a55fa157ba7cf545b63159aa85db48a3de772c0e6b1e7ff528ed5ad3e673a8c  src/asn/ngap/ASN_NGAP_CellIDBroadcastNR.c
e84283602f2f4084b2498b160618fd638fa88e79a5df5190bd2235d6be6cad67  src/asn/ngap/ASN_NGAP_CellIDBroadcastNR.h
603a029273bd1e92da60cb5802223dfc1be7c16ec3cfdd49e18c877d9dd752eb  src/asn/ngap/ASN_NGAP_CellIDCancelledEUTRA-Item.c
d6b3fb849bffed83cc146d78f8e9ed2bd10a3944bdd74e4792b0e41082fedd30  src/asn/ngap/ASN_NGAP_CellIDCancelledEUTRA-Item.h
c166e47b25a032e449cb70808d962f9a2f4dc60499b6e7de195b8151db3a9c99  src/asn/ngap/ASN_NGAP_CellIDCancelledEUTRA.c
20b269855f2479818c66d58d925f54d723757a7953cb19d90b87e1051964ad0e  src/asn/ngap/ASN_NGAP_CellIDCancelledEUTRA.h
6e7a0a3f1cd586856bafe2d6e66119f3c43235952f075b2da5f72d108e0b9599  src/asn/ngap/ASN_NGAP_CellIDCancelledNR-Item.c
639ced4e3873bd89c343af4993b1fadbda949d3c158ede41ff3e4f324cd7d2f4  src/asn/ngap/ASN_NGAP_CellIDCancelledNR-Item.h
79530204b3a030619c2c1ada97bb506b6bdbfe7b3f99dc48c02aa2524f097960  src/asn/ngap/ASN_NGAP_CellIDCancelledNR.c
bfb1823a91cd441fc1a2ba695c58578fccac6fde0fa4da55e7d4b543ebd06e4b  src/asn/ngap/ASN_NGAP_CellIDCancelledNR.h
1706db4e0fdea11bfca6fd480eeed4f4db1887f9f14c381fd2b462de362f1938  src/asn/ngap/ASN_NGAP_CellIDListForRestart.c
6808440c6dece2db5af204aa37b6188a384a11bd24641317551e7df46c480264  src/asn/ngap/ASN_NGAP_CellIDListForRestart.h
be0d31ad320c6617e1599209bb379c0eb26e0d0348942b323127ac5004a780ec  src/asn/ngap/ASN_NGAP_CellIdListforMDT-EUTRA.c
2491db8f7ceaf9d30b00e66a87fb56c6e74e22dab46898cba7721e4457c1e966  src/asn/ngap/ASN_NGAP_CellIdListforMDT-EUTRA.h
20f2dcb6089e75b582ffa16d5ea29a64652044ac37bd1e909471bd89a90202bf  src/asn/ngap/ASN_NGAP_CellIdListforMDT-NR.c
483e26af5b043cedcb3a417ae9c630b39c902a12e4fa2d958fa564e36cde7cab  src/asn/ngap/ASN_NGAP_CellIdListforMDT-NR.h
b9a62399845535b02c4dac2650964dc598cf9bfd4022fe16049ae744f0e3eac8  src/asn/ngap/ASN_NGAP_CellIdListforQMC.c
a71a7412acbedf3bba41f0862c0735c7244c2b5de6f59043838eaf5281b6ff1b  src/asn/ngap/ASN_NGAP_CellIdListforQMC.h
9d870f2bba07765e7a27e63a3e153668d715c6a5c41a06583c5f4a971300261a  src/asn/ngap/ASN_NGAP_CellSize.c
9a0c17f89e0b6812c63c8ddb92c6b42f94009f4f43e088ec2099514647488dfb  src/asn/ngap/ASN_NGAP_CellSize.h
321d2b38f6cf1e35b59efd95849f7f68eb3d9dfcc47b898b0a287b7e58ccb371  src/asn/ngap/ASN_NGAP_CellTrafficTrace.c
33569c8dd74a01529a866c18f6520b5aa4e62d8d1cd32a06a02b7f39a1a6e034  src/asn/ngap/ASN_NGAP_CellTrafficTrace.h
974d212c8e9003e6d438fd7d7760827e1671bedc0e16131a4f4c89f26707f742  src/asn/ngap/ASN_NGAP_CellType.c
1e07aac0e629b5295a57e2633a05cfffa477984f889f98875fee9edb3380745a  src/asn/ngap/ASN_NGAP_CellType.h
31ca8645daf4dbb6ffe849628b4c09271e10f279d175df594b006e0e13617b2e  src/asn/ngap/ASN_NGAP_CellsToActivateList.c
8b64d36d7fbd3ad9998c66767bce1fc5cc377b1f3dc87b792e245dc97a9c89d9  src/asn/ngap/ASN_NGAP_CellsToActivateList.h
7fe043afff09bebe7a7880123fc80233710896bdbc6e17748ff447c8c912b381  src/asn/ngap/ASN_NGAP_CommonNetworkInstance.c
e385f139706304748c8b6e8bafed4e1c2319270f976b47170900c98b9f37ac27  src/asn/ngap/ASN_NGAP_CommonNetworkInstance.h
5915287d6ce234e60038247ed5cea88742ca1f105af11e113b2dc97f5db22766  src/asn/ngap/ASN_NGAP_CompletedCellsInEAI-EUTRA-Item.c
fc60138459328763640edf65085ccdcb71804cb44caef0927b3792e12cb16618  src/asn/ngap/ASN_NGAP_CompletedCellsInEAI-EUTRA-Item.h
9d4c0e2fe4e7e1b78b1147772f87d84561ff779204a877846031ecbdf2d87694  src/asn/ngap/ASN_NGAP_CompletedCellsInEAI-EUTRA.c
99131530c899b8d188fb3a622f17f25c1433b35b74d16b3f150442ac4f7567be  src/asn/ngap/ASN_NGAP_CompletedCellsInEAI-EUTRA.h
65329198f5d0d97f20353bc61965ac2517c2641cf364b68f4c59e365f61b09a5  src/asn/ngap/ASN_NGAP_CompletedCellsInEAI-NR-Item.c
72066faca94996bce24ea48879c4ffcc4acf6dd3327d0112c5aaa578297ff175  src/asn/ngap/ASN_NGAP_CompletedCellsInEAI-NR-Item.h
ddb9c96361d910ae448f6f9bee55abc805269856b9b8430908e135f6aeb133bb  src/asn/ngap/ASN_NGAP_CompletedCellsInEAI-NR.c
02f972108c9583822f81938f14fb454a88b4c371fbcfb7104b181f90f0f13548  src/asn/ngap/ASN_NGAP_CompletedCellsInEAI-NR.h
350c7373390ed23f810e8f00b1a53b099ea21125f10f6bfbf10eda3f1c266ed8  src/asn/ngap/ASN_NGAP_CompletedCellsInTAI-EUTRA-Item.c
5a3b0a3bd8684c89c198bc9bb5f060cf7916007a9673502454009c327ffef72c  src/asn/ngap/ASN_NGAP_CompletedCellsInTAI-EUTRA-Item.h
8878a81126a545b384c180d2fe96df0d06d8b7e3ad8b52186ac2e86692873fcd  src/asn/ngap/ASN_NGAP_CompletedCellsInTAI-EUTRA.c
42e8a56da4b65438d9cf2e10585e3286e71fcd57d547ae23c8f724ed5f90c16f  src/asn/ngap/ASN_NGAP_CompletedCellsInTAI-EUTRA.h
bd4fd9625baacd5fd650fa7dc31f1508e1998721600414db8b5f6c38af87a643  src/asn/ngap/ASN_NGAP_CompletedCellsInTAI-NR-Item.c
afb2d0d06ab98d2ecd0a46122b70454c1e881bc7a7f1cd8704f903243519daec  src/asn/ngap/ASN_NGAP_CompletedCellsInTAI-NR-Item.h
c6a9b7e865ca06f7c5b9e55feadca3cb22ab4396a5296066c8979720a15bd113  src/asn/ngap/ASN_NGAP_CompletedCellsInTAI-NR.c
72d06c890c13b90b6fbcf05fb5242df9f7097cee3ef43c9ff07a927de3cb67c1  src/asn/ngap/ASN_NGAP_CompletedCellsInTAI-NR.h
22f5b71ad254c17c53deb1978c316a79140b46e50c35e00f609e9b794bd2406e  src/asn/ngap/ASN_NGAP_CompositeAvailableCapacity.c
222fd76215fe9c759d2af899173cb8b84d034e8eb1806264d7a1f5e36fb4188f  src/asn/ngap/ASN_NGAP_CompositeAvailableCapacity.h
aac9e6d76b300faea41e3b3fc86f74e32988b1553f97243be5253cdee797b3f6  src/asn/ngap/ASN_NGAP_ConcurrentWarningMessageInd.c
727054b326bbb84c2cd728253490b71225418199ac14a90c50c002c1ed531762  src/asn/ngap/ASN_NGAP_ConcurrentWarningMessageInd.h
e6b9c3546b749564d0dc779648e45424894a1e062c3fbb7db09f750ad52a7615  src/asn/ngap/ASN_NGAP_ConfidentialityProtectionIndication.c
3407cc8ab79815d3dd85a956ed815c6b576ff4eecb1b83245b6ce480e124c08d  src/asn/ngap/ASN_NGAP_ConfidentialityProtectionIndication.h
2a824437b5d4975fedf909319ff465245b4f5be8b0cea3f8f215ddd30180e429  src/asn/ngap/ASN_NGAP_ConfidentialityProtectionResult.c
cf29737026370e9b6f997f9cc9b22e5db03f0e76a48f3a8a7c870c1eb5104903  src/asn/ngap/ASN_NGAP_ConfidentialityProtectionResult.h
215365abd6cce3152b06e3d7f5b183f1a4796bbc18ac24b1c807eacf09613393  src/asn/ngap/ASN_NGAP_ConfiguredNSSAI.c
98ab5ec6e8580c1f8ab2f8148a92b9f922563021475f5a6fca6bfa84e86535eb  src/asn/ngap/ASN_NGAP_ConfiguredNSSAI.h
4ec78396a768bf688be4fdf2df365e57071a11e2d9d60dc90f2ca8811a4fbe44  src/asn/ngap/ASN_NGAP_ConfiguredTACIndication.c
f04aa097d2fe814db7e0b57165eb62124f46fe293d089e815e87488c1404f5ed  src/asn/ngap/ASN_NGAP_ConfiguredTACIndication.h
63a38d4be14debb6205a4a75b09d2f4f69bbc52afad2e82db994f0e8f348a4b9  src/asn/ngap/ASN_NGAP_ConnectionEstablishmentIndication.c
42a02ea7966f7717f61b62192ca4652a069f5d1f1e59fbfaade4a25d5b53fbb6  src/asn/ngap/ASN_NGAP_ConnectionEstablishmentIndication.h
98d5e6ad513334e5e9b4389cb3d2c37f1eeda54f59e56e1b96a717f3d10e8a7a  src/asn/ngap/ASN_NGAP_CoreNetworkAssistanceInformationForInactive.c
2e6ce5ab7604afa4dedaa0a4939045b3a96dbe79b690b6ae61d2eedfd3bdd53d  src/asn/ngap/ASN_NGAP_CoreNetworkAssistanceInformationForInactive.h
46897de68f7dd44a36355dfa71896ed7596243ad05cd70f550dfa886b90d169c  src/asn/ngap/ASN_NGAP_CoverageEnhancementLevel.c
278204faf25d3c1bcd739b1c2f3d3559b7cf0edbc9fc5616745be3a86e4e5759  src/asn/ngap/ASN_NGAP_CoverageEnhancementLevel.h
d192dd6e65062a73b78fa5eb66c0a92527f2ea2710927b458ac5f61444b02db3  src/asn/ngap/ASN_NGAP_Criticality.c
feed3718b6e4eaaf197fe20f8708f968bd7284ca881d18e1597af2e5902b1114  src/asn/ngap/ASN_NGAP_Criticality.h
ea82ea9f6d4d1baa0fd8164bbb55237ba0529603198855f35a9027a8c1f2a038  src/asn/ngap/ASN_NGAP_CriticalityDiagnostics-IE-Item.c
e19adfbeaf07266908cdcc5028e94433a642127443fd2a5ce3624487202ead64  src/asn/ngap/ASN_NGAP_CriticalityDiagnostics-IE-Item.h
b78dc608846aa0cfd5e126e127aee59eeef65cab05364cac78eb555a96ebe903  src/asn/ngap/ASN_NGAP_CriticalityDiagnostics-IE-List.c
2df90c28e18fa4b0979e3a1bc276b14a2c098b988e839acba79c5a2aad4014f9  src/asn/ngap/ASN_NGAP_CriticalityDiagnostics-IE-List.h
22dda20593482d323b3a2b0d6fb10bdc7dcf8c40e0ac3b8448537bc9ed073a38  src/asn/ngap/ASN_NGAP_CriticalityDiagnostics.c
5b9f6a7efc914ec88bd9a241a46aac51686bc3abf776b4d6353e0b3bd6f0c1b1  src/asn/ngap/ASN_NGAP_CriticalityDiagnostics.h
a8e6ffedc78244d435f688f5334e7053368d56d8857b7f99eec5c721c386e1b4  src/asn/ngap/ASN_NGAP_DAPSRequestInfo.c
5bae5c22b3b991c8a0418217007f3056cbe3dfb1279c2eaf9fd438ea80dea902  src/asn/ngap/ASN_NGAP_DAPSRequestInfo.h
5601db88ae6367c739fe2ae481f3bfd7f1fcface5b5a1eaaa3a0743c52e7878a  src/asn/ngap/ASN_NGAP_DAPSResponseInfo.c
4035cfbda45f30b861d47fb8d7948ae6adb844752552afd4fd4103b61bade841  src/asn/ngap/ASN_NGAP_DAPSResponseInfo.h
e5b5d625bfb6ed9c8e8bbead4f7f943f12e55befbd95562486c2691827b5f8c6  src/asn/ngap/ASN_NGAP_DAPSResponseInfoItem.c
e05e43d2a6da4d8e2916f822ee4c342d7a143dfc8eda81d97cc29def7b2d5493  src/asn/ngap/ASN_NGAP_DAPSResponseInfoItem.h
c2923bdc382cb4655d62873068c3f21b9f107c923fd7c2558f6ee7c6ed344e80  src/asn/ngap/ASN_NGAP_DAPSResponseInfoList.c
e9f4f1cb42c2e616400e3420ec2ceea2fbd51a6a116a67785f2fc7e8c2a4c724  src/asn/ngap/ASN_NGAP_DAPSResponseInfoList.h
e122cb9361e561265164d109e9ddf8712c25efd04ef9b7f0509c5e5362dece88  src/asn/ngap/ASN_NGAP_DL-CP-SecurityInformation.c
8906ab0b5202a7417695aac2424babb19ac616a84e008e9064a64f89d3ac2943  src/asn/ngap/ASN_NGAP_DL-CP-SecurityInformation.h
759037f63768a85393662782b17315ec23ad1ed0fc3cf5f76ebe5c007e286a42  src/asn/ngap/ASN_NGAP_DL-NAS-MAC.c
31a246c462097c4390664545c62d2aef72dbe197c682702c9d691b883f09f1ad  src/asn/ngap/ASN_NGAP_DL-NAS-MAC.h
b71e079657e95374e697730a5fa77774cdd203dddcf7661199002d190eddf987  src/asn/ngap/ASN_NGAP_DL-NGU-TNLInformationReused.c
5b26d83855ef6c9fe52c6ef5cca56581dbfe2428e99ace5b4da24bd871ee5476  src/asn/ngap/ASN_NGAP_DL-NGU-TNLInformationReused.h
12b9163175ad397d7881764ddc15be95f7b700fae684ba5caf00e7b4d814a957  src/asn/ngap/ASN_NGAP_DLForwarding.c
b248a590c8d5f8365f38a2f8b458e4a7affa092bf9d06613158f00c71c7ae0c2  src/asn/ngap/ASN_NGAP_DLForwarding.h
c10044d55f1f4495d9ea953ee3b8b634aa21ae80487f4dbfb5eb380925a10b3a  src/asn/ngap/ASN_NGAP_DRB-ID.c
7986396fbde5856d2f1631dc5a473cf46ad950cd3b821a58f8588d2c2c9cb0b3  src/asn/ngap/ASN_NGAP_DRB-ID.h
94a146de25b5c9c1d6cfa7c2464765975ead821b5b6912a97cb400a7ddff1acc  src/asn/ngap/ASN_NGAP_DRBStatusDL.c
a85eb8a8d8ca4e2fe2e36c8b06d8b7f395be3dfddddf24d43c94d120706e5a0f  src/asn/ngap/ASN_NGAP_DRBStatusDL.h
92e874043c93ce4dca438124763acc36c3849a712e9adbb4134a07f428a48950  src/asn/ngap/ASN_NGAP_DRBStatusDL12.c
b71e747c3a5c02ab972c2fed163bf805764e15330fe6ab0d650eaee18cbf8955  src/asn/ngap/ASN_NGAP_DRBStatusDL12.h
80f88ad2651da11bffe9ee8283d5acd59f86913fb84283212c7c642df00fd2fe  src/asn/ngap/ASN_NGAP_DRBStatusDL18.c
42629811e8b423aba8a8950e8439c142ddbdd3b4e1adb8f0ea5c9a2ba6b70cc6  src/asn/ngap/ASN_NGAP_DRBStatusDL18.h
6b00552d19006d72999c734ad4b8f98d57ecdb5305d86a7c62d2403de7d90161  src/asn/ngap/ASN_NGAP_DRBStatusUL.c
5e0358ed7f17ede36d19446621ed2280ee3fc8d4856dc0d398e16993a0113c1c  src/asn/ngap/ASN_NGAP_DRBStatusUL.h
1240861ba3a3bf8bcd288849cbd549c79112f711d7bdbee6265c97ff5673fd72  src/asn/ngap/ASN_NGAP_DRBStatusUL12.c
ecf9cbfc5dec011da9624a16db18de2382b17d59139019becb6ca9d36164e8dc  src/asn/ngap/ASN_NGAP_DRBStatusUL12.h
715327fc6c55e959277bd8c3d70e88fded39c389b9fbe7261319b21348ecdcb2  src/asn/ngap/ASN_NGAP_DRBStatusUL18.c
9811538b5692ce381db699a2b5e8eb11a2b47417c5d38a63d837230cd67599d2  src/asn/ngap/ASN_NGAP_DRBStatusUL18.h
10c31e238d865f49a78a498022677cdf70e80d4a0a03f21580953390bee88561  src/asn/ngap/ASN_NGAP_DRBsSubjectToEarlyStatusTransfer-Item.c
97b4ad3dcdef39c5341debcba8fd1c0008b58b3755259429c0a3f6c8fbb6b5bc  src/asn/ngap/ASN_NGAP_DRBsSubjectToEarlyStatusTransfer-Item.h
04760600958f140f8beabffe1e352ae5105838642c31a04c16ade3b77b5d1e99  src/asn/ngap/ASN_NGAP_DRBsSubjectToEarlyStatusTransfer-List.c
6b439778289116fb1184820e5f587bb207b8cc20cf4edf0aaa147e8936d9715c  src/asn/ngap/ASN_NGAP_DRBsSubjectToEarlyStatusTransfer-List.h
39d5a805567ace8a9272b9b80ff2d73fecb1e0e2bb43e41f0ef27a42875d53ed  src/asn/ngap/ASN_NGAP_DRBsSubjectToStatusTransferItem.c
8c542d893e957d47ccad76de252ef3a0d7e443ef0b1b63db70b41d80ade26436  src/asn/ngap/ASN_NGAP_DRBsSubjectToStatusTransferItem.h
43296962f6c8054306426a91a6ef1caed2df5de332379ef8582a66208a7a0909  src/asn/ngap/ASN_NGAP_DRBsSubjectToStatusTransferList.c
8e1b495282c67d459f2a3894287fcf10d9b1dadded8cb5c6fe37997bb8bca656  src/asn/ngap/ASN_NGAP_DRBsSubjectToStatusTransferList.h
f7e1f3892f24282ca69e63cc8dff8e3d3d71e7d3a183e0707e73cf5004c3ea14  src/asn/ngap/ASN_NGAP_DRBsToQosFlowsMappingItem.c
617997db904ac926ce9852bcd7c26316a632ba8301ad5fb4d61e733256ad99bf  src/asn/ngap/ASN_NGAP_DRBsToQosFlowsMappingItem.h
22ba6c0b8276520fb8247901b6eae0c2d525a9b99656088d6d55b8211e184bce  src/asn/ngap/ASN_NGAP_DRBsToQosFlowsMappingList.c
afa96ecde52771d29b6c7cd62aa3038000bb04e2cf540057e23259a9f078e4a8  src/asn/ngap/ASN_NGAP_DRBsToQosFlowsMappingList.h
e84be8ecf0d0fb48f8fb8e1721c85f84b6e7ee68d17e91cdb391531032b8eb6d  src/asn/ngap/ASN_NGAP_DataCodingScheme.c
c438e035893ce7d270f2a404267249d70aaa849f20abede62020f883ef2d36f5  src/asn/ngap/ASN_NGAP_DataCodingScheme.h
7ac0f66dc3b5c5aaf8315361131e8719ef12311f3257f0fa917b2fe9c7364d3d  src/asn/ngap/ASN_NGAP_DataForwardingAccepted.c
ba7dc6d112deb9f0c41082018196c1b9e181b434eaa7d1c0afed46e96a633a86  src/asn/ngap/ASN_NGAP_DataForwardingAccepted.h
31752bf782e2ad3e706f8e0a7402c86feaa8cbe2de9940d1a544d8e6f5ae590f  src/asn/ngap/ASN_NGAP_DataForwardingNotPossible.c
eec23758e5026434c2fff70ad3b4a8ee7f2532250bf45111f23f21452f80a34d  src/asn/ngap/ASN_NGAP_DataForwardingNotPossible.h
d484c7a4c744bb279e5d210a2702886df88197b61ebb278cb7bfe2c56f36bcac  src/asn/ngap/ASN_NGAP_DataForwardingResponseDRBItem.c
e2b99d1df9f71e1202be7a12641deaa738a10fc1a6212befaa69ddb929a5614e  src/asn/ngap/ASN_NGAP_DataForwardingResponseDRBItem.h
b185cc4d3a485959b15825d8054922c9dedbe7140729d5bd575095afe4cb2403  src/asn/ngap/ASN_NGAP_DataForwardingResponseDRBList.c
691c897f9e76d4fde377f94d3c862840202d6c339b57393cb7354801b6711196  src/asn/ngap/ASN_NGAP_DataForwardingResponseDRBList.h
0aa2a63807e0f024e934fc1910c90536a089e59b7b4095300dd81b71c36f0c6a  src/asn/ngap/ASN_NGAP_DataForwardingResponseERABList.c
badd6c5ec8f1ec66b1e34ac61e94dc1b63e6c1e8bd9e7e6212b3288b4c24898c  src/asn/ngap/ASN_NGAP_DataForwardingResponseERABList.h
db1a769fa263588e013b64c5bd0a62e0b0abf41484160629ac98a84931663d8f  src/asn/ngap/ASN_NGAP_DataForwardingResponseERABListItem.c
83a685ae24bb4144fb66cbb0384fcb0885c9347efd56cd061c8fda5bdd5f8f29  src/asn/ngap/ASN_NGAP_DataForwardingResponseERABListItem.h
65296deb9c9743d85f0867e57158ece0699f95cf3cd0919e2d968a6d4cd72418  src/asn/ngap/ASN_NGAP_DeactivateTrace.c
7b26641b3fc2117283dc4a2a2bd8a4e56ed5c58227200dd8c9a3f6daaec90267  src/asn/ngap/ASN_NGAP_DeactivateTrace.h
9c97d9ed9a7359b37bd6017a4aa8d264e70ef08a649d1b286672f345f44c1e83  src/asn/ngap/ASN_NGAP_DelayCritical.c
71bccbd079f39bac6f91b4e71d7daf531decfcf5fe538ff56b2d84fbc7eb65cf  src/asn/ngap/ASN_NGAP_DelayCritical.h
97e00bd10b44e5ee1fbe2d7cb1c1e4870b993db818ba92bdd907139add760a43  src/asn/ngap/ASN_NGAP_DirectForwardingPathAvailability.c
277733c95e7f9bd548a3f2b5d12800e234d8e54a16d971839d452f2ed7573b56  src/asn/ngap/ASN_NGAP_DirectForwardingPathAvailability.h
8f46657ee05ada48382a3ed4374b3eaf31ea10e79eb582dcba79a20a6a7f04a5  src/asn/ngap/ASN_NGAP_DistributionReleaseRequest.c
18b526778c8fb5601faf5826816f000c15252c07248389793c0fb56c05ad8e4f  src/asn/ngap/ASN_NGAP_DistributionReleaseRequest.h
7c28b4a1f2d4871553a334559350c7b681a030acaab7c9b43e52b9fc7c8e1e61  src/asn/ngap/ASN_NGAP_DistributionReleaseResponse.c
59d7fcaee57e30d8b627d722e14468d6848e27a307c7bd8840a8341efd574c97  src/asn/ngap/ASN_NGAP_DistributionReleaseResponse.h
85af1c024ca1ab4b99ac872ac728aed9a983ea95474019a7ff34ace2674dd103  src/asn/ngap/ASN_NGAP_DistributionSetupFailure.c
b1aae21b259d855ec3418840111fa3b337effd91b8b960368a78738157954b0e  src/asn/ngap/ASN_NGAP_DistributionSetupFailure.h
fc6b2ec6f3ad0380636623c8a86f17cd740b8fc3779589354e699cb3dd1ef081  src/asn/ngap/ASN_NGAP_DistributionSetupRequest.c
b6d6b4d66836f74c10e377e6e2357224d84d6a04cab8b66f8467572da2746552  src/asn/ngap/ASN_NGAP_DistributionSetupRequest.h
bbfc9d15b4c5be34475b4741919d017212b7607f026e70c19917c1ee97e3e2c1  src/asn/ngap/ASN_NGAP_DistributionSetupResponse.c
caeaf1d328f1a43b830ddd90dbe9aa5f12138240f085765d2bf79a82b62f4a6a  src/asn/ngap/ASN_NGAP_DistributionSetupResponse.h
ae07fd20de1ce3ad4668eae1d19cf490a7565abc021fcbae90b94c95bbb09fe7  src/asn/ngap/ASN_NGAP_DownlinkNASTransport.c
0868c756cc425759f6aabe40f18df7a6112462c48c370c8f03a3726c55d12690  src/asn/ngap/ASN_NGAP_DownlinkNASTransport.h
0165616432e70c9d3ddee4e90ecbabaf73e48b6592a0bf89f3d8a549b721d68c  src/asn/ngap/ASN_NGAP_DownlinkNonUEAssociatedNRPPaTransport.c
f076d88869f9fcb5d920a41a23643f5d989a54dcac666ae191e83909e8b8c3c8  src/asn/ngap/ASN_NGAP_DownlinkNonUEAssociatedNRPPaTransport.h
03fcf2d799397ec8a67cbdc2fc297bcf7bde1a72e1c8de3f335835442c4eb213  src/asn/ngap/ASN_NGAP_DownlinkRANConfigurationTransfer.c
63d03f05eb5f1b3913e927bb37f260a91dc43a3e8f63c5c76680f438b6400616  src/asn/ngap/ASN_NGAP_DownlinkRANConfigurationTransfer.h
841833b0e37fbfb8fe0a495ab42fa6be1be1fea8987d9f52de50872e8af10d06  src/asn/ngap/ASN_NGAP_DownlinkRANEarlyStatusTransfer.c
76fce2e794268821ef23d0a534d0decb4ba3c26a431ac1dfa909c9e0b1190b53  src/asn/ngap/ASN_NGAP_DownlinkRANEarlyStatusTransfer.h
925ef73fb2995c2abd8f731d0968f6a1b8edf2df2920e7de120cb163c1ec90ac  src/asn/ngap/ASN_NGAP_DownlinkRANStatusTransfer.c
470910b988f0e9b99c8a975b8ddf4514359c6903f529c8acdbaf87156254ae04  src/asn/ngap/ASN_NGAP_DownlinkRANStatusTransfer.h
4cc648a3746780f3f5686758219a416567217b27ea159130a6355dfa7779d6a0  src/asn/ngap/ASN_NGAP_DownlinkRIMInformationTransfer.c
207fcd6440e82cd1ad96e063800f142cfa63094f89a549a2a862646ec93ee7bc  src/asn/ngap/ASN_NGAP_DownlinkRIMInformationTransfer.h
1bd12b5a6168f9f32375ec5d389b6b5484fbc771715ebbc99148c9d65cf10e67  src/asn/ngap/ASN_NGAP_DownlinkUEAssociatedNRPPaTransport.c
7bf3cb651dc1b0e43bc5430658e254921cee3ee76c4284280ffdabce3f664e08  src/asn/ngap/ASN_NGAP_DownlinkUEAssociatedNRPPaTransport.h
909a2d400ee40eed4ad0df70f6cc93d341aef0ad19f8f7f4e8215e88523d3125  src/asn/ngap/ASN_NGAP_Dynamic5QIDescriptor.c
5056a7e8a3e547387ee5c6cf9bd68c9afc790a96011f2d0b2446a05b5d96ecf5  src/asn/ngap/ASN_NGAP_Dynamic5QIDescriptor.h
97ae340c5a93b902a662c1092813e29a36d14901deb225b2f3b065b33b1aa150  src/asn/ngap/ASN_NGAP_E-RAB-ID.c
1ba42706ed8dae10ff54646f8a3c3c72b5c51217853bb3010485fe21b782161e  src/asn/ngap/ASN_NGAP_E-RAB-ID.h
a6d2bdd22cc035ae9333ffee88aadf399f9a2d0956dea776f0755a057ba7735c  src/asn/ngap/ASN_NGAP_E-RABInformationItem.c
aaed95ac945675d8427fb7d7e8bf8c5029008934af7867dfde746bb148b99fa8  src/asn/ngap/ASN_NGAP_E-RABInformationItem.h
aa9d4d457e8b5f19538b2d75bd72368a8c56d7a675fbb61b817dc6a9747fbec5  src/asn/ngap/ASN_NGAP_E-RABInformationList.c
c8c4b4813dfbdc020d69858b6047dcf5503c638fe0e4a3026e4e79d319c98fd5  src/asn/ngap/ASN_NGAP_E-RABInformationList.h
672345987424ba9979598d2e34dc5b47b91c1da5d0d94fcbcd4604b857fcdd79  src/asn/ngap/ASN_NGAP_EDT-Session.c
2373632afaaded40538183caca509c61d3246ea69f6e7cfc1e6fda0b0061cc9c  src/asn/ngap/ASN_NGAP_EDT-Session.h
31408699c90732eee8c4788dec88a96302ac93da1669ff07bbcd0815946b076c  src/asn/ngap/ASN_NGAP_EN-DCSONConfigurationTransfer.c
093b69d029f1bd00df12dfc38f1afd2da9180fb9710903d6ca4a8a49490f9c15  src/asn/ngap/ASN_NGAP_EN-DCSONConfigurationTransfer.h
381fbcb314b928f083e2de5663d27f1a2e3d75f3468b38a6318755823dfd669f  src/asn/ngap/ASN_NGAP_ENB-ID.c
a8063d6454ebf865bc12899c8b5fb86ac3e98d8945272eb26d80ab3a061a732b  src/asn/ngap/ASN_NGAP_ENB-ID.h
0b4e64c7b3e28eb8f33c935662f3b79b1ab04cb3024a75949a82694cc7858013  src/asn/ngap/ASN_NGAP_EPS-TAC.c
544dadc3b6ffede0b6353a23032faa5645dfc49a787608cd0f14d85a95c5275f  src/asn/ngap/ASN_NGAP_EPS-TAC.h
9bb216d0cf9db3b561ff7819c4c65c0dca975d3e9bdbf0eebaf16968c90fb1a3  src/asn/ngap/ASN_NGAP_EPS-TAI.c
a430b84d50249ef3f79246d410ef5091e1f224ae4d8aca1c74734a01abddabbb  src/asn/ngap/ASN_NGAP_EPS-TAI.h
28b058ca94e646d26f9898ced57c5dea5c06ef4465d28a2a7edbf5cda610027d  src/asn/ngap/ASN_NGAP_EUTRA-CGI.c
fb33e1b2c4f15db45ba24785164e79d1bd18c0fc5231ed83ded42babb964aa77  src/asn/ngap/ASN_NGAP_EUTRA-CGI.h
26b682170c4455c245c31750203eee0ae91430212f8a3d1256f004273180bc68  src/asn/ngap/ASN_NGAP_EUTRA-CGIList.c
86689c73d99e42d7c312c0a8cc655a6f65133b0703235f6027624af567c8dedc  src/asn/ngap/ASN_NGAP_EUTRA-CGIList.h
541ec7ad588d74a694818b5fef11c14d979fe5fd205a5d7753cc1ab790a536a2  src/asn/ngap/ASN_NGAP_EUTRA-CGIListForWarning.c
bd46b4962743f26b6781ac84afee1fb3796ad87e86e22285a81dfffd3b972fc3  src/asn/ngap/ASN_NGAP_EUTRA-CGIListForWarning.h
cd553217d387f00dab97b7e4f5c41be9c713122940881ecd9d5bd05fe87b17b1  src/asn/ngap/ASN_NGAP_EUTRA-Paging-Time-Window.c
27d2148016283ab618a3e6ceb6d2b12c91200bb3096eea6ded6278d61617a346  src/asn/ngap/ASN_NGAP_EUTRA-Paging-Time-Window.h
27e68914cf687b67b956711c8e09bab7892b4fc317473d3af1ec2e2d33a563d5  src/asn/ngap/ASN_NGAP_EUTRA-Paging-eDRX-Cycle.c
93aa9cd2dfb5865bfdf54738ad3f2d662dba4e0a99fc3bdecb911aca052bc424  src/asn/ngap/ASN_NGAP_EUTRA-Paging-eDRX-Cycle.h
8bf06e1ce389b5303538b373d6a6b09885c93bad664897f5674bfe059b1ae7b5  src/asn/ngap/ASN_NGAP_EUTRA-PagingeDRXInformation.c
dc7d2797601a3939ab943ce670a36a2ef33fc6107aff16f578448235b67a3cd8  src/asn/ngap/ASN_NGAP_EUTRA-PagingeDRXInformation.h
6b84e4ef7972fa17eccf824b1942a61ff4bc7d72c07763f428388cca58ac1d28  src/asn/ngap/ASN_NGAP_EUTRACellIdentity.c
1404eb0042c50e8aaf0893951176957bbe6ad1a89132bf1bb4a0816baf60a8f1  src/asn/ngap/ASN_NGAP_EUTRACellIdentity.h
48b2ac9243ad3149331ce3b8dfbdd048787a04b80b24ef432368a69ad2247105  src/asn/ngap/ASN_NGAP_EUTRAN-CellReportItem.c
3834ab79a17329bfbe687e6562efd2af6f40b6a431ca988516f2f15407d03aa5  src/asn/ngap/ASN_NGAP_EUTRAN-CellReportItem.h
16a730f6b26cf184bd419960d6159eb5b651bccac60b63bf207200b8bb6d8605  src/asn/ngap/ASN_NGAP_EUTRAN-CellReportList.c
881c4a8e99e9ee4cb6915eafdf1edab9a0454916014acefa49b3b691774e2588  src/asn/ngap/ASN_NGAP_EUTRAN-CellReportList.h
32803474a63049402bcb0a803c129f46a00038684402ab4cacd699dbaf492269  src/asn/ngap/ASN_NGAP_EUTRAN-CellToReportItem.c
98f745bd153828edbd6e4a2533e19f001c8874925a56f00c8c103629e4f46994  src/asn/ngap/ASN_NGAP_EUTRAN-CellToReportItem.h
e620fd779563e063065f0317080d8cd168a198e1a6da39b3a41c463f34e2fc75  src/asn/ngap/ASN_NGAP_EUTRAN-CellToReportList.c
5b4792eebd6ee8d7057ef61f27cf6df0e7262fb5f9f39c6d0de6d85d3e2e0fc4  src/asn/ngap/ASN_NGAP_EUTRAN-CellToReportList.h
466927ba01c2597682dc298b5acd1a3810083a30d61c9e16a755d766dc2fd480  src/asn/ngap/ASN_NGAP_EUTRAN-CompositeAvailableCapacityGroup.c
48ec1fdbb4af584929daaaf388ed2c73999417b408eab73108012f77e5c7fd88  src/asn/ngap/ASN_NGAP_EUTRAN-CompositeAvailableCapacityGroup.h
ee3853e177e2d3643924f8aa6e359fd8aef377067d61ea63eab45a7648d022dd  src/asn/ngap/ASN_NGAP_EUTRAN-NumberOfActiveUEs.c
60f00615da8a22d4c62fef910c954ad2c42f017d66ecbc563f1ae2b45207fb72  src/asn/ngap/ASN_NGAP_EUTRAN-NumberOfActiveUEs.h
edaf792b2d0191ffe6b72ce4a10652dfb765aa248e06e00b2d07bd6b21d7b636  src/asn/ngap/ASN_NGAP_EUTRAN-RadioResourceStatus.c
419ae2ab69a42b7c550ac57ecff96a5a851fb83547bfe1fa0f04618be74eaed6  src/asn/ngap/ASN_NGAP_EUTRAN-RadioResourceStatus.h
0f87af3f4abbc6b515aef35e1dce8a82e908847b497a77a6c6e2349a0a28b552  src/asn/ngap/ASN_NGAP_EUTRAN-ReportingStatusIEs.c
4cc2fa519a19131fee6ef9f405c475b37232ba01de6ffca7eb606530556bb857  src/asn/ngap/ASN_NGAP_EUTRAN-ReportingStatusIEs.h
f390b372d4ff05bb1a874c946d9995756007f8b801f280a89371fe668f3a672d  src/asn/ngap/ASN_NGAP_EUTRAN-ReportingSystemIEs.c
303789af9ffab0b0d0122ef238663166e246c46407605a6e78d05a64b15507ac  src/asn/ngap/ASN_NGAP_EUTRAN-ReportingSystemIEs.h
18ecdd357d7942c2e9a7c72b36751c17cde76beb1e2f522fa6eaf4873d2907f6  src/asn/ngap/ASN_NGAP_EUTRAencryptionAlgorithms.c
5e990c869839aa065a586729b0a43f420f9c511912c5fd7bf99da4f8fbf4a486  src/asn/ngap/ASN_NGAP_EUTRAencryptionAlgorithms.h
17983deeca5c0c1f1bbb0971ef6553bf5ec93cd764927c4c81b7a265eb8d9723  src/asn/ngap/ASN_NGAP_EUTRAintegrityProtectionAlgorithms.c
f02e10e45fa9c95eaf5e1d1d1b0365c5af9bc1682eb4b1b6e84414c7d2b1f075  src/asn/ngap/ASN_NGAP_EUTRAintegrityProtectionAlgorithms.h
1a50f005d888431bf64292798f8704df711899a76cb032e2e5e6a02dceeedc7d  src/asn/ngap/ASN_NGAP_EarlyMeasurement.c
6e6a9ad55c5f19f67727bf83f1b5cdac561c6972823cb8c583f021b412dd60c7  src/asn/ngap/ASN_NGAP_EarlyMeasurement.h
7d7a4ae0a7af3e2e9f588541d78d9c9f5a7e1e787952993e5ddda0bd08ba0156  src/asn/ngap/ASN_NGAP_EarlyStatusTransfer-TransparentContainer.c
31703385c8f53f25f2e3c78957a981f246c18d3d791b475b75d6c344a1b1ea11  src/asn/ngap/ASN_NGAP_EarlyStatusTransfer-TransparentContainer.h
3f9fc87467262f0aa2bb6ab6e549b7eac31330f2012c0ceac826b9452addd494  src/asn/ngap/ASN_NGAP_EmergencyAreaID.c
f69ac26402d6f63d76d73b676c4945675334fde6b970aeb9f492bf1f10c5b31d  src/asn/ngap/ASN_NGAP_EmergencyAreaID.h
7292c381b932b1f284dcb5ff4c3973fa151c8f6ebb209697897f8cf021677708  src/asn/ngap/ASN_NGAP_EmergencyAreaIDBroadcastEUTRA-Item.c
7afe2e4ad3523f037ba0c3d4606154f9509b49e1282b6c86e11a377083a458c6  src/asn/ngap/ASN_NGAP_EmergencyAreaIDBroadcastEUTRA-Item.h
a35f14ca012ced470986fe839982dc1741c1e4aa1a4131efa8bab5b5592e4a23  src/asn/ngap/ASN_NGAP_EmergencyAreaIDBroadcastEUTRA.c
9a4ee614e2e841f37a1962daa141bcac711eb0df8aacf1b8a5ddb0ba4c423689  src/asn/ngap/ASN_NGAP_EmergencyAreaIDBroadcastEUTRA.h
318375c3010206f63a1ffb172be424e72d77302987548c3113e8c378d28f0194  src/asn/ngap/ASN_NGAP_EmergencyAreaIDBroadcastNR-Item.c
700b2d7f8ba6f8625002aef1eb6bb2359547966ebae1d6713e48822458994019  src/asn/ngap/ASN_NGAP_EmergencyAreaIDBroadcastNR-Item.h
11e792da73f6b8b678aae7bab91c10af38824a85aef8801eedf7b7e9536d75d4  src/asn/ngap/ASN_NGAP_EmergencyAreaIDBroadcastNR.c
9b846980bdcb55cbfc4775fa603f1a22ed632389c8d7a82ea6c4e49746859124  src/asn/ngap/ASN_NGAP_EmergencyAreaIDBroadcastNR.h
819ebe777d5f4447868e38329a134216edc493f9f0f69bba640e2a2fb6436a7a  src/asn/ngap/ASN_NGAP_EmergencyAreaIDCancelledEUTRA-Item.c
67aa066248903c46c78aa9fb9cb92e7bd8fd8994af1f4da37c6d3a17bedc6b8b  src/asn/ngap/ASN_NGAP_EmergencyAreaIDCancelledEUTRA-Item.h
5edf883a8008011942a976ef5c0bf7f03d2a085c87c14f3a240986740fc8bb48  src/asn/ngap/ASN_NGAP_EmergencyAreaIDCancelledEUTRA.c
d7f3ad092fddbcddc7b5ca17c4b0e1613f68fb527e32de58927abce57582126a  src/asn/ngap/ASN_NGAP_EmergencyAreaIDCancelledEUTRA.h
3db4f73bed06ed13cd10cfd04bdbc3629d35bb552e71c8123dfba91cd2121774  src/asn/ngap/ASN_NGAP_EmergencyAreaIDCancelledNR-Item.c
70aeadd62b480002ba050b79257ea082b3fe864d8f585676537a981bfcbc5c82  src/asn/ngap/ASN_NGAP_EmergencyAreaIDCancelledNR-Item.h
3ec59efd95e27582137965dbfe59de759371f81dfb807b272954aec532bccb41  src/asn/ngap/ASN_NGAP_EmergencyAreaIDCancelledNR.c
9db1849e0f6ce8d661070a2ffb83adb79363ef04556b39a39a8275822b2d4ea3  src/asn/ngap/ASN_NGAP_EmergencyAreaIDCancelledNR.h
5b0e7203934f3b812d466d873d37ab14d512a840691259b74e549a94f7421640  src/asn/ngap/ASN_NGAP_EmergencyAreaIDList.c
5989ccc0386f3d43e979ae5e6d64ffb4e733a3d954e2f199d884a3e16789561c  src/asn/ngap/ASN_NGAP_EmergencyAreaIDList.h
799d693aa84d7361791159f143ec874cad08e5ded527fdc5510fd153e820e34c  src/asn/ngap/ASN_NGAP_EmergencyAreaIDListForRestart.c
62bde59aa4d0eb79e9cc247b879e819c662b8b139d25ee5d2e919e47809d6efe  src/asn/ngap/ASN_NGAP_EmergencyAreaIDListForRestart.h
1b97c97094a986c6e5a325610bd5ac998f967f04a21b621f4824022e173c03f2  src/asn/ngap/ASN_NGAP_EmergencyFallbackIndicator.c
8614dec63bea93a8a181acf264cf901ce0cadfd9bc712e0e12a1e8eada40a37f  src/asn/ngap/ASN_NGAP_EmergencyFallbackIndicator.h
629bd8b7d5f6b821b409c0b10bee6b948884ad3c6e2404e59e76a5ed265de17e  src/asn/ngap/ASN_NGAP_EmergencyFallbackRequestIndicator.c
79b2c833fc47fef65827ed2170994ad13130400cb0a614edced67ecca7905eaf  src/asn/ngap/ASN_NGAP_EmergencyFallbackRequestIndicator.h
8d9e6629c5975b886ae5238fefaad1cb34e6dd411970857fbe7a4a6fffd82753  src/asn/ngap/ASN_NGAP_EmergencyServiceTargetCN.c
96ceab5c0d2b4da6ae32b9a188ce604968db101ce70418a78d9dd9088b0d62a5  src/asn/ngap/ASN_NGAP_EmergencyServiceTargetCN.h
4b292d2bc52e174eec42648cf44183b49b6005dd606530e9011595127519e688  src/asn/ngap/ASN_NGAP_EndIndication.c
8a940a42b7621aadb70f7e10cc645337dd2e3a5974d84fc35dffb0987ba8cd08  src/asn/ngap/ASN_NGAP_EndIndication.h
67a165ee03cbca7d7d900b19520d74dd325bea3e021fd42083c4f1d2320496b8  src/asn/ngap/ASN_NGAP_EndpointIPAddressAndPort.c
4fa3b2e4f87fa57a7a89ad6e7416cb143d61a66def5ee9bdb1d59f0bc9c35eef  src/asn/ngap/ASN_NGAP_EndpointIPAddressAndPort.h
ba8ae61c21618b522bafaeac1870838d7e27491ed918f24ae1c66cf371a74b1b  src/asn/ngap/ASN_NGAP_Enhanced-CoverageRestriction.c
92a43f4ab673bdd759e4150fba58bf4b574fc624d6a9d76accd4f35a1fb2656e  src/asn/ngap/ASN_NGAP_Enhanced-CoverageRestriction.h
f15d1b64a135c0f47e4441d222b48393539816626fa898b904a753a0b5e57996  src/asn/ngap/ASN_NGAP_EquivalentPLMNs.c
04b6f1465d2515f5d09692dd640e2a2b78142569c597b9a17e4628eb5c07bf97  src/asn/ngap/ASN_NGAP_EquivalentPLMNs.h
5ff36c2ca51b64bad08d0b33fb0afbee703bbd078e6e9559aba7e5c81513a47d  src/asn/ngap/ASN_NGAP_ErrorIndication.c
7b38d427e0442d247ecadaf41f19fde9ea7ea6ef9068af15e2106a7600f2efad  src/asn/ngap/ASN_NGAP_ErrorIndication.h
ce50eb51b14632fc2f3e2225d031bd193a99b4aed7afb125bc2f8c3477a0fa49  src/asn/ngap/ASN_NGAP_EventBasedReportingIEs.c
4cdf524cc8a0460e0446c04300b55a8aaba2d8d499212cfc11eeaddca1ad85db  src/asn/ngap/ASN_NGAP_EventBasedReportingIEs.h
8192b6afea65f3da48f58f03cb35a6c4bac614e91215e38b0bbc381a997b049b  src/asn/ngap/ASN_NGAP_EventL1LoggedMDTConfig.c
6c9968c8e03fe424d3dab75b56bc56b667b04daae51cfa48e475c2a214b984cf  src/asn/ngap/ASN_NGAP_EventL1LoggedMDTConfig.h
f8f83165fc65c6904d82e68cf711269c5e34a75a639e72b58e56da2d8e272e08  src/asn/ngap/ASN_NGAP_EventTrigger.c
57c0d980112d44cf2e9135de25f7a9f81354adb7bf652f8bbcbe9d75b40e3bce  src/asn/ngap/ASN_NGAP_EventTrigger.h
5c00cdb330e431ab35b6a8679af5cc5f2415fd2c54faa8658916b677d68a3e7e  src/asn/ngap/ASN_NGAP_EventType.c
d39fe9b59bc45b22a4186b47ef5bac5db951294d85d9aa715b89d5483177930c  src/asn/ngap/ASN_NGAP_EventType.h
a2eaf354073d93ba356159650dfa09f4a18e83278d8b43134384fdb1fd899397  src/asn/ngap/ASN_NGAP_ExcessPacketDelayThresholdConfiguration.c
ac9996f595963559fc68066f9332ef5b7d375a36877644e0a647dc35ab16a58c  src/asn/ngap/ASN_NGAP_ExcessPacketDelayThresholdConfiguration.h
c2a645d7ae1bd30067edaff309a53cd33ecc206c2e0243cec4dcf991bad99674  src/asn/ngap/ASN_NGAP_ExcessPacketDelayThresholdItem.c
477eb56ad63b9a41307bcfc6de08c9408a72cca9135ced7bc4841e584c4265b6  src/asn/ngap/ASN_NGAP_ExcessPacketDelayThresholdItem.h
23d98c3c600ab911d8499a83230978c94ce7d04d6d253e655dc2a496bb23bd09  src/asn/ngap/ASN_NGAP_ExcessPacketDelayThresholdValue.c
c91562ff0722e377371f006998ad29ddd5971c4a297853f2405b4b68f5c0798a  src/asn/ngap/ASN_NGAP_ExcessPacketDelayThresholdValue.h
d44bdf7703da66e581e06ca026116b5554c965796b6400fa21e8fc43055fa2d8  src/asn/ngap/ASN_NGAP_ExpectedActivityPeriod.c
e8ece5d8d9c3495e6b2d154bbfc65ad78208fa5310ef278dfd07fefb83cd6bf3  src/asn/ngap/ASN_NGAP_ExpectedActivityPeriod.h
d4e8a6e496c32b19a12c2b58ecf7e57e8212acca4278945e17dd4aaf4cab12ca  src/asn/ngap/ASN_NGAP_ExpectedHOInterval.c
23c7d1f089b024ccba00a3ce7632579a292008d38300160f93518d33aed94b97  src/asn/ngap/ASN_NGAP_ExpectedHOInterval.h
5894f75afaa8265ec31ec502a86680c2e3d7a40ed85bc428f1f1f28f3aaf71f0  src/asn/ngap/ASN_NGAP_ExpectedIdlePeriod.c
330a979019c34ea379241de8a855450897a29ecac5dbf6fa0ff6f3ebab4be11f  src/asn/ngap/ASN_NGAP_ExpectedIdlePeriod.h
3d1c423ccc2e3ecd7df1e892966d91762be63d4e98a8c8bc7a4689ec4d0da9b6  src/asn/ngap/ASN_NGAP_ExpectedUEActivityBehaviour.c
ec9d39b2d2bc0c3748fcf207c6416e915410b719feaeb86e9904bc5a4bfdf701  src/asn/ngap/ASN_NGAP_ExpectedUEActivityBehaviour.h
4a0a3512a4f9949d6cfb97f9fb59ce65d61cb61f2d8c55cc4c7f310c46915d00  src/asn/ngap/ASN_NGAP_ExpectedUEBehaviour.c
3a349b73d3ec9051d78d3c51cfa0355f71e0bcc303126103b04a08ce1f8d5783  src/asn/ngap/ASN_NGAP_ExpectedUEBehaviour.h
009d2965d49ee649439ac4af47f62a9247901b0a90cf83d92a60d3446731e986  src/asn/ngap/ASN_NGAP_ExpectedUEMobility.c
ee70a7081023b1fd38494b21e13e327efd582651bddb32d25c902a41942f9d16  src/asn/ngap/ASN_NGAP_ExpectedUEMobility.h
7bd27818c979ca82b122027e1b815a383458f2e8f766aba424b38b658e8296d7  src/asn/ngap/ASN_NGAP_ExpectedUEMovingTrajectory.c
5d7f08a40ab9f933c132b991970298120ba8eda6bafb2babef7c96b784d044dc  src/asn/ngap/ASN_NGAP_ExpectedUEMovingTrajectory.h
b8075f2059c3d6939c176c388a016b420aa33d608ad07aa33e29f9b98e423131  src/asn/ngap/ASN_NGAP_ExpectedUEMovingTrajectoryItem.c
7544d60ddc1d68792d7bf26da6ba8c51c87994e36e450e2dc816effc22acb658  src/asn/ngap/ASN_NGAP_ExpectedUEMovingTrajectoryItem.h
5eb6145a1eb015eb5caaa7f038f059570f25ae53446c59c138d4f9cdfe3a68cb  src/asn/ngap/ASN_NGAP_Extended-AMFName.c
ebf7e997a372fd09a38ac46cc9eaa47f1c1e0addb353c43bf0c151e96252950a  src/asn/ngap/ASN_NGAP_Extended-AMFName.h
5ba2c36d37d6c8522664cb51b9d1e0550790ab68e2ab540995c5da6723d9b556  src/asn/ngap/ASN_NGAP_Extended-ConnectedTime.c
3febae171f705a8612d7f6d1de049b604b50faa32c36f6e8cc7445c193de5485  src/asn/ngap/ASN_NGAP_Extended-ConnectedTime.h
d856578f80a357dd744a8e72421198a6f58502fdb1a2f6199d973648e65a0b2a  src/asn/ngap/ASN_NGAP_Extended-RANNodeName.c
7570d6d2ed7dedf5983538bff964fa924f9c79aaf48529c6e600a12431669b4f  src/asn/ngap/ASN_NGAP_Extended-RANNodeName.h
15a8d9be5898223e35b9f46cda105b65b38a2e0ed51d7a83ea8b007ca5c7f28c  src/asn/ngap/ASN_NGAP_ExtendedMobilityInformation.c
e0bc266bdc1efc1f7b1658b006e1df5551b942d4e0ee6ec27236d22527155887  src/asn/ngap/ASN_NGAP_ExtendedMobilityInformation.h
106b48828b37f7a35e7f8daa19ab098d74bdcd5c08f6788ae8eefe7bc8805ca6  src/asn/ngap/ASN_NGAP_ExtendedPacketDelayBudget.c
e4076217ee9e179102875651577b74c7ebbf7e3ec8986b14f137fb0646f6ed77  src/asn/ngap/ASN_NGAP_ExtendedPacketDelayBudget.h
c3f033640d6061b85ddb6a80068f6452095083249e789ba51a3c47d445993e2d  src/asn/ngap/ASN_NGAP_ExtendedRATRestrictionInformation.c
9a64e1f4e3576dce63f780b40c84c4c84386948b972bc7791f0f432b4926f6fd  src/asn/ngap/ASN_NGAP_ExtendedRATRestrictionInformation.h
9917ec92953f696e3c00b5cdf301416a8f526070dbe813f65bd3ef372b446091  src/asn/ngap/ASN_NGAP_ExtendedRNC-ID.c
489cd957994c6cede1b7751f595ff29be8371aced703abdef5715b3299ad9d5a  src/asn/ngap/ASN_NGAP_ExtendedRNC-ID.h
20777960e4cf7be0d3abf907a77aca41cd61af3717fce980f48aea148b271b94  src/asn/ngap/ASN_NGAP_ExtendedReportIntervalMDT.c
339e6c4db99ab04ca0d32f745d83118da88051cce1225c2d5980d14efb3436e8  src/asn/ngap/ASN_NGAP_ExtendedReportIntervalMDT.h
9af322eac7158ffb8c45528911ee503f5e7ad4d5b6f29443aead55b2059c2846  src/asn/ngap/ASN_NGAP_ExtendedSliceSupportList.c
ce9ecd5b887b1d162f6b450f70802874ccf1b64e91dbbecd8a2e43431ece246e  src/asn/ngap/ASN_NGAP_ExtendedSliceSupportList.h
ba8b8b3f225194b219fc119afe077594bc0207e6d2e5e9c49840ef91441339b0  src/asn/ngap/ASN_NGAP_ExtendedUEIdentityIndexValue.c
ef600d9aa13a244ad114513a141f57c13671c30cc2add401fd6bfe80a457750e  src/asn/ngap/ASN_NGAP_ExtendedUEIdentityIndexValue.h
226112c8b88056623f084bc1df8bdb493ee1d8753fbc8ed75615e0997eb4bae8  src/asn/ngap/ASN_NGAP_FailureIndication.c
81f7f138732bca0cd5a1f8180c63109a98f4aed3d49fcbe13c49f27f5210b69d  src/asn/ngap/ASN_NGAP_FailureIndication.h
e6c118545f706bca87f029f10f4796dc055f75a080d1f6776ffc45609b6390c8  src/asn/ngap/ASN_NGAP_FirstDLCount.c
79e1440afc3788666bd863c154c4ca544fbc1e78b154a0c27f250a7f394f8985  src/asn/ngap/ASN_NGAP_FirstDLCount.h
9b0b7c8e5f49b0a115f0d6475f03f8251f5ce6cf204dfa124f007d3e5368a6a6  src/asn/ngap/ASN_NGAP_FiveG-ProSeAuthorized.c
56418067f79e839a58d079b4cff044b652ff23a11b2ed77190ef287030750f33  src/asn/ngap/ASN_NGAP_FiveG-ProSeAuthorized.h
ce163a37cd3663dc52217d966c19fb9d56730f717ddc6fba6e87d513b1b67d51  src/asn/ngap/ASN_NGAP_FiveG-ProSePC5QoSParameters.c
7bdb421a8f3c2ffdbc37d4509ec7f591c73d08f27703ea7c6f25db55ebe6957e  src/asn/ngap/ASN_NGAP_FiveG-ProSePC5QoSParameters.h
e3ce3e0d3415df658ac222febddf863a5cd7dc1461b311e0368bc8be9bd0deab  src/asn/ngap/ASN_NGAP_FiveG-S-TMSI.c
1caf20a3f65c8d371136433ec122e9996d4b3feac4c91a2922a1154ef5d8ef4b  src/asn/ngap/ASN_NGAP_FiveG-S-TMSI.h
14cfc4a5e70d18b0a97ab4adf26789310e640ecb2be39a492cd14d1cfbdd7908  src/asn/ngap/ASN_NGAP_FiveG-TMSI.c
f7164e5495506e18bb006fe9f1952129eb8d500f4916ffd469c5454a2c14ea3c  src/asn/ngap/ASN_NGAP_FiveG-TMSI.h
5bd61f6d5f2982c5684ccc0f01cdc4a61cf68d13316412f4e2d709be306c2257  src/asn/ngap/ASN_NGAP_FiveGProSeDirectCommunication.c
0337e71fa63302807733579894cddaff1ae06aa1087992a6558256e8487dac80  src/asn/ngap/ASN_NGAP_FiveGProSeDirectCommunication.h
aa17dc642f807f12f3ac2187ca547a61de8bf3fcae406ba012c9304e0418b1b1  src/asn/ngap/ASN_NGAP_FiveGProSeDirectDiscovery.c
414f072067bc4bb7f01d14136a368bbb57dc3aaec784c2ed37816e591cdbd723  src/asn/ngap/ASN_NGAP_FiveGProSeDirectDiscovery.h
11338c319ccfe29e872e39f25aa431c75e53db99e7d868275b65c853680548a6  src/asn/ngap/ASN_NGAP_FiveGProSeLayer2RemoteUE.c
776a7a7028e99747d55e674a9eda1433f1207ee42ef97a8d630f115f6632d34a  src/asn/ngap/ASN_NGAP_FiveGProSeLayer2RemoteUE.h
b4c8a6173a41ff9d224daeaccc68c47b86d911d19292ffa93c4d1e6e5c4f0669  src/asn/ngap/ASN_NGAP_FiveGProSeLayer2UEtoNetworkRelay.c
1ebfa53b2a827a1e1410677ac2ae51a747126264ca9bb6a49657cab2c34364a1  src/asn/ngap/ASN_NGAP_FiveGProSeLayer2UEtoNetworkRelay.h
7232d01532c28db2d757c3c8db4719faf58c4302d4f190822eb29fdc72d53ab0  src/asn/ngap/ASN_NGAP_FiveGProSeLayer3UEtoNetworkRelay.c
8b7c54e05f5064a7ede4648f4608d18e39f9b345c93a7532d6971093ed9ecac9  src/asn/ngap/ASN_NGAP_FiveGProSeLayer3UEtoNetworkRelay.h
4647c2e88fc4365d9623c1d0eb9b7d90ca3a9a3a15f1706fee48563c27a04ab3  src/asn/ngap/ASN_NGAP_FiveGProSePC5FlowBitRates.c
1a8ddca3b9c3e7e66048f8dae8c4f6d760170aec8e1160db626c000251dface2  src/asn/ngap/ASN_NGAP_FiveGProSePC5FlowBitRates.h
89af1f2a7b62a7ff029884a76b3385a2078d516893a674b81ea7cf7307be24c3  src/asn/ngap/ASN_NGAP_FiveGProSePC5QoSFlowItem.c
65b811273c8e255e50d2f94478b00e91c20072b871967f94d237632fbf0b76c1  src/asn/ngap/ASN_NGAP_FiveGProSePC5QoSFlowItem.h
a2c1e97fce68c1bb877deab42bf3c13e02f084caa843c406941bf5b47df30a0a  src/asn/ngap/ASN_NGAP_FiveGProSePC5QoSFlowList.c
0df6dfd8512f8f84a9d0c64f68370bc9e68be1299b8f1f311b45405ae7133a02  src/asn/ngap/ASN_NGAP_FiveGProSePC5QoSFlowList.h
baf96710935a4dd4d38b31216f0b97ff26582176b43be11b4b66d603b10ad978  src/asn/ngap/ASN_NGAP_FiveQI.c
b266673dacd3c73360ad1307f5bb5a3a8e442654ee89cf2ed87381c7d7f8f756  src/asn/ngap/ASN_NGAP_FiveQI.h
d487a07bfec4e86c9585595dffda981cead430b177c86aaa7135dcf6e66d06ed  src/asn/ngap/ASN_NGAP_ForbiddenAreaInformation-Item.c
0432f9866b151dc6f425c222bdfa2d14eeb63fdcb08685d9f4bf701a39624dce  src/asn/ngap/ASN_NGAP_ForbiddenAreaInformation-Item.h
c9f37c2c182c07abddb6e55b06f7d3e4e1a8e657ee660572d3feb779ae356bd8  src/asn/ngap/ASN_NGAP_ForbiddenAreaInformation.c
6d1520e85e56a965bc31eff1c670057ac18291a3d200a111af1ddd88ad684367  src/asn/ngap/ASN_NGAP_ForbiddenAreaInformation.h
2d400698d7b8be002b7db467730233c75a9dbacdec913f43a423f1057662054b  src/asn/ngap/ASN_NGAP_ForbiddenTACs.c
141611b52f25d46f43f76af11e6c439a877706e2695251915f403bb1dfe0d59b  src/asn/ngap/ASN_NGAP_ForbiddenTACs.h
9e8e8389101052f66776d272107b3107178ce3174fa4ba98866b7c57529bb525  src/asn/ngap/ASN_NGAP_FromEUTRANtoNGRAN.c
8082b4e08a2654ee252f1b9eb6dc6b9641b026db2c00cd160001872372db264d  src/asn/ngap/ASN_NGAP_FromEUTRANtoNGRAN.h
ccd8b5c518f6a7c5a67c4d5ea9470ea2ba734ea27b4f725c1018f941ecc5643f  src/asn/ngap/ASN_NGAP_FromNGRANtoEUTRAN.c
1eecf1153023fb2b64f427d8c3d5ae06bc5ba888d2110c6420a603c290d55b72  src/asn/ngap/ASN_NGAP_FromNGRANtoEUTRAN.h
36715bac715848b01036f64a7755966a31d454a451f93f7d160457afd6826870  src/asn/ngap/ASN_NGAP_GBR-QosInformation.c
4c051d660c33e2afe855bad7d3eb5a02a9d12d0bd496ad44cf6b6f0a101bee28  src/asn/ngap/ASN_NGAP_GBR-QosInformation.h
8e37210635cd8001c5641b6f53ab884c611b5c0462f688fa88838213353b9058  src/asn/ngap/ASN_NGAP_GNB-ID.c
5b211482c38388188cc9d75808b2d25ecbc7d74a02349037cab38344ef09385f  src/asn/ngap/ASN_NGAP_GNB-ID.h
936ccfe961271e6e8a8584e3408f484c7922a6bbc26cb0ee2115b676fb4b82bf  src/asn/ngap/ASN_NGAP_GNBSetID.c
74efabfef6aaed8afe60249b420a23b9d014195c9b82a31bbc309b1f72ade9ab  src/asn/ngap/ASN_NGAP_GNBSetID.h
87ee431cffd7fd4a158f9456d252e9c75fbc79b84fdbf1bd53e69c886a5f1383  src/asn/ngap/ASN_NGAP_GTP-TEID.c
ce9af7fc107bf20880912d9333773d4f1e33461944433cc5940c28434cdd1cd6  src/asn/ngap/ASN_NGAP_GTP-TEID.h
4259b22156d8169042f0ba34f35e58946205a448cea2525b7eab9f6c5ad1e41a  src/asn/ngap/ASN_NGAP_GTPTunnel.c
952b20d35f919864486e752f330003b41fc7f2a4a4951e506d4ef998377f6731  src/asn/ngap/ASN_NGAP_GTPTunnel.h
4d5c0a7e8833ce0864101a59373e1deca8a077022e633b7ee7acaead26b96e22  src/asn/ngap/ASN_NGAP_GUAMI.c
77b57e68d1fb015625482e0f2995221d8b48f1494f4ee00d77382ecbcecd269c  src/asn/ngap/ASN_NGAP_GUAMI.h
8eff4bfc609773f89ae0335ce96ad4c7be008e4785f72be6e9168ac8fa946518  src/asn/ngap/ASN_NGAP_GUAMIType.c
35668a7c2544e65968413a810f945cf8c61ddcb93e2e7929878cc1789866cc28  src/asn/ngap/ASN_NGAP_GUAMIType.h
a869282ba5736ece3cf3752ca6b6068b2bc66f0d5f78a9167e61bc40caf3c84e  src/asn/ngap/ASN_NGAP_GlobalCable-ID-new.c
c13e5707220dd4a9e21469bc97761613898997f6cd46b7d43e0008c10b7b9af8  src/asn/ngap/ASN_NGAP_GlobalCable-ID-new.h
346c84d74e8c02030f6320af19b238a28d01af167a6363668098d3de809d7f7d  src/asn/ngap/ASN_NGAP_GlobalCable-ID.c
d33996ffc9cc52bc797b6453b770ed8f63683a63294c3f14b84fea5a7f7f905c  src/asn/ngap/ASN_NGAP_GlobalCable-ID.h
d7d13b8d2d53f8f89e3f8956c43562294511cf7ff7750c1ae9c5ac8ddf0770a0  src/asn/ngap/ASN_NGAP_GlobalENB-ID.c
d9f23d36bc5f99312bd23bfb4481bcab049a9372b91c1c20e10beb201b01c3af  src/asn/ngap/ASN_NGAP_GlobalENB-ID.h
ced58c7617df11fa111e5e775bd9dbd659ddf85768f029de453884cd4bc77e59  src/asn/ngap/ASN_NGAP_GlobalGNB-ID.c
859e250c86d23e6d037665917c4d644a14dc683241f74c047b367264fd3ae0ab  src/asn/ngap/ASN_NGAP_GlobalGNB-ID.h
90650525a9bea3bf859172d63b0c0e8e638240ef48ec5c705197fb4f01bda67e  src/asn/ngap/ASN_NGAP_GlobalLine-ID.c
51f44386c04b9a32abd02d3c58bfa652b6ca80a8d6cd10626b2f1a49eb71bc07  src/asn/ngap/ASN_NGAP_GlobalLine-ID.h
7ac4894625ffbc091483e2e78ae60bbf01a83567b5e241000d9cce4dc24b8f4b  src/asn/ngap/ASN_NGAP_GlobalLineIdentity.c
75de6d1ae28ce774d45fc5276aad4476950212b1ffb49705c2b164cc31f4ee59  src/asn/ngap/ASN_NGAP_GlobalLineIdentity.h
a5a983e4bd1abbb5541c776e116490be33b21c5d1af80aac7c1c9084801f3ab7  src/asn/ngap/ASN_NGAP_GlobalN3IWF-ID.c
61cc36b252e174674ce6d60fe732e838655239e5b236d6cb86aa1189df2b5aab  src/asn/ngap/ASN_NGAP_GlobalN3IWF-ID.h
ca60978778dfd24aadefe02dbb14c7c2a5d547147bc7054dddfdf98abc4bbbec  src/asn/ngap/ASN_NGAP_GlobalNgENB-ID.c
8992b0b77abecb1fed23d5b5afa166a1d52248a85b0310b491f1b25eb7550ef8  src/asn/ngap/ASN_NGAP_GlobalNgENB-ID.h
ea21f82b7e31b38ab9cebc272b5fc376dd52f3c9b85b316041c5aad24293dff0  src/asn/ngap/ASN_NGAP_GlobalRANNodeID.c
ccf08733df1e6a3ff507f8732851b337a9ce27d42789edeeb110ed16a295b61d  src/asn/ngap/ASN_NGAP_GlobalRANNodeID.h
f8544654e6591b252fe585f91c78a32776df02da5e421b4965ca7591d6139fed  src/asn/ngap/ASN_NGAP_GlobalTNGF-ID.c
67889ef2f4aff411eecd9ccb7941f59a7ead6dd71096c0f4157bfc9f37e00732  src/asn/ngap/ASN_NGAP_GlobalTNGF-ID.h
23667dae306eccbe063da20e84269f7bce48f2a51dc1d08dbdac32d0efc9cd30  src/asn/ngap/ASN_NGAP_GlobalTWIF-ID.c
a10c4b01a6d16665e626511b39c503b7660febea3b40195f76087a385300094a  src/asn/ngap/ASN_NGAP_GlobalTWIF-ID.h
2c22953a043b21a15a7931a6c22e80a96bb7f1e5d85a2a8fdb2d9a6e46ed8af6  src/asn/ngap/ASN_NGAP_GlobalW-AGF-ID.c
493a9c5798c90075fdf32530c3af9f03245cff72e4bcbf38498a97b88012b2b6  src/asn/ngap/ASN_NGAP_GlobalW-AGF-ID.h
fed96bd8f018dbe0061324e03971602e83c9d9afc7cba9613d9a70c6cfa203da  src/asn/ngap/ASN_NGAP_HFCNode-ID-new.c
2101770511f989491ec57db5de7aa2d1575b6666a0bbc9be885cb2be4af652e8  src/asn/ngap/ASN_NGAP_HFCNode-ID-new.h
8f1f0c598f3f91d60ba5e8d76f1cc90e41da22f14bed0823c4ed4cd94e56f81f  src/asn/ngap/ASN_NGAP_HFCNode-ID.c
feb3ab31a61169798b80df93345ed9b98ce711af995b3557d01fd3d35abe5c84  src/asn/ngap/ASN_NGAP_HFCNode-ID.h
41fab251e4264372fa5d9bdfccf3966f3a8b0531a90920d84d01754d0e40a769  src/asn/ngap/ASN_NGAP_HOReport.c
12a7449aa41aada3520290ef37ab4e9315cc04a6a0f9abfe01e6725633409f9f  src/asn/ngap/ASN_NGAP_HOReport.h
66d5eeef57b3dd8f6fca765bc53e8d561aa26efffefec7e548fef905257ce204  src/asn/ngap/ASN_NGAP_HandoverCancel.c
0f703455ca9f080770730d369404524a53834ace3e99224ef76ddd98cbba09cd  src/asn/ngap/ASN_NGAP_HandoverCancel.h
ff952fb31804c3062322ee7d748e34807a33a9717a420ffa3015eb86b381f689  src/asn/ngap/ASN_NGAP_HandoverCancelAcknowledge.c
943d237175661ca899f8e03b53351e01bcafc9c41f2856f6027fc9406f6ad6a7  src/asn/ngap/ASN_NGAP_HandoverCancelAcknowledge.h
9d3f94725b40a800097dda5d55abe9f0564026af9a255a871577ed17f791e62f  src/asn/ngap/ASN_NGAP_HandoverCommand.c
c3e503a834f10eaaf33c49337f3ad62aa95e5821b841ad8867479dcf9e7ae49b  src/asn/ngap/ASN_NGAP_HandoverCommand.h
e31a4db90aa0d6252e0ecd8554aa1e8053a32726f6e8379fa16532e3cfbd9aeb  src/asn/ngap/ASN_NGAP_HandoverCommandTransfer.c
e60f786077ea5d3bb32c3d7efc8f1c29697d2b6a933a5120a1fc0a5af8452b0a  src/asn/ngap/ASN_NGAP_HandoverCommandTransfer.h
61aaab9237fa2a049a492bd1b26346ca26ac1750b9f943bcaec6c7c49faea2ea  src/asn/ngap/ASN_NGAP_HandoverFailure.c
86e13ff70ee26a030386f24262c2d89760759045f5336605ff318a75dd4ea7b8  src/asn/ngap/ASN_NGAP_HandoverFailure.h
f48ac6dabc7d3ca93e304a4ce82997482c7ceb0682a49520d1e6d0d7af9efebc  src/asn/ngap/ASN_NGAP_HandoverFlag.c
9023439ea259d3da2ca7e0335c0c412232646ef5711417c5006027c2f06c1d26  src/asn/ngap/ASN_NGAP_HandoverFlag.h
45d5e237928972ee2a6f284f05a1ae5e5b4198d180e78680c84bc57d441c6e4d  src/asn/ngap/ASN_NGAP_HandoverNotify.c
7e999aab026f1393610957fc8749857b2635cad8fc682b4b746bb16d6c8ce325  src/asn/ngap/ASN_NGAP_HandoverNotify.h
300cc9e42725f61640e9ed530fbefb74dc22afe2b4282f04e05dfa91d193a1a3  src/asn/ngap/ASN_NGAP_HandoverPreparationFailure.c
f5b667d4435b8b3cc929b9caef5017c4ebd79eee99194829606c1e4a78ce689c  src/asn/ngap/ASN_NGAP_HandoverPreparationFailure.h
f83912f0e24c637a7983325f1d627b0eae486f5281b0bd07eae88aeb4a52f2bc  src/asn/ngap/ASN_NGAP_HandoverPreparationUnsuccessfulTransfer.c
bc7d72ed7dc3d10ed0631904e4af43ad96231b64321ba4a987893d25b0f184fa  src/asn/ngap/ASN_NGAP_HandoverPreparationUnsuccessfulTransfer.h
7aab9eb69dfc60ba11c9291e977baa164a659413cb99e8646c6b57e175d21d86  src/asn/ngap/ASN_NGAP_HandoverRequest.c
91f9473ca01cdd1e0d7e87d1c53a6252eeadfb6865cc62d7266ef5e89b9a0db6  src/asn/ngap/ASN_NGAP_HandoverRequest.h
85563a06e31b70de0235cbf66dd2f4a83540b196de808ebe440b153718d95667  src/asn/ngap/ASN_NGAP_HandoverRequestAcknowledge.c
72275eff43d2dd150d7f91883d6b38bd31db880b3bfae0cf19e081115b745e83  src/asn/ngap/ASN_NGAP_HandoverRequestAcknowledge.h
bf223ffbed4903de0d5e8874db2273023d1d1c43753478a6ed1ff3c9f286ff60  src/asn/ngap/ASN_NGAP_HandoverRequestAcknowledgeTransfer.c
a8caf0c4e82a7457695ee428b78f56b3346060e634bde5e2645e2d146fa55e9e  src/asn/ngap/ASN_NGAP_HandoverRequestAcknowledgeTransfer.h
982c86815d48011fa1a54027a8de6b5d3e9e0e4216d383663937f8283ea031ae  src/asn/ngap/ASN_NGAP_HandoverRequired.c
218ccb7bd212172d833fbcf0d91e3434996acd31ac9cfb3ffb6a854ac7de0e23  src/asn/ngap/ASN_NGAP_HandoverRequired.h
f2483e955759419953642ea38fab03e7cf6445ef71ee9843fb2279c7d186f4b4  src/asn/ngap/ASN_NGAP_HandoverRequiredTransfer.c
0ea803639aa7d088e776e36a8894d675dd38a6213ed5d1bf3ab02d0aa73fd5a9  src/asn/ngap/ASN_NGAP_HandoverRequiredTransfer.h
95e8f586a20eb26453907477071a16136338c83104dde546f68d6f504901ad24  src/asn/ngap/ASN_NGAP_HandoverResourceAllocationUnsuccessfulTransfer.c
dfd00d7b4a26210a3e1b18fb1d4d44595d473739d06d775e1ec065b7b2bde44f  src/asn/ngap/ASN_NGAP_HandoverResourceAllocationUnsuccessfulTransfer.h
cd6fb45f276e4e203cc85ae80fba9815ecdacb565342ee81fd7c3bbb93d88312  src/asn/ngap/ASN_NGAP_HandoverSuccess.c
cdf3c2d8e546f898bc4206c4eebed3350fba62a16664b5a6218008bb89ed98cd  src/asn/ngap/ASN_NGAP_HandoverSuccess.h
2b1ae4ebd0d476f36b819f3c00b0b60cdef96bcbe0cf520d8fc4e830e9ec0614  src/asn/ngap/ASN_NGAP_HandoverType.c
2ee596be73c787771b6ec50fda745ee0632ed1dc82b36e8b68626152bc41d084  src/asn/ngap/ASN_NGAP_HandoverType.h
7c8643d504bda7936b1b4099b229b032ac5d3fb5ef744be9d7265605dfb1f2f9  src/asn/ngap/ASN_NGAP_HashedUEIdentityIndexValue.c
ac50f172a493afdcb64996c8c375cb44ba81e371db480f48ee769e3ed95cc766  src/asn/ngap/ASN_NGAP_HashedUEIdentityIndexValue.h
fcc9c73090eb07243a79e17f1a77451cbb305457bdb900f53f0bd7190f3b9f26  src/asn/ngap/ASN_NGAP_Hysteresis.c
f21a7e610432618d64834774f3ab2d244c280648c49ed10ca803bebb18fc3a64  src/asn/ngap/ASN_NGAP_Hysteresis.h
bfe942fdb7b8a35ba6d7bf1fccb9032e0f18595901aa7ac98831d6bc1f193974  src/asn/ngap/ASN_NGAP_IAB-Authorized.c
67fa18dce1c37600c1972d49609b395c2ac8d47ba07aa9528a5c4f8d2f4ff52e  src/asn/ngap/ASN_NGAP_IAB-Authorized.h
4dc229c19145832df705ab4fdf3c7a8dfc498d15ae8d7c84688860f8bb945e85  src/asn/ngap/ASN_NGAP_IAB-Supported.c
c35eba70b7d0255dbafd1a0c93d17322762abd1dd62d18586eb18d8bf6e4d463  src/asn/ngap/ASN_NGAP_IAB-Supported.h
1857901e9c454ca59999dd99b7315b2f3a78f17f3ba8d4e661907c60202a46a1  src/asn/ngap/ASN_NGAP_IABNodeIndication.c
a24035e5a14b35485af8c06dd7a86667070de470992e6051a02448fd4895792a  src/asn/ngap/ASN_NGAP_IABNodeIndication.h
9cf23eaf703abe14d6bf45260b20bfb28d7361570d71756e5d669da454680fbe  src/asn/ngap/ASN_NGAP_IMSVoiceSupportIndicator.c
74b883ccd5e2488928ecfff5344127b7442ea77e9634f762f161f607865a2f9a  src/asn/ngap/ASN_NGAP_IMSVoiceSupportIndicator.h
9395c986c70315536240317371f67e33dc80da95b40df78a4a27212ca2012e02  src/asn/ngap/ASN_NGAP_ImmediateMDTNr.c
06577a9b3ea82d4078527557343bb8bf5248127bde905f0e6a7710215445c054  src/asn/ngap/ASN_NGAP_ImmediateMDTNr.h
538f7aef2cf47ae3dd245321f6555c3246eb19231529ebc266191c2342ef71e8  src/asn/ngap/ASN_NGAP_IncludeBeamMeasurementsIndication.c
8a1838eac22d2796703c3d75dc8053666e4170ea4610e99b99c849404d0fba1a  src/asn/ngap/ASN_NGAP_IncludeBeamMeasurementsIndication.h
c758be07f899fa67a889aedad98a9c81b9b46805db2d7f89cba4f5b90d48e957  src/asn/ngap/ASN_NGAP_IndexToRFSP.c
039a5508cfb5bc1318925239f874588edb63add30de88da38ed9ee705b799f9f  src/asn/ngap/ASN_NGAP_IndexToRFSP.h
844b094949cc594944ae2e7ce322e7a7c8a4281f4c4c3bcaf2c5f75d918dd62f  src/asn/ngap/ASN_NGAP_InfoOnRecommendedCellsAndRANNodesForPaging.c
3f7f3a6957eaa231930d6c674bec7655467818b06fb0485b3933bd257d747d97  src/asn/ngap/ASN_NGAP_InfoOnRecommendedCellsAndRANNodesForPaging.h
1505915b23dbb38ea16310b1dddb4e81e27f3995bc1b39da3b5f18ee73e18e7d  src/asn/ngap/ASN_NGAP_InitialContextSetupFailure.c
6909403eca1e00831ecad23fea8efbf18ff208ef54c7d2b13d5f2e64ce7a95ae  src/asn/ngap/ASN_NGAP_InitialContextSetupFailure.h
b8c84fa1add181948e905daee45edb6cd55744011a07fa389e285107d64cfdde  src/asn/ngap/ASN_NGAP_InitialContextSetupRequest.c
bab222490ccb3f168debc5eff5cb23b81e1844e16d474fd259de2dfb5d35493b  src/asn/ngap/ASN_NGAP_InitialContextSetupRequest.h
5481eb96ae4da1d1b46db9a0d13ffc537c5bbc741117c233738b33c51065fe24  src/asn/ngap/ASN_NGAP_InitialContextSetupResponse.c
16ec9ddb143c91cdb4c3c9ed8a9d8cda8bbf2eee97dc90ca131c0c6997a1b31b  src/asn/ngap/ASN_NGAP_InitialContextSetupResponse.h
f3752d19556693a5a6898c90300da4ba5005e2d6d2162c064fefad656fd642cc  src/asn/ngap/ASN_NGAP_InitialUEMessage.c
9fe67cabd0a3cb643c9e4f47080024b0e4b701f331ec64639dc0fb59917440e2  src/asn/ngap/ASN_NGAP_InitialUEMessage.h
b0e562ad848dae996034741c33832e3216f714d5a6cdf48ce85e317c96ee45f7  src/asn/ngap/ASN_NGAP_InitiatingMessage.c
a7badd6c4b24840ab182f9f247dc272c1ea99daa3fdcc001c7ac3edca39afe26  src/asn/ngap/ASN_NGAP_InitiatingMessage.h
366652d4803c48621647865d5583eab5e2d67e4fba6856c0fb74fcd46628f683  src/asn/ngap/ASN_NGAP_IntegrityProtectionIndication.c
13383e86be93588dc07b565569384400302fcadd9eee0cc81bc0ee3f2f8f2ed1  src/asn/ngap/ASN_NGAP_IntegrityProtectionIndication.h
1a39f6ad54eda417b874a9021174c1a239564ce3c1b70398061d5abe4d8427e1  src/asn/ngap/ASN_NGAP_IntegrityProtectionResult.c
26b4c9dad99bfb8b340e731ca659b126706aeabfbce1396f5240d390bdcb8de6  src/asn/ngap/ASN_NGAP_IntegrityProtectionResult.h
63093b61548763aeceda07409a272f65887e054a0001d51a0dc74209ac682d78  src/asn/ngap/ASN_NGAP_IntendedNumberOfPagingAttempts.c
6d8757e053f23cc12c5cdc9f06f4facda552aed30ccca37b13f010d5dbf42ecc  src/asn/ngap/ASN_NGAP_IntendedNumberOfPagingAttempts.h
bb590ee0c6ff6b66d71c59b9206e9e0a99ab177a414f9d4bb642a51738d39fe7  src/asn/ngap/ASN_NGAP_InterSystemFailureIndication.c
e71d0d031ac1088b022c977ae59552b672a0c638fd5d5766a1afa4f216e8e2a6  src/asn/ngap/ASN_NGAP_InterSystemFailureIndication.h
39d7ee46c4cb6b6e2fb5ed96300eb7966d70ec8b2643f1d2502510326fd5c088  src/asn/ngap/ASN_NGAP_InterSystemHOReport.c
d8af33af9458b5898dfa7714dcc6bf85708cdea08f527fa4fb726746e25d6bed  src/asn/ngap/ASN_NGAP_InterSystemHOReport.h
35624e9ce656fedcee9732527e006c282aa4c5bf9f22f613104a207b0c30aa16  src/asn/ngap/ASN_NGAP_InterSystemHandoverReportType.c
742bd7954682e24b01adc453f0fd3c92d76f6e79992872a04f13401e93bc5e7e  src/asn/ngap/ASN_NGAP_InterSystemHandoverReportType.h
5f623ef600b2017c640f05b706827468d0a304d7e02673a08d80341969d2a4d2  src/asn/ngap/ASN_NGAP_InterfacesToTrace.c
07a1cc72d0091d305bb997484d9ee9f466241fb2cd51bdc4255b357adad20415  src/asn/ngap/ASN_NGAP_InterfacesToTrace.h
79aec6614d9866f8fadafa84212a50d424ed4188545923b89fe27fc6d394acd1  src/asn/ngap/ASN_NGAP_IntersystemCellActivationReply.c
5723309973785bc1b370ca77e0ce807ab815b623cc9a592efb392e71eac760aa  src/asn/ngap/ASN_NGAP_IntersystemCellActivationReply.h
45e55b7fc5e32e49017afe0405b9e5969e2ee3fb378ce33f81f8960aaa7ca2bc  src/asn/ngap/ASN_NGAP_IntersystemCellActivationRequest.c
30c6240130d2f741efe45c86a885fd416ef00f7a11746c2f3ad73a8119eb94a1  src/asn/ngap/ASN_NGAP_IntersystemCellActivationRequest.h
aa8b00b5bd74d29f17a58d05009ea6ea5768a56a222d6d0a2556b8d88098b9cc  src/asn/ngap/ASN_NGAP_IntersystemCellStateIndication.c
dcf7330c1e9349b9fb7ad3f1dd558d91f06c4a7aa12d832ef502b2ece141ed2d  src/asn/ngap/ASN_NGAP_IntersystemCellStateIndication.h
61670f59f48c7f76dbcbd5d87dcb3b815785af2da478325704256b0952ab3a0f  src/asn/ngap/ASN_NGAP_IntersystemResourceStatusReply.c
2615ed09b7b7aa2623e1b686c6f03c8d0e336de381c143a790c81f21e459fc56  src/asn/ngap/ASN_NGAP_IntersystemResourceStatusReply.h
7d2e9d934ac6fe98763d1314872e7d1852fba9a8cf9d61620e880ebcd731335c  src/asn/ngap/ASN_NGAP_IntersystemResourceStatusReport.c
caf68682c6a9629dae1068ff719cd9e91dd3137a96e5e354d2151f483845b20c  src/asn/ngap/ASN_NGAP_IntersystemResourceStatusReport.h
234395ebc27fe4148783da78a6dc6cf2ad9aa19f10263da556275a13d17f7ff6  src/asn/ngap/ASN_NGAP_IntersystemResourceStatusRequest.c
c146325ca5e1e4a4083e96bc58a3d81c4e8781d8b79bce2512c22f28064d6285  src/asn/ngap/ASN_NGAP_IntersystemResourceStatusRequest.h
8e67766d224896ebca43d1551356767533b870103694415110cb23116046149f  src/asn/ngap/ASN_NGAP_IntersystemResourceThreshold.c
fdfdf2f8632fa58a96870b0faee6e9c7795fc157b80a847bba38fc7ce715bbe8  src/asn/ngap/ASN_NGAP_IntersystemResourceThreshold.h
3ce5c31d82c39552098f166fae96b12f20f6eb563271b21f812188bcbf37d31c  src/asn/ngap/ASN_NGAP_IntersystemSONConfigurationTransfer.c
764a48d94731064aa744f19680e44bd3fa8a2d022d021b74f1ed9824817f3acf  src/asn/ngap/ASN_NGAP_IntersystemSONConfigurationTransfer.h
4c01266c5087cd8403f8a063d1f63befef3db1d533d7f9f6ff057c655f21d064  src/asn/ngap/ASN_NGAP_IntersystemSONInformation.c
684f39959191bc46d94282ebbe332e5be8abae28f49691bcd2509a313db59409  src/asn/ngap/ASN_NGAP_IntersystemSONInformation.h
e1c17c63f393d06fdbab1ebec5a6cc261e34cded35e7d00e77f16476f198eb0e  src/asn/ngap/ASN_NGAP_IntersystemSONInformationReply.c
982533e74290dc62aedf20fdf25f550acbf3ae3796c0e67868e1ce1468357add  src/asn/ngap/ASN_NGAP_IntersystemSONInformationReply.h
815186767452274c85c06117d09137245ea8bb6366f339281d3cec79b79ec21f  src/asn/ngap/ASN_NGAP_IntersystemSONInformationReport.c
4de35a951c0f465ca9a99e5d59402e82ea3dcb136a52a962933a7a5e4dcacc0a  src/asn/ngap/ASN_NGAP_IntersystemSONInformationReport.h
5f0a8d6056d2550f0a93cfc4fc11e22f19bf387309cc8b9e22465c8eaeec644e  src/asn/ngap/ASN_NGAP_IntersystemSONInformationRequest.c
2f5bf8c58a21b0084cd8add5b038753aa06e7a61695fb4f8fefff5a6f21a0dd6  src/asn/ngap/ASN_NGAP_IntersystemSONInformationRequest.h
0ceb365d0445ae789fc620d86d5080341af16e78947813741e45410c3d26849d  src/asn/ngap/ASN_NGAP_IntersystemSONNGRANnodeID.c
0a292c8b2c7e8d9162b1203a8edda86fce3ffefb550319a313143a8304bd9c9a  src/asn/ngap/ASN_NGAP_IntersystemSONNGRANnodeID.h
7a1a8b8631e9810f910a2bd4000fb90ba66ff0070316a366969551db6e763eb1  src/asn/ngap/ASN_NGAP_IntersystemSONTransferType.c
4341ec369fc585a1945b9eef90ea3a9ce8a0dde7af83353d94fedfe9d72694b0  src/asn/ngap/ASN_NGAP_IntersystemSONTransferType.h
bc90845e05c77d115acfc2f194cc9687947afd00753cbcfa8143d741c38625fc  src/asn/ngap/ASN_NGAP_IntersystemSONeNBID.c
c9530a368a40d9ad1b3d6eb48c8e8041cd915eac636ba976320e678c123c1c1b  src/asn/ngap/ASN_NGAP_IntersystemSONeNBID.h
8df68ffd451ac7a7cf7587d6521b964e269be56c9858fa301beb926d286fd617  src/asn/ngap/ASN_NGAP_IntersystemUnnecessaryHO.c
7ad79ed6073fb01a81a906dcd001671ae8f7d5a58f469c6fd8c6d533cb0ca506  src/asn/ngap/ASN_NGAP_IntersystemUnnecessaryHO.h
08512243d446babcaa9955fa1c7c87b9af3df286f814087a5e2f5d40ed9251dd  src/asn/ngap/ASN_NGAP_LAC.c
597dd66480a98b38701e61c91809f37e10c4fac63f76a57528b9332a24f2417c  src/asn/ngap/ASN_NGAP_LAC.h
43ff05f719e1905a5ca2f31b1bb9589fb25089b95df3daa984ea36bf8199ac8c  src/asn/ngap/ASN_NGAP_LAI.c
dd61eef77d2377be0d8158b0981ce956905e5ec10c90d297314e75e24acdac16  src/asn/ngap/ASN_NGAP_LAI.h
9bb43bc585f47b5211d32343f7245e03093a91cbfe9e12b053a53b70c0c0bf42  src/asn/ngap/ASN_NGAP_LTEM-Indication.c
11d38a368c940824625174f34c7f9098756f0829ba08a81bb1191ccd728ee572  src/asn/ngap/ASN_NGAP_LTEM-Indication.h
c7b8d9b26213427b2e65ab0242575dbf1ed279c12896a263c357ff792040f792  src/asn/ngap/ASN_NGAP_LTEUERLFReportContainer.c
b7c7d9482c4e0e521c63e45ca8f9294b9925110ea1c8b59d316eb945d2227ec1  src/asn/ngap/ASN_NGAP_LTEUERLFReportContainer.h
f3b02625c50bae6858c8897330b00562801fea393e16002bfcaba291cb826bdd  src/asn/ngap/ASN_NGAP_LTEUESidelinkAggregateMaximumBitrate.c
ad54c63cea2bf206c4b088ce00780d19a9fd40dcd51510d0c63e3edb3e5b92b4  src/asn/ngap/ASN_NGAP_LTEUESidelinkAggregateMaximumBitrate.h
d02ab30a3b32d34cca7b808ab23cbd4321e8c3b0250e72137f2bb963f9460397  src/asn/ngap/ASN_NGAP_LTEV2XServicesAuthorized.c
911ae2956a6909e1b25d473a0a830c708b86cd540c40563918ed567b917c4064  src/asn/ngap/ASN_NGAP_LTEV2XServicesAuthorized.h
3e0c8567e3b74ef67939b28677cd450c325ceba2c6ae85ca665082104f716d4b  src/asn/ngap/ASN_NGAP_LastVisitedCellInformation.c
54d42f48946a52204dbc94ff46817f05948613170499c2fabb12a3f59070417e  src/asn/ngap/ASN_NGAP_LastVisitedCellInformation.h
f3fd08506370673537997c32923d4c86b8c54590eb2964ed00c98f389d43a9e9  src/asn/ngap/ASN_NGAP_LastVisitedCellItem.c
3dddbef8889abc81057a15b4b67ed91ae593ad8689b71fe6e86a57ab357b2b90  src/asn/ngap/ASN_NGAP_LastVisitedCellItem.h
23fb6827f794998b03dbf4aa718030d4bf75c71b60425d96562421dcf79f6c07  src/asn/ngap/ASN_NGAP_LastVisitedEUTRANCellInformation.c
bb98d5117c5d178ba4af9b83cc07b6e54a4d90b82a1f1800f210022ef67b01bb  src/asn/ngap/ASN_NGAP_LastVisitedEUTRANCellInformation.h
9a5ff2e555f01f9cc58171636969d791831c8883db0ca3aba34d5af28f079e7d  src/asn/ngap/ASN_NGAP_LastVisitedGERANCellInformation.c
40e1358cee7c57cf4c6763dfeedd5561599bf96b61ee1988be39aa46f818e463  src/asn/ngap/ASN_NGAP_LastVisitedGERANCellInformation.h
166eaea52303e629e2b928dd5916db38c039528892e535c0c6ac3834b81bacc9  src/asn/ngap/ASN_NGAP_LastVisitedNGRANCellInformation.c
b7073ac85cf95737c4b81b89443b60befed98634c32cfabf9901c4f15a4a999d  src/asn/ngap/ASN_NGAP_LastVisitedNGRANCellInformation.h
cb9c74598e478a7d41340b79f91793a407733dddb4ebc770aff0a8d101d21652  src/asn/ngap/ASN_NGAP_LastVisitedPSCellInformation.c
a11a2d64f57d6d287cbcf8c3019faf2c782806e9382113d105ecdc9f4d0fef83  src/asn/ngap/ASN_NGAP_LastVisitedPSCellInformation.h
ee0c753c888a89a52022abe1580fc7686b18da9e78408bedf9ff4f2371528bd1  src/asn/ngap/ASN_NGAP_LastVisitedPSCellList.c
2fdc6346a780781aa36a319e797cbce037defba820a5b72d5a34f5bb000e3d08  src/asn/ngap/ASN_NGAP_LastVisitedPSCellList.h
d0723faff1a825980d39d109c9b6009ebe3d4b249e3a55e6979b332af698488c  src/asn/ngap/ASN_NGAP_LastVisitedUTRANCellInformation.c
1ce559197cb26f7617db523cbae1a3be00b6e96dd251ffc4a9467b1f304c16b8  src/asn/ngap/ASN_NGAP_LastVisitedUTRANCellInformation.h
4501cf951d7e027dac3d6d578c80bb444277be9f44a7f86e1e7e14d7e8606dc6  src/asn/ngap/ASN_NGAP_LineType.c
3bf2515a1a81493e2722d04831522e93f994414ef0c1f1ffd634886bd1e748fd  src/asn/ngap/ASN_NGAP_LineType.h
ee911c57aa7039d20a84ecff2c7f7b1d0d49a447331a367e5c3d5e4667679b3c  src/asn/ngap/ASN_NGAP_Links-to-log.c
fbc8bfee31b822b3c0a00086e473116be00ec9087a673dc31827fde36fb4995d  src/asn/ngap/ASN_NGAP_Links-to-log.h
372c849cf263071094c2845d7e7d09f7d0afa522c635beb21c18bd7b27d330db  src/asn/ngap/ASN_NGAP_LocationReport.c
14146fde3bd8a0914014189150092309a1a3359d46f2a909894d1e5ccb047537  src/asn/ngap/ASN_NGAP_LocationReport.h
d67578b654865f7abbf6ad001d48fdf75157c94cd214686ba7fc1429b4cef0bc  src/asn/ngap/ASN_NGAP_LocationReportingAdditionalInfo.c
3745b70f45a7bfeb457e0bb11b8ae011f19efafe8f80fd1522a4bc79dbb043fd  src/asn/ngap/ASN_NGAP_LocationReportingAdditionalInfo.h
50e640bc0614805a3417df66351fd1455e9d62e16e13be9a069d498d4ecd7f26  src/asn/ngap/ASN_NGAP_LocationReportingControl.c
e81e0ba6ba085c57415b0f0bbb8181ba1a3d7bf29469c1361d4d8ceaf711b463  src/asn/ngap/ASN_NGAP_LocationReportingControl.h
81293166e1bd08e5e8921a28b9d5e7fb6f6b301f15ba58aa5295080bde887a7b  src/asn/ngap/ASN_NGAP_LocationReportingFailureIndication.c
674fe8dfda625752995928a138d3e38e5e1b7dcd62695f97f220b5b04f38557d  src/asn/ngap/ASN_NGAP_LocationReportingFailureIndication.h
518cc2fed741ed116b9209480897d27fea7419793fe3ea8e36e7468e02800dc2  src/asn/ngap/ASN_NGAP_LocationReportingReferenceID.c
effe80fc9848d1cbec4958f74c617382ec9d843d970c180195b5d74ee94b63b1  src/asn/ngap/ASN_NGAP_LocationReportingReferenceID.h
b75c8971de76ecf9e2668efa157bb6259578fcafce12907d888e018c4ec09bec  src/asn/ngap/ASN_NGAP_LocationReportingRequestType.c
e67a4bb950ae8f0c1917171cf0ee654ed396357e84b302def770d9195dc44983  src/asn/ngap/ASN_NGAP_LocationReportingRequestType.h
6f45a33a11894c001860e9b248b561ba40247f0c03228c48be5024f7aada178d  src/asn/ngap/ASN_NGAP_LoggedMDTNr.c
ae2438407df0110e12e53d3d3706020836674d1e027b414f5ee1a5f23b9b29e7  src/asn/ngap/ASN_NGAP_LoggedMDTNr.h
f9f4c332d32d99167d19f7aa2835268b6c99122a073df14229e3b0acc736fd1a  src/asn/ngap/ASN_NGAP_LoggedMDTTrigger.c
9e0e4eacdfd0176791210aa4e22a1729bc1c4ec0b5ad7862c910d080ce586b03  src/asn/ngap/ASN_NGAP_LoggedMDTTrigger.h
cfb05d6ea1e24339bd3b206eed814bf260e9957a85dc21bc0c733f853fa77ea6  src/asn/ngap/ASN_NGAP_LoggingDuration.c
02c8840f37128edb68b3a67481820f6d0bfadaa65899eacdbba9c424bf29ff43  src/asn/ngap/ASN_NGAP_LoggingDuration.h
92562a017ba66261dccc3351b44fe4fa344bb80e54cd34df405655c2f31eb2f6  src/asn/ngap/ASN_NGAP_LoggingInterval.c
47322030680f167702f345bf37ba47aade5b4398ecd793603f4bf098360dfb08  src/asn/ngap/ASN_NGAP_LoggingInterval.h
ce7a60262d3c8a827700b95855e2207a7dff0e545bbeb0d6d34c3373fff18243  src/asn/ngap/ASN_NGAP_M1Configuration.c
8810ee3acec5463fa18245c8ae1da298077103ea7bdefa29a51acf595427ca65  src/asn/ngap/ASN_NGAP_M1Configuration.h
7093dfb9c635f5201941c811aab64f9b063db4409faea5ad7c14b0229a7e0009  src/asn/ngap/ASN_NGAP_M1PeriodicReporting.c
1827a3c25ac91bb07dbded00c5a63648c371c01b0dd3407e03044f5e66505ec1  src/asn/ngap/ASN_NGAP_M1PeriodicReporting.h
49f008de467ea2ff85134962079ee24cda6ffc192ebea4c800b8eefa209c0d32  src/asn/ngap/ASN_NGAP_M1ReportingTrigger.c
47e10c93de7c238bcad801c91c8e8c37f6c97b0efa024f9d0b6b6fe16bbe6443  src/asn/ngap/ASN_NGAP_M1ReportingTrigger.h
924d3d404ec503844762cc4c1100356e1eaf5bd84b115427018ea038b3f49f2c  src/asn/ngap/ASN_NGAP_M1ThresholdEventA2.c
afce369236fe22b4895b00c6414a28383759430abd6a12427c12920d015c59df  src/asn/ngap/ASN_NGAP_M1ThresholdEventA2.h
eebdd92107d427af4ac54bd06dcb696c084ba0b40d9c76bb4cd9c3ab32fb3be9  src/asn/ngap/ASN_NGAP_M1ThresholdType.c
f3a3051ed85f7957fd04cb07f0410d7ee173c36eb86aa81dc86d00e8605e22c7  src/asn/ngap/ASN_NGAP_M1ThresholdType.h
c8ea4428e4d1721e3058b3dda293ddb983a4b0c0ccf83ea295d0ca8512c2dafd  src/asn/ngap/ASN_NGAP_M4Configuration.c
45cab5624e0f6ddfcd54d8ca59018b1efbfa0de0dbfa68ce2c37f5cddb6451e2  src/asn/ngap/ASN_NGAP_M4Configuration.h
d915cbfd60689a96055951bc42129222bc53b71c5eafda597cce4fbe9b0a58e1  src/asn/ngap/ASN_NGAP_M4ReportAmountMDT.c
f8f6b20af05567856fb1189abf32175064c3439c1b5a62cdb25535ae8a1c9e53  src/asn/ngap/ASN_NGAP_M4ReportAmountMDT.h
9e17bffc0b48134bb42a961c54617b2e92687b7f72f4ce4ae4cd10658273bbb4  src/asn/ngap/ASN_NGAP_M4period.c
abde805918618bf62868b774eeb96259d53e485dd3c4e7097e06a1baeaa21768  src/asn/ngap/ASN_NGAP_M4period.h
81c9f4b173b1b55f521b7be7700b6df1c7c56b85f8c1ede5c19c995fe821cfcc  src/asn/ngap/ASN_NGAP_M5Configuration.c
cff23538ddba433f61b54ae0728ea09e6d6b40dc557133622bffaa5c6749d46e  src/asn/ngap/ASN_NGAP_M5Configuration.h
893234771f2c2b3e990d4a48687cfb64b1bbc24f27d8e884183bd863489df25b  src/asn/ngap/ASN_NGAP_M5ReportAmountMDT.c
7f1a28d862da39bc0aa9a26ee3a4bd66e65f470af429ef9af48d596ed61f52f9  src/asn/ngap/ASN_NGAP_M5ReportAmountMDT.h
529ecbde364e22fad97b597cc46dd607b9777a0cd560a4b8e3a4c4f0df472c15  src/asn/ngap/ASN_NGAP_M5period.c
f3ca755d601d84499dc88701cc07e05e41227b83b7c2515885e5dd170f366d53  src/asn/ngap/ASN_NGAP_M5period.h
249979793375d45390630678e857cc9f85aed01504c426560889acdf4e1cf9b4  src/asn/ngap/ASN_NGAP_M6Configuration.c
ed5f7e15156dfb8f1dd4c7e747d85b81e5740c35a1e468d649915f801be868bb  src/asn/ngap/ASN_NGAP_M6Configuration.h
94bcf63061b3926323e477b00e45ae08cb538129ef3665ebe30c6f9d84b5e525  src/asn/ngap/ASN_NGAP_M6ReportAmountMDT.c
23320f2dea47b940036e730bfb8ae8624f6490990ad9c559dba6fbf9e3a3aa28  src/asn/ngap/ASN_NGAP_M6ReportAmountMDT.h
0b6096db3609b2bab965c3e14f03b1ae33cd31a6741f4d2184ebafc108950429  src/asn/ngap/ASN_NGAP_M6report-Interval.c
35b34d4c85172e37de5686da7372ae7a65600e101892a4a6c9e3157029617a81  src/asn/ngap/ASN_NGAP_M6report-Interval.h
e4dd06b90e71f103f165538d7582563cc5d6f4e37c50710bbf0bebc3514a110d  src/asn/ngap/ASN_NGAP_M7Configuration.c
5c7771e421439795d127da7e456ce1635f7b3e3cfb2a063e6273e71a2b45c14e  src/asn/ngap/ASN_NGAP_M7Configuration.h
2ba2f7b231a44fe3f2532d4ffbb84e0ae0b1b9f7f1ce7231da1c9ec49fdea892  src/asn/ngap/ASN_NGAP_M7ReportAmountMDT.c
528da9e22e9e7d7ddc043a8f45b71eced9a58237bbc8bf1df2d1a31d61f8fb96  src/asn/ngap/ASN_NGAP_M7ReportAmountMDT.h
37c061b059d86f56c86597ab99d0ef6e1748d309ef418e1caec66011e51ea7ab  src/asn/ngap/ASN_NGAP_M7period.c
c8d4158991b322cd055312dfcc9413ee6feae9bfd584b1c87e0cd4852ff11d00  src/asn/ngap/ASN_NGAP_M7period.h
c2a9327e641b474d0d9bab22ca559dc159b7c5619e1814d5a5d19652921c6437  src/asn/ngap/ASN_NGAP_MBS-ActiveSessionInformation-SourcetoTargetItem.c
f4dfc5786ac72ea495db7ac85a9bb23207bb3259c66c55a17593a7f0276865ee  src/asn/ngap/ASN_NGAP_MBS-ActiveSessionInformation-SourcetoTargetItem.h
64f92c728bd5a1c963cee9367079957444610ba961ccc5eba472b8a0e31d8d4e  src/asn/ngap/ASN_NGAP_MBS-ActiveSessionInformation-SourcetoTargetList.c
c87b17051b3a4148498a349cbe7880cf6af8ddc00cb1bbde27dd65dc06139378  src/asn/ngap/ASN_NGAP_MBS-ActiveSessionInformation-SourcetoTargetList.h
890a734de9ece2892bd0b245d300056acd89daa1987e8fbd2a0035155d3ecc29  src/asn/ngap/ASN_NGAP_MBS-ActiveSessionInformation-TargettoSourceItem.c
c61bb7214179c8b6f818d409f784a9f5022ce98d737a12cd4969290c8e8e78d7  src/asn/ngap/ASN_NGAP_MBS-ActiveSessionInformation-TargettoSourceItem.h
5638273e017b6ef19f0ce34592178fe26918e424ac280cf70d5fb64df9622d25  src/asn/ngap/ASN_NGAP_MBS-ActiveSessionInformation-TargettoSourceList.c
876ab2201cae14b616bac2aa8ab1bedc13bd0bb3d8cd22df97cbc9b297ffd86d  src/asn/ngap/ASN_NGAP_MBS-ActiveSessionInformation-TargettoSourceList.h
bc1c57086fce59063f2711b9f993e10ef2f82ca17d7b382ddff247f48f716c21  src/asn/ngap/ASN_NGAP_MBS-AreaSessionID.c
972dd0d8254c74353b318603982b61b50560104464be433802b4fe5ec02c5fa6  src/asn/ngap/ASN_NGAP_MBS-AreaSessionID.h
a3d8da4d338e805c56286246f6c2b93fd080b57c647672a356eb6768425df4fe  src/asn/ngap/ASN_NGAP_MBS-AreaTAIList.c
3a91dd45c6991760b81a3502cd10514ab090652035a42b81db07718b63ccf9df  src/asn/ngap/ASN_NGAP_MBS-AreaTAIList.h
2019354fd2ed0282e361acc19a9a5faca2f8752a688b0fb0c00274e5fbe735b4  src/asn/ngap/ASN_NGAP_MBS-DataForwardingResponseMRBItem.c
3393604a67de1ffbed1d400c004319711f30dfbb0d638ce2a4a1cea95d5b357f  src/asn/ngap/ASN_NGAP_MBS-DataForwardingResponseMRBItem.h
e7c7af65303cd4ce1e6c083f722c7c809a376b1aa6ce89b504f657197716d24b  src/asn/ngap/ASN_NGAP_MBS-DataForwardingResponseMRBList.c
f0792cc589613b3a30149081e91c1f0e96e570916560d3536ecd6d6207aedf10  src/asn/ngap/ASN_NGAP_MBS-DataForwardingResponseMRBList.h
475c929f915792d5982a17a5d80b1d2c61d2fa47a66c1443ed0b87d41dcd9060  src/asn/ngap/ASN_NGAP_MBS-DistributionReleaseRequestTransfer.c
425294d08fd75f29a627be8fc06ccf842fffac02664e175552491adecb485086  src/asn/ngap/ASN_NGAP_MBS-DistributionReleaseRequestTransfer.h
403907a6d9e3c68387a46dfa46420f70aaf09ee8dda45039f5a92ec5ffdb7786  src/asn/ngap/ASN_NGAP_MBS-DistributionSetupRequestTransfer.c
7900566b53035b79b734e2155421bf2111bd4bb79a51309d8753f384a1572c62  src/asn/ngap/ASN_NGAP_MBS-DistributionSetupRequestTransfer.h
83a301465acd9eb23fb46f152d7e24e9c335c65694c55497078038ee4dbea362  src/asn/ngap/ASN_NGAP_MBS-DistributionSetupResponseTransfer.c
8540b6e8ed6dd42e406d0e3a85bbb75c68400b0082f75385efe170d19056895b  src/asn/ngap/ASN_NGAP_MBS-DistributionSetupResponseTransfer.h
8418c8d94223f73c68d60ef5bce07b572444fc61732d3a56854abc2405b3a533  src/asn/ngap/ASN_NGAP_MBS-DistributionSetupUnsuccessfulTransfer.c
807dd10f0e58b742e3c3e0c341b18102fb99e1860b2419a29218c92d711eaa4a  src/asn/ngap/ASN_NGAP_MBS-DistributionSetupUnsuccessfulTransfer.h
701d970a9c1db4255beab55f70f08c7f459b09c9f58e1b80e15425d13717c948  src/asn/ngap/ASN_NGAP_MBS-MappingandDataForwardingRequestItem.c
033ba02b6f42f7741746689d7e6b42d199d5e5c44499abc61c884a4a2c15a9d9  src/asn/ngap/ASN_NGAP_MBS-MappingandDataForwardingRequestItem.h
bb3453caefc7b736859e3b2bf689241f41781f9590f89b1211abf853af5910a0  src/asn/ngap/ASN_NGAP_MBS-MappingandDataForwardingRequestList.c
20debd49fedfc9b7a9bc27af156785e349450249b7beae90842b8e8958650dfb  src/asn/ngap/ASN_NGAP_MBS-MappingandDataForwardingRequestList.h
b05754e4b82fa218d39d3042d33da7a8fb5ea1db4ec7eb827644b458ee7dc29d  src/asn/ngap/ASN_NGAP_MBS-QoSFlowList.c
5d1214a6d6e985403043aad39131c1192eb0f1a841a439f4bf90fee7497a3f66  src/asn/ngap/ASN_NGAP_MBS-QoSFlowList.h
5270a859f7b6e40d8829f68674a12461eaf9f43d6f87fe22d0e18215a77dadd7  src/asn/ngap/ASN_NGAP_MBS-QoSFlowsToBeSetupItem.c
647883eedf7991ad6eabd2644d54d4f3f237d529a44f5ce20f12e10745ede604  src/asn/ngap/ASN_NGAP_MBS-QoSFlowsToBeSetupItem.h
eee6e861ab42c7cbdcc16424c3e9df9713929ea22ebb00a333c4a4a38ccbbc59  src/asn/ngap/ASN_NGAP_MBS-QoSFlowsToBeSetupList.c
866ab1d9bb463303b4198389664142de2381494be8be0fa177017df5971de7aa  src/asn/ngap/ASN_NGAP_MBS-QoSFlowsToBeSetupList.h
ca6d1ba2463d394fa09da4f4dd8a283284cdb4c1ebf85c8b5d57759eae4c0a01  src/asn/ngap/ASN_NGAP_MBS-ServiceArea.c
65da183a85318e6c310909afb6342f6410b5b05147c51a70f68f7895fbee6c1c  src/asn/ngap/ASN_NGAP_MBS-ServiceArea.h
05d6f4c23081e335a1431e72366ed7ddd3d68a4767b82757360f657a72a6bd69  src/asn/ngap/ASN_NGAP_MBS-ServiceAreaCellList.c
edb222512a3ba66766948dac99988eeb464a6c13e778be71f6ac6bc2d28c0226  src/asn/ngap/ASN_NGAP_MBS-ServiceAreaCellList.h
1cc718f8bd7540f928b6428ec7e4149789acc9b133de31ee3608565f8b1dfe98  src/asn/ngap/ASN_NGAP_MBS-ServiceAreaInformation.c
2cbf30daa5d827b722fda9bf67b6fde9b141e99f1ed9ef59237aae7b34751705  src/asn/ngap/ASN_NGAP_MBS-ServiceAreaInformation.h
6d728bd47777295203551ca21f04259b6f3ab2a4d6b28856bdb66d2c8fe9dc9a  src/asn/ngap/ASN_NGAP_MBS-ServiceAreaInformationItem.c
82ff25501d9a594ae6a8504e7591ae5ecd63f5d444b1213f2fc105fa060b9f89  src/asn/ngap/ASN_NGAP_MBS-ServiceAreaInformationItem.h
5252c0fb8930e284a99f966a2a8a5ab08000586c5e87f20c6915744a885a7e59  src/asn/ngap/ASN_NGAP_MBS-ServiceAreaInformationList.c
7789fb8be6ba461d172e3bb99d541cfa93ebb453c61a148215b3a8a427d8c66d  src/asn/ngap/ASN_NGAP_MBS-ServiceAreaInformationList.h
68aaa6a7c12d08a14809acf52499e36b0bd1338373c6463621aec872ef70e347  src/asn/ngap/ASN_NGAP_MBS-ServiceAreaTAIList.c
85721aef0e7cd29cae2e4bccf73ff6a31eb007fc8329e5c8a1a704b9c6ef9cac  src/asn/ngap/ASN_NGAP_MBS-ServiceAreaTAIList.h
c7cdab94a6bd9eb5fefb9f1b5879adbb5077917b2a97262223730b8a62657ee0  src/asn/ngap/ASN_NGAP_MBS-SessionFSAID.c
132c61885c3eabf3322d8ca550a0fc7ec6b88c46604c14dcef78c97e25ae7566  src/asn/ngap/ASN_NGAP_MBS-SessionFSAID.h
ac87a049379605109a92e5a41d3ba7629bdf3b24aaef4e98df425f2b54486d81  src/asn/ngap/ASN_NGAP_MBS-SessionFSAIDList.c
15e8c8863df2920dfb8bfd1f10aeb65444df8aea98e44c7abc0452931edbaa09  src/asn/ngap/ASN_NGAP_MBS-SessionFSAIDList.h
c571a1e908b60167c96c38fa5d5aad0b0981aa2ac6060859f007cf82e83c7cad  src/asn/ngap/ASN_NGAP_MBS-SessionID.c
8a9f218d4dadfc0c015022b205432a2daf2b398e3c7dedbdd09af0f699f4f264  src/asn/ngap/ASN_NGAP_MBS-SessionID.h
288718cb647c2e5cf73dc2634b795aa0f0a8d966bd8d9388f99b0bbe6b0e8d24  src/asn/ngap/ASN_NGAP_MBS-SessionTNLInfo5GC.c
71b85678563a454fbe00ac9ddad6218ee200476d049e681e666f7a58a1c7df79  src/asn/ngap/ASN_NGAP_MBS-SessionTNLInfo5GC.h
2405672e8a46e6876855e4160fcc78fe6c987b635cad70b5f9cf4904033503e4  src/asn/ngap/ASN_NGAP_MBS-SessionTNLInfo5GCItem.c
7971ae9c3d491b8c279f57d23f0400753e8bbcd9ba09c0ba4467b0378b2325a4  src/asn/ngap/ASN_NGAP_MBS-SessionTNLInfo5GCItem.h
bb312f6a0e5f6b421378f605e7a16a397a033b62512760a966a4e3fdf381139b  src/asn/ngap/ASN_NGAP_MBS-SessionTNLInfo5GCList.c
46726668f2117977400395bdbc89b3cfe9182d4dfc5224995915164ab8e390b0  src/asn/ngap/ASN_NGAP_MBS-SessionTNLInfo5GCList.h
9ed6feff333676d8f97d8b74fc5cb91e3845426d2b06550df6d4c832732da253  src/asn/ngap/ASN_NGAP_MBS-SessionTNLInfoNGRAN.c
c26949177fa8739c32196d557d743af65d4253d4051e856a8c381111ebf8ff6a  src/asn/ngap/ASN_NGAP_MBS-SessionTNLInfoNGRAN.h
20b7ccbf3ca4c2a860bb7f58e3e943b3a8a31116eb8c0dee3646f7bff5097dd9  src/asn/ngap/ASN_NGAP_MBS-SessionTNLInfoNGRANItem.c
84027756a3ecc87af799a87b13822fd3c84ad26a35311a3417e7d9ff0d2247a1  src/asn/ngap/ASN_NGAP_MBS-SessionTNLInfoNGRANItem.h
ee436d12cff8c9ef977024c58549e6384bac9b55f1984207fdbd3efdcbee1e1d  src/asn/ngap/ASN_NGAP_MBS-SessionTNLInfoNGRANList.c
ea0cfa6944e57a02dc8f3a8f6389c5b319ef41c6cfc69ffc9d11a5e271d0c207  src/asn/ngap/ASN_NGAP_MBS-SessionTNLInfoNGRANList.h
3a977a06ac2308d444ad34abd965ff79d9ffae72909015a2fc3d486057ab4129  src/asn/ngap/ASN_NGAP_MBS-SupportIndicator.c
a9b955f09e71d5eb9af526ee994353ec0c3f9927b5ed19e996c371a5ea552af6  src/asn/ngap/ASN_NGAP_MBS-SupportIndicator.h
80c81b1ce93a8a3a997ef044bbfdd74d0c9f615c9af9b516b4443e95b998cfd0  src/asn/ngap/ASN_NGAP_MBSSessionFailedtoSetupItem.c
028f28cd24882b159d4f2e0fa2ea9087a001c0c1723fec2498c0009d1231a38a  src/asn/ngap/ASN_NGAP_MBSSessionFailedtoSetupItem.h
43d52251802c84b6bcadcba2769a82e48ab7be54d09c746d9db421bca82f3677  src/asn/ngap/ASN_NGAP_MBSSessionFailedtoSetupList.c
4ee91ed4a891a8c180953980943aeb275e78d76a0ba0126daf78110618409073  src/asn/ngap/ASN_NGAP_MBSSessionFailedtoSetupList.h
1f1d39d8e20e7c4d6671caf2d2bd2a8e33d15e6b9227171ed1f6e61fe5089c1c  src/asn/ngap/ASN_NGAP_MBSSessionReleaseResponseTransfer.c
293702dce7e96ef772c5d2c7e808a4440dde3bf8dd1fc50e549d4e0d61a940b2  src/asn/ngap/ASN_NGAP_MBSSessionReleaseResponseTransfer.h
7ddf2f2adbff4f24bcc6af9fe52bd966a9af3e764daac504c3209384d55afdf3  src/asn/ngap/ASN_NGAP_MBSSessionSetupOrModFailureTransfer.c
6e80fddd996dad288e0a118795db78b483d7acecb6b57d5ce16d42425059f136  src/asn/ngap/ASN_NGAP_MBSSessionSetupOrModFailureTransfer.h
64ec64c97f3b3171f463d6755ad68745608179ae480c56ddc7a0555fbf93acf9  src/asn/ngap/ASN_NGAP_MBSSessionSetupOrModRequestTransfer.c
4eeaeebc288941031e6c84b95093c2fd8e82a5e5cb09be4ee8d2b3c43f5b8e31  src/asn/ngap/ASN_NGAP_MBSSessionSetupOrModRequestTransfer.h
9abe1e592b94036f3c9f96942b99f1ee8fee2c1176c485fd2719c2a7f0f7609c  src/asn/ngap/ASN_NGAP_MBSSessionSetupOrModResponseTransfer.c
4234431c6a05c4acb1b73c0fee807f9c6d9f442d275b4621a9154f8877e39e2c  src/asn/ngap/ASN_NGAP_MBSSessionSetupOrModResponseTransfer.h
029d3e8b180353712cb73610f8aace93cd1e500da76a4e7a80cfbaf3acd694f9  src/asn/ngap/ASN_NGAP_MBSSessionSetupRequestItem.c
2000efac338b726865ea492476039612020814f12b7a482ac9b6284b6ed14ed5  src/asn/ngap/ASN_NGAP_MBSSessionSetupRequestItem.h
8571783ee36753273d46072447083dcc41f3fe684f3dbc1e04937ce871fe1e89  src/asn/ngap/ASN_NGAP_MBSSessionSetupRequestList.c
a59a108e858a4f55d7e08a59979aeb6dbc2d8dcc5db8cab20a7a64b370f60927  src/asn/ngap/ASN_NGAP_MBSSessionSetupRequestList.h
e41893dd79fdbcf35d3b7d6d0c7fe926879abc0d6b91b91025d071ba886b93c7  src/asn/ngap/ASN_NGAP_MBSSessionSetupResponseItem.c
393351b3dedd7f77c7296f84bc30e56de9ea618cb3d472574cd4bcec64791f07  src/asn/ngap/ASN_NGAP_MBSSessionSetupResponseItem.h
0dbbed42caa496341867cbec1163984971302727a8e09e83604d99d9c349ace3  src/asn/ngap/ASN_NGAP_MBSSessionSetupResponseList.c
076c68f655234c6d9123d334353ee473562c385a32e0e2fdee4f6bd93794cbc2  src/asn/ngap/ASN_NGAP_MBSSessionSetupResponseList.h
217805f7f3308579ce6344c89f112014a055072908748a804f981bc65265c102  src/asn/ngap/ASN_NGAP_MBSSessionSetuporModifyRequestItem.c
9a322cf94ace915413027e9ba1c8861813dec2f48e391747048ebe7d377f205a  src/asn/ngap/ASN_NGAP_MBSSessionSetuporModifyRequestItem.h
2775785eac5b025778c769200c511d0c4044edf5c9a03877e6d4f78e8a2dffc3  src/asn/ngap/ASN_NGAP_MBSSessionSetuporModifyRequestList.c
5cdd89874ce51d7310da4d2a1f5dba7563ce4251531cb5de0709a338788efb70  src/asn/ngap/ASN_NGAP_MBSSessionSetuporModifyRequestList.h
c082c7a36085b31ba26ec61b5bb035b6ce7fda52d639b94049b9d69280f78f33  src/asn/ngap/ASN_NGAP_MBSSessionStatus.c
82551add8dec211742571f34dbe59b500768443289875874a5127b650098f26a  src/asn/ngap/ASN_NGAP_MBSSessionStatus.h
8161498c8a039401916df97aaf5b7648efef884aa6313ff22e936be319648349  src/asn/ngap/ASN_NGAP_MBSSessionToReleaseItem.c
3fc24c67f672a3bc9ab937fe8e7d36f5674bd78adaa5447e3a9583a0412c9330  src/asn/ngap/ASN_NGAP_MBSSessionToReleaseItem.h
3bdf055f63d58a850312c6312c9eaa3af930cf86186f3094aab6a53a3a8db766  src/asn/ngap/ASN_NGAP_MBSSessionToReleaseList.c
d10bcf08ea151a1c3ff1dcf430788e41abe897d5537de3370115b62d913deacf  src/asn/ngap/ASN_NGAP_MBSSessionToReleaseList.h
9a051ecd16ea565d35395d2aaae41352eb5c26ed75324cf4ed8e740a47535b8e  src/asn/ngap/ASN_NGAP_MDT-Activation.c
bdd03957309ce335e8bb01db3d5a3932f5001ea005b1b04b99a6c2f351b09889  src/asn/ngap/ASN_NGAP_MDT-Activation.h
765ee620da07e484e83b28bdb7d1ecf7b9e55349d9099cdc1ad74f380442c604  src/asn/ngap/ASN_NGAP_MDT-AlignmentInfo.c
ed9804ae3c74f0b6313c5cd052161234cfe1d03bc48cb43779bd5cbeee9f865d  src/asn/ngap/ASN_NGAP_MDT-AlignmentInfo.h
48754af8440edbcaeb6646f70703ba51b803530103c510a4ae2f0ec937569d73  src/asn/ngap/ASN_NGAP_MDT-Configuration-EUTRA.c
0c6af44e139c429c9222645fc4d60497a5fad390e0d7209476df17019a54d077  src/asn/ngap/ASN_NGAP_MDT-Configuration-EUTRA.h
7a1a563d16b531f17830d83ed8c434216bee45040ef2734771e889aad90c41e1  src/asn/ngap/ASN_NGAP_MDT-Configuration-NR.c
f62db6b038935a7f93241db4d133d1b7f2849eea9a0c6afd2e2def6841d3320d  src/asn/ngap/ASN_NGAP_MDT-Configuration-NR.h
92a42933d8132f36cc7afb41448f714c542df2b659658a75ba978d0d5aff5f1b  src/asn/ngap/ASN_NGAP_MDT-Configuration.c
e6705fd117eb52e7637e2e570464d139afe64a8d8f71d2fc513c9a7603b8c92b  src/asn/ngap/ASN_NGAP_MDT-Configuration.h
05cf4a22a484d190864a8e1ebbcbf07fcab705b054f20174ad8c72633b84ae2f  src/asn/ngap/ASN_NGAP_MDT-Location-Info.c
a5d4a93d17cbef664b7c292e8faea782354158ee3f3db13e71c662c7c7a731ae  src/asn/ngap/ASN_NGAP_MDT-Location-Info.h
26155647243a2ddb512e135ad045bbb33e9ecce8b63032fa84c765c25d554fb1  src/asn/ngap/ASN_NGAP_MDT-Location-Information.c
33e5b85c181a242b003d84af10bd2cb4f13c9bb268dc00af17f26e3bce4d770e  src/asn/ngap/ASN_NGAP_MDT-Location-Information.h
e2da3adedc47b8c42454bd8494bf29ced044512d9535a5607b405b72916183bc  src/asn/ngap/ASN_NGAP_MDTModeEutra.c
8246757f47ee77d7d49ee0ae1808e6e878d56c6794224484e44765841a8d1d07  src/asn/ngap/ASN_NGAP_MDTModeEutra.h
ab59105664971962451b15beb6171091b49ac804b41aff9cfed1da618640f8b5  src/asn/ngap/ASN_NGAP_MDTModeNr.c
86841641a303cb7d34c45d5844d030b816efaa36e0be83079f4fc0f985fbcdd1  src/asn/ngap/ASN_NGAP_MDTModeNr.h
3acf7548735c1847c38ad81f61a5b72f0898e99a141cfb9ace9cb97dca37910b  src/asn/ngap/ASN_NGAP_MDTPLMNList.c
ebdff70abbe9a384724da0f9fffc3ebf68ae3c507c1efd33f8a980fb11ba7122  src/asn/ngap/ASN_NGAP_MDTPLMNList.h
02afe391dad66c9c3103aeaf5aa3fc43f2310e58a266853e061e03b6801de13b  src/asn/ngap/ASN_NGAP_MDTPLMNModificationList.c
8bb5e401dd72dc898f89a8029d555d918de8de1415b9f9b9f59da9c69770cb4e  src/asn/ngap/ASN_NGAP_MDTPLMNModificationList.h
a5a060931fb19fca7201f3e2f07482c4278aac585036e197360bc7bb8279b20a  src/asn/ngap/ASN_NGAP_MICOModeIndication.c
5907ed1096ea3b88e0b6b4ebf90a38e6e255a952bc2c4f9d2f5c25498b2a18e0  src/asn/ngap/ASN_NGAP_MICOModeIndication.h
a984a47e4cabcacf3954a9139b7c5f1b5a6b9aa3b095cce7968bb80fa9136081  src/asn/ngap/ASN_NGAP_MRB-ID.c
20a0d026a131bf006067d9c879d79a19cd58e2d076fd9b1ea68ceb49f663df5f  src/asn/ngap/ASN_NGAP_MRB-ID.h
0ec3885b46566f1369c2f0ce53b1de0a1dd68e4a3dd64fef0ac5e902fb90fc71  src/asn/ngap/ASN_NGAP_MRB-ProgressInformation.c
871ff79c589ce8b1282d736ab325340879a4740ad07b3c322374eebd783ba218  src/asn/ngap/ASN_NGAP_MRB-ProgressInformation.h
6946bf929164a8f63e177863fa79382c201d88355a9dc1319b699ae997b45b82  src/asn/ngap/ASN_NGAP_MaskedIMEISV.c
554781769e8777f4a492f742f45cc38fbd384f035a3158eb5060e630c2023a07  src/asn/ngap/ASN_NGAP_MaskedIMEISV.h
f31e281d589d5e7ce402ae15b12f2963a38d2c4e2d136b7134f86af665c24f4b  src/asn/ngap/ASN_NGAP_MaxNrofRS-IndexesToReport.c
0b022c2896d3e5a3f07b4c3d65c2a7993545639bcc6cfb9347b07bbe7126760e  src/asn/ngap/ASN_NGAP_MaxNrofRS-IndexesToReport.h
02fe9d0e7326ee0f9e6f428945adaec3e6a8ca05558b1288f701174829686654  src/asn/ngap/ASN_NGAP_MaximumDataBurstVolume.c
5046cdf5760a7906cbfda294f993d600a076cede4009044e61849879c52c15b7  src/asn/ngap/ASN_NGAP_MaximumDataBurstVolume.h
e5c1a55d9e7f21c40329da930cac332de7ef84528b8dc2eb39b7c1d4d35e89a7  src/asn/ngap/ASN_NGAP_MaximumIntegrityProtectedDataRate.c
e9f34341944b026da1eab9b27144f10fc23140fced917b67affca89e8d7d6b84  src/asn/ngap/ASN_NGAP_MaximumIntegrityProtectedDataRate.h
6251433445d62273ad388251af824615e282e7a660590687cd186e0e319b584e  src/asn/ngap/ASN_NGAP_MeasurementThresholdL1LoggedMDT.c
928e720ed26344ac84ad930694156cad7795a28bc92bbe490cc0163ca59d4d57  src/asn/ngap/ASN_NGAP_MeasurementThresholdL1LoggedMDT.h
a23671af66509ba5e9dd8d85c920ed6188f7987556b379f06c689ea7885d97cf  src/asn/ngap/ASN_NGAP_MeasurementsToActivate.c
a3f4dad468c2b46a0a0a4f7b5b91602c193cd14b36a64eee5cefc3fd6f14250a  src/asn/ngap/ASN_NGAP_MeasurementsToActivate.h
f92d4588363cf0ad390b48c6ce7e1e8f5d3845278c89faa729da51ead1749e8b  src/asn/ngap/ASN_NGAP_MessageIdentifier.c
eaaaf15b5539aa053f2b11a14a048603c6b1369ba34a3d9ad62826ee46ba6e1c  src/asn/ngap/ASN_NGAP_MessageIdentifier.h
ece117dc2d324b2c195cc4bbe536781ee0d08356de47ac227dc60e15016b4b09  src/asn/ngap/ASN_NGAP_MicoAllPLMN.c
a2b54e418a5ee3bb8b3b12035d7f9e18852998e8cedd0c4bb5cb737f6f65d615  src/asn/ngap/ASN_NGAP_MicoAllPLMN.h
6f6cd3180469a1384fc3e6580fcb476b7da33d1428a3a2797023245b556d2743  src/asn/ngap/ASN_NGAP_MobilityInformation.c
d66d4168d1e7021fd89ac5c2fe4eaea807cef845227f5b6058b03a8e7cac43ec  src/asn/ngap/ASN_NGAP_MobilityInformation.h
bdba05b0ba65aa75b680f43c333317fabedb15455c92b915be3b77598fcc11eb  src/asn/ngap/ASN_NGAP_MobilityRestrictionList.c
1f02754c1d293fe0c1ef9ce4409316c008b4c3aa3b7ea1673264ce1773606c34  src/asn/ngap/ASN_NGAP_MobilityRestrictionList.h
3ff8e8b3d4a4e73101932cf8699fbb2e976e3fe7b6eaff7ce57af288e5c77080  src/asn/ngap/ASN_NGAP_MulticastGroupPaging.c
92eed732d155b45ac0e65d160e43afc1fa2742500280a736d841cd930f451ab6  src/asn/ngap/ASN_NGAP_MulticastGroupPaging.h
ca4d3a130a9bc818fd2ec08dd561d020dca865efc9e5297dedeae3e0f6d57a30  src/asn/ngap/ASN_NGAP_MulticastGroupPagingArea.c
280b9d29219cfebec932e9513cd32b0d7430d482dec69fe56a48181fd5f9df16  src/asn/ngap/ASN_NGAP_MulticastGroupPagingArea.h
18f486671330ae7e3698837bc971b2dbffb551e5c0b44f394e2ef47d1a604f82  src/asn/ngap/ASN_NGAP_MulticastGroupPagingAreaItem.c
7f49fe05dd4253d1ceefcf9d785f4b24257bd92e28db74ee40dbc43cb653ca66  src/asn/ngap/ASN_NGAP_MulticastGroupPagingAreaItem.h
41c315e1f8146c623d090804184d50c712ad68f0531c6b5c9f7899d31896e016  src/asn/ngap/ASN_NGAP_MulticastGroupPagingAreaList.c
d50152ff643ed3b7d697ec311ba16a9249691c4ed116f6c0cd6b289b210afc3d  src/asn/ngap/ASN_NGAP_MulticastGroupPagingAreaList.h
c1c210ff9f13b1f95f683eb013aecdad6228e2b8417e36a04e07c4a65d837739  src/asn/ngap/ASN_NGAP_MulticastSessionActivationFailure.c
d74a4b9acaf84f8162d5d6b5932d2c47e532a672dced104aa1981834ecb67a6d  src/asn/ngap/ASN_NGAP_MulticastSessionActivationFailure.h
b1a31ad4def8341c903b45e5e290e28c7d747df0a3cb182ec5aa1f45f8b1f5aa  src/asn/ngap/ASN_NGAP_MulticastSessionActivationRequest.c
8837d8222d21dee7966b18000e579b6a92b3a02a32f1b292a7c4c744149c8b16  src/asn/ngap/ASN_NGAP_MulticastSessionActivationRequest.h
8e7eb3043206c1f0c37597f4ab51e99c4402e49663f335dcf0f29b10228fe649  src/asn/ngap/ASN_NGAP_MulticastSessionActivationRequestTransfer.c
d1bfecdf42fb8fb9bcfdf3f74329defdd857c2d66db84a02f98f02bb49454185  src/asn/ngap/ASN_NGAP_MulticastSessionActivationRequestTransfer.h
3d815f6f1f1211f63ce235aa27897587b041077147f1476151037f2932383cd5  src/asn/ngap/ASN_NGAP_MulticastSessionActivationResponse.c
71289d3d55d3db953a46c8657b28fdd5da239d6d05c13708494e4108451d3de0  src/asn/ngap/ASN_NGAP_MulticastSessionActivationResponse.h
7da2f0f0fdbfd2e8d71695603b94f69c0aecaa77364831400aaa00e5404bd22d  src/asn/ngap/ASN_NGAP_MulticastSessionDeactivationRequest.c
f45528ec458c02911f8d403211b93b64c3a65378d1fb452db1a097b355f17d11  src/asn/ngap/ASN_NGAP_MulticastSessionDeactivationRequest.h
9d342d97797a053d48bd367a2e171d92aa4f8b529224d26baf7b8703f28f0d4e  src/asn/ngap/ASN_NGAP_MulticastSessionDeactivationRequestTransfer.c
8ffafdd61173f26f140919bc99578d2e8e162d9e2435864726bcc22cbfd5ebe4  src/asn/ngap/ASN_NGAP_MulticastSessionDeactivationRequestTransfer.h
79d3db1ad1ebd7be63205375a6b4e1f7248f459aabb30d74c618d583bcbfe8bb  src/asn/ngap/ASN_NGAP_MulticastSessionDeactivationResponse.c
f7861e2d082303379d8f49f7c196dcb21fc499f2250abf4498ebdc657c9ba62e  src/asn/ngap/ASN_NGAP_MulticastSessionDeactivationResponse.h
a76cf6320f002d7eb0323df043e075d89a292101f0f4f9763b07b2dd99ba554d  src/asn/ngap/ASN_NGAP_MulticastSessionUpdateFailure.c
8b22f9202919dd2a90fd5ba9b9dcc8cf4edb2a9dfc812326e724791f3d3cc648  src/asn/ngap/ASN_NGAP_MulticastSessionUpdateFailure.h
64e31084f765a1b37ec4b66e717dae15ce7d6f9ca0540e7cc4f013204c9e1f2a  src/asn/ngap/ASN_NGAP_MulticastSessionUpdateRequest.c
4901d54cb72047e8174e6574bf0fcdf78d9ddab0185a38d5e6a8f22c175c4313  src/asn/ngap/ASN_NGAP_MulticastSessionUpdateRequest.h
6151394e8b457eac64d01e5b3ce454d54dd31967540fb2e20a7690b072015160  src/asn/ngap/ASN_NGAP_MulticastSessionUpdateRequestTransfer.c
05511d23b35b8c146320e451be967e249b5950e025324e9fc70750bc416d308e  src/asn/ngap/ASN_NGAP_MulticastSessionUpdateRequestTransfer.h
87c0726cb4766df5ff0234e2aacd7ebb72d32e4347c7ebe3df6b290ac2cb45bc  src/asn/ngap/ASN_NGAP_MulticastSessionUpdateResponse.c
8d24972e15b699f7ffb86971026dedbeede7785ca159ca8f05208a0db0e2f70a  src/asn/ngap/ASN_NGAP_MulticastSessionUpdateResponse.h
de6ed2b84b9701cf7f1cf272234085871cdfdda94b35a451fb01757adf1a0925  src/asn/ngap/ASN_NGAP_N3IWF-ID.c
26c73eb9c6588a1ecbe53f8d49608645c3bf9efcd1073b7e3d84f6b8b7c78180  src/asn/ngap/ASN_NGAP_N3IWF-ID.h
99277fd74d1bb270cf81cd7297a97b66c0811624a1055ead764b120370641336  src/asn/ngap/ASN_NGAP_NAS-PDU.c
2dd80da71bec1bed2d8b37351ce1f2641afe22c1540bae37cf6b812eac93ed4b  src/asn/ngap/ASN_NGAP_NAS-PDU.h
42d857f76f8cee11778c064dea527083d5f15905a3b65a576cf0a4fcb0bef0f8  src/asn/ngap/ASN_NGAP_NASNonDeliveryIndication.c
2e217cb6a2f56c72aa9270d89bbb521890b7fc36e4ac23568772d0b82a8e5244  src/asn/ngap/ASN_NGAP_NASNonDeliveryIndication.h
56dd140560f9aba76a1a8d0ab022e97f9db0a0714f1eccdb85db55dc52d05c63  src/asn/ngap/ASN_NGAP_NASSecurityParametersFromNGRAN.c
af7363736074373181fb8d37602274f10575a7232b7da420c950ff477e531c87  src/asn/ngap/ASN_NGAP_NASSecurityParametersFromNGRAN.h
dd33a5edd5f5fc52be987f60bff726e5ec2e31947eb57eb8ae87b9db02b98923  src/asn/ngap/ASN_NGAP_NB-IoT-DefaultPagingDRX.c
eacb141257ad306995c41b0d93946e179ee6f0b53db6e4a28a537831e1bcb3ff  src/asn/ngap/ASN_NGAP_NB-IoT-DefaultPagingDRX.h
e0139c9ab699c5ef33af8067ffb2d950ff4b77b850e077c243e692fb60d42baa  src/asn/ngap/ASN_NGAP_NB-IoT-Paging-TimeWindow.c
dd1daa1c498aac6004cb3b49bbeebb4b54c1199a40458466e2ae61cfe3b082fd  src/asn/ngap/ASN_NGAP_NB-IoT-Paging-TimeWindow.h
36f960b5e3542a0e404d8f31b16860b9602f08f230e07b434332403a2723ab8c  src/asn/ngap/ASN_NGAP_NB-IoT-Paging-eDRXCycle.c
d70293fcbfc47d951dd6b8b2a5f5d4ad40f65cb731153d5177e8df2d74139e43  src/asn/ngap/ASN_NGAP_NB-IoT-Paging-eDRXCycle.h
5b31767afa6bd4258c4b32049fcf58c721061c0ef6aa1d51f1bd1eb2f3dfe011  src/asn/ngap/ASN_NGAP_NB-IoT-Paging-eDRXInfo.c
28decf957bea814df4b19107b02271fd5cebcb1ae83f96b6de93f561e1c05058  src/asn/ngap/ASN_NGAP_NB-IoT-Paging-eDRXInfo.h
81bcfb1deb4e5cf24ac904a00597db6506d4e307eee5c46fe7fadf4a2dd80a45  src/asn/ngap/ASN_NGAP_NB-IoT-PagingDRX.c
7b5881a38bdd08bf342ca14d8d04559a0ea0f8d9bba8b0f554c6972ce624e4cd  src/asn/ngap/ASN_NGAP_NB-IoT-PagingDRX.h
b2c518183f69a159ef578c1b6cae5e987757722732bb2db46acd7d0b627cf5be  src/asn/ngap/ASN_NGAP_NB-IoT-UEPriority.c
fa283a914f31d3c0665b666c0a189b2f76963867d0fc17e292cce561f0b22777  src/asn/ngap/ASN_NGAP_NB-IoT-UEPriority.h
66f6b9efb7a1e78509d4b3976f0c5323ae5c8ea9f6e63e79dc4d7ba2bf97ffa0  src/asn/ngap/ASN_NGAP_NGAP-PDU.c
72c6e2f14fc1333eb655c361472f63e609ca9b136997e24ffd38ee48fa370d47  src/asn/ngap/ASN_NGAP_NGAP-PDU.h
0ed14e8cf59977441f00b68c36ebc328b13535c6def6766501e410981239b70a  src/asn/ngap/ASN_NGAP_NGAPIESupportInformationRequestItem.c
b1e73d66f0b5b471f9be5b16fa4f0a85ba1a81867223d33832c214cb8228d2e9  src/asn/ngap/ASN_NGAP_NGAPIESupportInformationRequestItem.h
78882e06362543b791144ca5da2c660f473ebe067915e4f6512533c0a9c9df70  src/asn/ngap/ASN_NGAP_NGAPIESupportInformationRequestList.c
e21c418961f8423e736a5a24d961786550e44c823b7061d7cbadd795c823aa7c  src/asn/ngap/ASN_NGAP_NGAPIESupportInformationRequestList.h
e158292f24d874d5f606b47f637e9ac01d6a30938ba83fb3b5184f55d9c1afd8  src/asn/ngap/ASN_NGAP_NGAPIESupportInformationResponseItem.c
0f1119624d1c5fcec51ad149ca1e15242fe155ff8aaf983bd403b8df32bd58c5  src/asn/ngap/ASN_NGAP_NGAPIESupportInformationResponseItem.h
4dc50301599af70e512fd192854fa164cc9631c701889a546a15a24f28bf20f2  src/asn/ngap/ASN_NGAP_NGAPIESupportInformationResponseList.c
f02a81570818fc2d77802077fe9936ae9d8b33f8658b283ea93efd33a5518daa  src/asn/ngap/ASN_NGAP_NGAPIESupportInformationResponseList.h
048f0ed1f1c96f71dec616d242c3c434c9bf04164267bd4055760cd2591c55ce  src/asn/ngap/ASN_NGAP_NGRAN-CGI.c
bfdf30cd27002e1eeb5391c7ee1502ce0d1010aaeecf476218be1b66e63d8f3f  src/asn/ngap/ASN_NGAP_NGRAN-CGI.h
8fbbbfa4eaf2802be41acbcff74a50b67735d4f40de8306b4c4dff981f258884  src/asn/ngap/ASN_NGAP_NGRAN-CellReportItem.c
7e5a0ca2e44d03fcc4fb3c80768d3037615ec9f3f5a39bebf47a942b2add0803  src/asn/ngap/ASN_NGAP_NGRAN-CellReportItem.h
7154a4983d36e84a02b0a262d00ed6d5b2ef8a8430bbc3de25b61780bf252410  src/asn/ngap/ASN_NGAP_NGRAN-CellReportList.c
bd51e444cbb08ce935f6f5eec956e7d977abe0e101a755547c36704b844f22c5  src/asn/ngap/ASN_NGAP_NGRAN-CellReportList.h
d0163f4bd98e55260c96c7873c325f7ca7a75999fd2aea1f4d2cde67e824141d  src/asn/ngap/ASN_NGAP_NGRAN-CellToReportItem.c
523d844f75a235e42c026c00fd5477be7bb2450c0a89bf09a98d1b6272acc8a0  src/asn/ngap/ASN_NGAP_NGRAN-CellToReportItem.h
3159c287916d312fccb746501424c89e11c86c72f1cdf6a2b804afec18a8c467  src/asn/ngap/ASN_NGAP_NGRAN-CellToReportList.c
3dac96278d9f51e27f63f094d1c6746f6395f0bc4178ad7dcb461233de6c523f  src/asn/ngap/ASN_NGAP_NGRAN-CellToReportList.h
91aec47e68d26174328c7ab1d3a383c13d0c4d4226f72025a6ae318b40a6884d  src/asn/ngap/ASN_NGAP_NGRAN-NoofRRCConnections.c
15bddfcaaf9e63f0995ea400f91dc31aa87ffef69ae77298a07bb085446b757b  src/asn/ngap/ASN_NGAP_NGRAN-NoofRRCConnections.h
a4e14c6e342f21160d095aee24df39888be28ec2a54566047de5a68b649e9761  src/asn/ngap/ASN_NGAP_NGRAN-NumberOfActiveUEs.c
49d483ad00401e9e6d0409c1954b6d752993fa35ac9adde6effe8b6d4b33a20a  src/asn/ngap/ASN_NGAP_NGRAN-NumberOfActiveUEs.h
f51316f776b77b316c908d88c0cf2930f6c6f786e12f687660d46ff789dce2ec  src/asn/ngap/ASN_NGAP_NGRAN-RadioResourceStatus.c
c0687100dcb6736a7fc4f06c73fa27f3c6e2823e075aaeb1594989912062135e  src/asn/ngap/ASN_NGAP_NGRAN-RadioResourceStatus.h
dd09a56f359334befeec15ec02b36806da0a7c9a581b537453146e8c23172afe  src/asn/ngap/ASN_NGAP_NGRAN-ReportingStatusIEs.c
0e3592c512c8d63801eee2143c32c22da9ba45376884b4e58aca92aa21447589  src/asn/ngap/ASN_NGAP_NGRAN-ReportingStatusIEs.h
766cfe719d900170eff462a52e350b60d94cdf5367bee605be82308b408547f9  src/asn/ngap/ASN_NGAP_NGRAN-ReportingSystemIEs.c
57be968f743b4859d873c25f2be79787a0a039f4c3c6a65029c59191f786ab25  src/asn/ngap/ASN_NGAP_NGRAN-ReportingSystemIEs.h
6a5c0057e5d9dffcd13d16f868a9200d38e5f1df952d226f7f09f5adbf9fded8  src/asn/ngap/ASN_NGAP_NGRAN-TNLAssociationToRemoveItem.c
54b264d77b8c125f88b8e54a94d2efac922cd2b0db637f7937990c1cba095f9e  src/asn/ngap/ASN_NGAP_NGRAN-TNLAssociationToRemoveItem.h
c4ea42be620ce7fc1c3ccab9807c1698cc1a8684fde47c1a9bffe59cbdcb433c  src/asn/ngap/ASN_NGAP_NGRAN-TNLAssociationToRemoveList.c
41775811f47499d48250bc8375783587f60c929bf8c84d9efc3594d6bb0a3588  src/asn/ngap/ASN_NGAP_NGRAN-TNLAssociationToRemoveList.h
c8e8a8dc09145b1470061d6a4ffa893d94a2d051aee0c3ae20fdf1245dc0db5d  src/asn/ngap/ASN_NGAP_NGRANTraceID.c
56f26ea2c6ffd5a1f8703d0a5d5956893361925bd56b914ff2b34997077968ab  src/asn/ngap/ASN_NGAP_NGRANTraceID.h
53e2c907cacae2ef7fdf2d7bac5de1b0c67282340e65d3795adfd2c4cb33371e  src/asn/ngap/ASN_NGAP_NGReset.c
2ced1093a00338a1d9f2af5be897db1f03f9a2acf197f34604bf0a64d5ff5343  src/asn/ngap/ASN_NGAP_NGReset.h
26875534d03a65d345967c2676eba98e84767fb36ab104070f0277f164a9e9c3  src/asn/ngap/ASN_NGAP_NGResetAcknowledge.c
1083b4509bfeb212b84c4a365dcfbe0a0cf1323830edad910ee55fad723dde7b  src/asn/ngap/ASN_NGAP_NGResetAcknowledge.h
6e866a8345a63afec66c070859802519ec40d622804e570ed2bf35118f7dad16  src/asn/ngap/ASN_NGAP_NGSetupFailure.c
807165f40c5a1f37258fceaae718d8f651de46d4c812ef58d6bfd6767bc0e201  src/asn/ngap/ASN_NGAP_NGSetupFailure.h
269b2d1dcb9c906a25561d59b36f66ccdf6c8ec655c7c245df7e9f2f7f0cbbbd  src/asn/ngap/ASN_NGAP_NGSetupRequest.c
834da35eb1f1838bd1960b874e40bd80c233a9ae9968a635212227d0a8bb3e5d  src/asn/ngap/ASN_NGAP_NGSetupRequest.h
861ab9711fe7644229c51cba767dec120b7aee0f4200075e39bbf534a7ca9361  src/asn/ngap/ASN_NGAP_NGSetupResponse.c
fb707a95dd5b4afe2bcbc234bda331787c5df5e5daf867fc5a7a6abbddd54df1  src/asn/ngap/ASN_NGAP_NGSetupResponse.h
861b466c47e33c8ef679d059fa36c4154e3ad5f8ec7deb543bad5cf3ea4aaa4b  src/asn/ngap/ASN_NGAP_NID.c
2d6f9ba7be83a1f4a2fc34aebe0adf175d44738020c52a9304155a788cfba5cd  src/asn/ngap/ASN_NGAP_NID.h
50cdbfda0df925327a4f857a5f9fcfc9b38f1743c0e298b5fe0900d892effc5b  src/asn/ngap/ASN_NGAP_NPN-AccessInformation.c
43832c056bcaf61132e7fd3cfbcaaeebad6aab131568ea27ce1b64a744eb90c4  src/asn/ngap/ASN_NGAP_NPN-AccessInformation.h
577ef2fa86228ecce9a6922a6e6ae8f4b50f4ecea46befdf66f4b962b4cddbb5  src/asn/ngap/ASN_NGAP_NPN-MobilityInformation.c
f7afc3625b0f873a6bbc611a083873c428b4ea438c70afdb444dd6ce0e6c3263  src/asn/ngap/ASN_NGAP_NPN-MobilityInformation.h
fd85198c6609dd072413fd74c04d3869c060f596423da7edf76740e84265b503  src/asn/ngap/ASN_NGAP_NPN-PagingAssistanceInformation.c
366a4bc65142175d69bc593b5134f9e8a866b726324239cc01e031ca6a648926  src/asn/ngap/ASN_NGAP_NPN-PagingAssistanceInformation.h
67d60b6bead7043abba5f0fec20dcf79c29f676b8d8c6981ad18992f3c40b6ae  src/asn/ngap/ASN_NGAP_NPN-Support.c
d11259237df6bb78f77b27825049fb5933b95eea9208ec36b8e61168d3c93d95  src/asn/ngap/ASN_NGAP_NPN-Support.h
f91257cb0b334ca79e70dd9a403bf1b8f1be4e7fdca4af4f7f61dc6b4909c3c3  src/asn/ngap/ASN_NGAP_NR-CGI.c
126b5eaeb124006967fcdf2d19917c33872a1b288e34fa6271cfac3e24615998  src/asn/ngap/ASN_NGAP_NR-CGI.h
2533a9fbe4e9b547c8cf650fddcb15caadc0fd8da2c5b7079e0060d85c3d6621  src/asn/ngap/ASN_NGAP_NR-CGIList.c
5d0d0faf13e2196a6363bdc3a01ebe322863df3625e4f27c37a9b5978df04bdd  src/asn/ngap/ASN_NGAP_NR-CGIList.h
ea5f20d5b99b42f2559a708d34bb9507ed942e3276a745be69503c77f0b28d39  src/asn/ngap/ASN_NGAP_NR-CGIListForWarning.c
2ac003adbb0bb4945f608c54a761a8e380cf402ff543334dfa92f83dbc0c175e  src/asn/ngap/ASN_NGAP_NR-CGIListForWarning.h
b6383de0ce809c430ae5f900afa167248450df549df701aaf028a5d8e92dcc58  src/asn/ngap/ASN_NGAP_NR-PCI.c
bfef6f59cb0d272a0890d2c11e168468161780aba5ed9ac9ad44975bc8c584cf  src/asn/ngap/ASN_NGAP_NR-PCI.h
3436ac77619fd45c0b3dd79ce73dd20040b85333b8ae01e99c775ecaee3307c0  src/asn/ngap/ASN_NGAP_NR-Paging-Time-Window.c
0484aeb0e30980cb7d1cdd32ede80f88036f59cc97aee5def71f85d31aca7514  src/asn/ngap/ASN_NGAP_NR-Paging-Time-Window.h
d86a84febf619db8526f0bf57dd1221d520a6a639880c7f2071b4cbcae66bb30  src/asn/ngap/ASN_NGAP_NR-Paging-eDRX-Cycle.c
83f6690fdf155380ec435ce8a07d98a94ae3b6289b2a65ea7d13069f1e690acb  src/asn/ngap/ASN_NGAP_NR-Paging-eDRX-Cycle.h
d43d17e693746262f341a374015484bb58ca6d6cb8329f4661d9275cb1d10872  src/asn/ngap/ASN_NGAP_NR-PagingeDRXInformation.c
312da3999ccae39a0f8c5e1b026eb1a4fd5520333b96747956c2386e3d455de0  src/asn/ngap/ASN_NGAP_NR-PagingeDRXInformation.h
9a6294e861239264f53bfa3626da533b86818751ea57cb573e2f47ec20768ea6  src/asn/ngap/ASN_NGAP_NRARFCN.c
bde2b55905629f8c85e7ac072258ad3004f4f78dcd7514f7d99e086fc4bad5b8  src/asn/ngap/ASN_NGAP_NRARFCN.h
99d7cab73d2f882eb5a8a0db1d4abe1fb598e2302280cb85320f7b107049d536  src/asn/ngap/ASN_NGAP_NRCellIdentity.c
906ad6a0714c00bfccaa71cec41c9d061970de1bd39c4c9c0cdcc5fa7bfb3a95  src/asn/ngap/ASN_NGAP_NRCellIdentity.h
ee48520772735e80872b2b42a3b4654597e75f0864bb4ac96827dc0e497586cc  src/asn/ngap/ASN_NGAP_NRFrequencyBand-List.c
7381912930741b2f0a2721ab146573f529d881dcb44c1abe60ee3645e270e6bc  src/asn/ngap/ASN_NGAP_NRFrequencyBand-List.h
9fbc1de6ee6143212cb8273d98a302208ce578a65fb6ceafbb631a4c17e3f21a  src/asn/ngap/ASN_NGAP_NRFrequencyBand.c
ef252af5334c9f404d0b74d01dbd84765e754950c6fcd72a6d11b6ac8f707bdc  src/asn/ngap/ASN_NGAP_NRFrequencyBand.h
aaf9d431bd71a840c9a02a8c08e44554f3e99b95f2e6080c0db9065554835709  src/asn/ngap/ASN_NGAP_NRFrequencyBandItem.c
f28e66b443a637a7d15f5e25f70a1876bf353258d3ca033ce6001d80d76a10ad  src/asn/ngap/ASN_NGAP_NRFrequencyBandItem.h
d11910fff3b327b027996ad03db43fc59ceea12783493de7f26cb4eac7cdcb70  src/asn/ngap/ASN_NGAP_NRFrequencyInfo.c
b7cd4d27d9fe92be5e95956a828f9688e8f17b47c81c77d04e4b0f3e38954d3a  src/asn/ngap/ASN_NGAP_NRFrequencyInfo.h
36751cab1ae147a3727e522eea145b36ddd15cda9e7f48efb28eb6a1f7fd94f3  src/asn/ngap/ASN_NGAP_NRMobilityHistoryReport.c
44c62a2a458b415b8d29d0f55f16ea0326511a22c1c36b61823857a27724b465  src/asn/ngap/ASN_NGAP_NRMobilityHistoryReport.h
bc8096bf77eb6abab1bd2946afdf5e4ef495f5457e09c3e5154c661210935e81  src/asn/ngap/ASN_NGAP_NRNTNTAIInformation.c
3e77b479ca6ef532d1c8913431a28d6a5af049d9c332fc818643fabdc33f29ab  src/asn/ngap/ASN_NGAP_NRNTNTAIInformation.h
bdcb5ae5a36e162ca7bf0822587e10daa8ba5b713932e8d1ba8b3bc7a5733b3c  src/asn/ngap/ASN_NGAP_NRPPa-PDU.c
fa5e85f0a46b466728ed9553f3c6f1e9a5715654ccc64dbdbcf3f9951a2420ea  src/asn/ngap/ASN_NGAP_NRPPa-PDU.h
3bc53aa733c9133d850af854eed15c14ab72a0b3060b7f7f64ec16912cba414a  src/asn/ngap/ASN_NGAP_NRUERLFReportContainer.c
60f932bc3991d07cbac9c53160302e16478c9057bc53a9be5bfca8b8b47cc05a  src/asn/ngap/ASN_NGAP_NRUERLFReportContainer.h
42f45422fa7e6964c7a9fd1463370f134454905c1fafd3f87ce2b551fe1d1b59  src/asn/ngap/ASN_NGAP_NRUESidelinkAggregateMaximumBitrate.c
badd09e37e2513cb0e28fe2c8822dbc34fa83eb7772df03b225fd00c6cc9ea01  src/asn/ngap/ASN_NGAP_NRUESidelinkAggregateMaximumBitrate.h
61cdad29bb8a4f406db23eb9e77147e5996ff8c47766465fe23a9f33c071deaf  src/asn/ngap/ASN_NGAP_NRV2XServicesAuthorized.c
2de159e31fb8d7b9292fb2e8101906cd258a0f09d022d1679f29dde22e174de6  src/asn/ngap/ASN_NGAP_NRV2XServicesAuthorized.h
b7b9903a1f5a791df42e46cafa3e0e1afa0b56b4dc925566066c4dcdb79c6f5e  src/asn/ngap/ASN_NGAP_NRencryptionAlgorithms.c
d6d67c905c485badae2a7355bec214cc3563a66b4c67aa18310d427f30ff2d39  src/asn/ngap/ASN_NGAP_NRencryptionAlgorithms.h
2468a90a51197e04efdf5692acbfb62e940a1b75054120ecc07af523ec4780f6  src/asn/ngap/ASN_NGAP_NRintegrityProtectionAlgorithms.c
9970dc0818a39644382a1fe0dd66e321aa6e3f673306a9da98f3908d38d4b956  src/asn/ngap/ASN_NGAP_NRintegrityProtectionAlgorithms.h
5f88433cd1dfcaa97f499a262dc422932b5ccce45acbd1da2e5d1da49d6d6b7e  src/asn/ngap/ASN_NGAP_NSAG-ID.c
4a6a7286585f8aa16ce09512863136acfe447079cc6e6274d6c13594c441a8ab  src/asn/ngap/ASN_NGAP_NSAG-ID.h
7d99d9fff33d6315e8e0bc46dd3d3d590293f6815b77c0c39dc47085f759858d  src/asn/ngap/ASN_NGAP_NetworkInstance.c
0464734e4687b7d5b5bc9568e98b8c440aa8a5be60941d0c936d44c9cc74804e  src/asn/ngap/ASN_NGAP_NetworkInstance.h
549e2b5ef8eee7b62561b3d4a06435fa761971e8637238258844df9f6d5445f5  src/asn/ngap/ASN_NGAP_NewSecurityContextInd.c
f5d35a5a071bf63ce962c8e5c3753333627772f29d347cbfa350a38e57b91123  src/asn/ngap/ASN_NGAP_NewSecurityContextInd.h
b2baef4bfa625cf885e752c078f11c0d695ba07ae3800294fce3b39a57c26bc0  src/asn/ngap/ASN_NGAP_NextHopChainingCount.c
478410bc38f51a3a3485673d8997cbfef19372f7ebc6fb29de4d3884c753864d  src/asn/ngap/ASN_NGAP_NextHopChainingCount.h
fadfdf7d7c644731f66412e19bb5eec85c727921db572969eae118a0607a49d2  src/asn/ngap/ASN_NGAP_NextPagingAreaScope.c
81668ea4a4f7305af10598979b96e8a987d958d062f23e48de055c7ad3c7829d  src/asn/ngap/ASN_NGAP_NextPagingAreaScope.h
fbe74857416c8d948b409caace713c98c0ddca02db62675bf5f1813c085f3e10  src/asn/ngap/ASN_NGAP_NgENB-ID.c
65fb543d44f73a20c94c7e2c7adb858851f64aadf690868ffda4d9ee02992393  src/asn/ngap/ASN_NGAP_NgENB-ID.h
a63c26d6216b3c70c5ee40a1f4b73e0e175c57d17daccbbe7aee95d011cb5c79  src/asn/ngap/ASN_NGAP_NonDynamic5QIDescriptor.c
0be6386f51ea793abdab64bb10896321b881fb75f808408d99d3a8f671733607  src/asn/ngap/ASN_NGAP_NonDynamic5QIDescriptor.h
10ea95f2b044b18f689efd13a458aa1aaf2db3303495f6917fb377eef97d0d9d  src/asn/ngap/ASN_NGAP_NotAllowedTACs.c
dfbff354ec8a5163dda44be2588023aaee3c7dd331a99912be536b7c0ab31935  src/asn/ngap/ASN_NGAP_NotAllowedTACs.h
dcef2c4b13170126645c382e04c04265f98aa1571d217020961478852923271f  src/asn/ngap/ASN_NGAP_NotificationCause.c
f70e173166876f1e84af2f99e5e3eaa032818e79aec40e6c15174eab247007b6  src/asn/ngap/ASN_NGAP_NotificationCause.h
0be61be7d1ee655686a95748254e93aebe6f649e0adc1a2f9e8ea75d5599fdf1  src/asn/ngap/ASN_NGAP_NotificationCell-Item.c
c6845d3e3aa3b7f8daee24c0f73f7ec1bf63d9b92a458c22fe6e074b4401e211  src/asn/ngap/ASN_NGAP_NotificationCell-Item.h
5711d90883d2b9b6c82f8470a1af1472b74651f400eb1679b4948ebec3a3143e  src/asn/ngap/ASN_NGAP_NotificationCellList.c
d73aae027cd2965cf95d4ac227e0a150c4d5f5b3e77b29435abb41237eda5b60  src/asn/ngap/ASN_NGAP_NotificationCellList.h
3acb2a0a67f1123e63dfae47a2fc4d2dfe106a08ee9fcc57f625052c564047fc  src/asn/ngap/ASN_NGAP_NotificationControl.c
95b0093dec3d8e628cf133b1f6e79635a50bed7ff72850826321901cbcba599b  src/asn/ngap/ASN_NGAP_NotificationControl.h
3c67c5c859a33291e513176658edfeabe5fd8ca77fe0a420c426866bef25d7e1  src/asn/ngap/ASN_NGAP_NotifySourceNGRANNode.c
78d357f49f10b6821753978304a85ffc6ad63a12b6c0de0d2023bf98d6625ed2  src/asn/ngap/ASN_NGAP_NotifySourceNGRANNode.h
1e5b399426a3f64c79639f459b80f44005f9540fb31353a3a71f332c688df36b  src/asn/ngap/ASN_NGAP_NumberOfBroadcasts.c
f52e1946546765d5e307d7b14eb3528b4b7dcdfb6cf3e07dad1fba3e81e4cff9  src/asn/ngap/ASN_NGAP_NumberOfBroadcasts.h
5af450a6b7755b39e7f4e084e611b35cc6286dbef2312bd16ac557b49fd936e2  src/asn/ngap/ASN_NGAP_NumberOfBroadcastsRequested.c
a39e1f9f76de04f236e5270d9c27c2ba06392dadd3d105868255c191226dabba  src/asn/ngap/ASN_NGAP_NumberOfBroadcastsRequested.h
3c7f9c71abfa47c0351c76ef03915de4baef51b38e8069ecce3ae3a29c640bae  src/asn/ngap/ASN_NGAP_NumberOfMeasurementReportingLevels.c
44342ec5d1aa1189f9254088d89299d0daf4a4115aae3611e9ce0b630fdc538f  src/asn/ngap/ASN_NGAP_NumberOfMeasurementReportingLevels.h
8b64c630978251e09ef0ea31ee3d0eb7b28ab23867c852a6efd640b3d5b99b5f  src/asn/ngap/ASN_NGAP_OnboardingSupport.c
adc1cad92fdcb28775eb8e98b31374ea216a3e3b09282f4d3a0948101d65aa19  src/asn/ngap/ASN_NGAP_OnboardingSupport.h
2b3274b9a53b3217c9c6133df39c6ace6c6423cc26b284e2d66fa53aa23cd2ad  src/asn/ngap/ASN_NGAP_OverloadAction.c
109344059971e358422c5d8fc84308bc8d2e41d07f6c9e73bdcc62b5e52289ea  src/asn/ngap/ASN_NGAP_OverloadAction.h
d9f77f50782eed0ef0f7c5b9425c180ac4c98c367bffe50ad6169b9baf0bc13e  src/asn/ngap/ASN_NGAP_OverloadResponse.c
56639e4fd8c8d5a75e3610994eb7e81a704dcaad20d587bbe27c23c922423031  src/asn/ngap/ASN_NGAP_OverloadResponse.h
912c39c30441e51664fb0a268c6e02f891acfb59e50019869e643569276000c9  src/asn/ngap/ASN_NGAP_OverloadStart.c
9fe1b65f64a50322a788479e802ae85927a7e3c8b73568179ef012bca9475c69  src/asn/ngap/ASN_NGAP_OverloadStart.h
8a570bfafc42872bebb86c2ccc4a13f682eeea871dd430bb40779c5eac01eccd  src/asn/ngap/ASN_NGAP_OverloadStartNSSAIItem.c
57b54cbcc236ebf843bf2de821d609ba0de49967402b151b92725abe02071292  src/asn/ngap/ASN_NGAP_OverloadStartNSSAIItem.h
bc7b3c245a3a1b95611228018586d21db581c3f1fa93042ac4d0013762506975  src/asn/ngap/ASN_NGAP_OverloadStartNSSAIList.c
430e1d95d23e3f3e664a899018450e543984b47414abbfc6977822555d2a2b01  src/asn/ngap/ASN_NGAP_OverloadStartNSSAIList.h
ae5491363dabbc50b9931b51946c77d1d2bf8efd6caaa870a1c046027070ce96  src/asn/ngap/ASN_NGAP_OverloadStop.c
7b66cc2a4b643f76a28984e2fa9f6b684c20235417bf92a5166dca3e4546eb8d  src/asn/ngap/ASN_NGAP_OverloadStop.h
af0b3574c865dc67a783653c80fd7ea35fcd03ed4b13be5ec73139e07a9b55c2  src/asn/ngap/ASN_NGAP_PC5FlowBitRates.c
131ba5dbb8c90fddb7a2b6ce98359166ae9e65ed2324e8f2a8baba3fbed362f3  src/asn/ngap/ASN_NGAP_PC5FlowBitRates.h
bd141769d96ce8f7c84f9eaf8af51a66c28c091762675e56b8194a9ed330b92e  src/asn/ngap/ASN_NGAP_PC5QoSFlowItem.c
8eea0ae5a34962962d35f7ef9b7f147440bba01e171019367710990baec58c7d  src/asn/ngap/ASN_NGAP_PC5QoSFlowItem.h
120495a04cc3c6ffd0b77e6c782394188d3a1ba34f0cc60e8c69f731d74d6ce9  src/asn/ngap/ASN_NGAP_PC5QoSFlowList.c
848eee823162308a92ee61846b7755b7d629560d7e8c24ff9e24bce51e166a5c  src/asn/ngap/ASN_NGAP_PC5QoSFlowList.h
0e48319263e6601ab0627ade759dbaccd4cafc67b66125413bf1b16d002426df  src/asn/ngap/ASN_NGAP_PC5QoSParameters.c
311ce6e76f8919c4dce26c62db902ffcd1a346867604a87389983878d920049b  src/asn/ngap/ASN_NGAP_PC5QoSParameters.h
eef790e7431d9b44cda7d98431059970a0b500ebdff643d92865a08f32029b76  src/asn/ngap/ASN_NGAP_PCIListForMDT.c
90af5187b9451c106616adfd0d707c51a398b3956efd3f9e58444ff268841589  src/asn/ngap/ASN_NGAP_PCIListForMDT.h
c2fb06f7ee4c3547e5aaf471c6cf7dd212b12074802d643f5be10a3a92e00a06  src/asn/ngap/ASN_NGAP_PDUSessionAggregateMaximumBitRate.c
c815661e32ffaa69d4032a0250e069781458bf6bfccca4d64e49faf83fb71d7e  src/asn/ngap/ASN_NGAP_PDUSessionAggregateMaximumBitRate.h
1b485cd43c0c974a477bde60b7d93dd095af52ae460bbeeaf7d95bcf477e88c3  src/asn/ngap/ASN_NGAP_PDUSessionID.c
0e10bd1491e048927e755d907c9f52254481f177ce94774d3c6d4f2dd503dc3d  src/asn/ngap/ASN_NGAP_PDUSessionID.h
6291dae12b2d0c4a0f8e2dd7fd0aff8e5be13c1cf352bc2e63a84c3102d5303c  src/asn/ngap/ASN_NGAP_PDUSessionPairID.c
68e4fe167ea1d488d58990847c98983abaadb025421f6a7565059b5c70f3e539  src/asn/ngap/ASN_NGAP_PDUSessionPairID.h
6c13b8087457a7903020279796f1d43d60cfc186ad9f5dc98602d7fe3cbf1a93  src/asn/ngap/ASN_NGAP_PDUSessionResourceAdmittedItem.c
2d6f78703e30da96a3519ebd19d4b6e204afbc713c7722392211e8c9eccae349  src/asn/ngap/ASN_NGAP_PDUSessionResourceAdmittedItem.h
74090066cd25c4cd3ccdd9370cdabfde27e39fdab0325df3195733095d3f5545  src/asn/ngap/ASN_NGAP_PDUSessionResourceAdmittedList.c
d87cc3ebc232972b9b4e2cae61e223b702d7e31a02abadd8a0ba8f7ecd3bc42b  src/asn/ngap/ASN_NGAP_PDUSessionResourceAdmittedList.h
26fa79a99f0a3b849152e2442214a2e85e05bf75fc1761c2f2092281e4f77ee6  src/asn/ngap/ASN_NGAP_PDUSessionResourceFailedToModifyItemModCfm.c
91f64dbae2d0a453a8729dbeb8743432189e123b22f4794171a534ebbf1c53a5  src/asn/ngap/ASN_NGAP_PDUSessionResourceFailedToModifyItemModCfm.h
1968027caa6c8a20b61f7d8460455e633cc700b274348dd8bac27caf095839db  src/asn/ngap/ASN_NGAP_PDUSessionResourceFailedToModifyItemModRes.c
f9d796e4826b793e3b0b3434741eb0111847b81b1a2bf8a144da6d99e40f46ea  src/asn/ngap/ASN_NGAP_PDUSessionResourceFailedToModifyItemModRes.h
0a22b47e5feca2436a8ee3b6b1798189c6edaf40f2451c411e16c8cc7c185e22  src/asn/ngap/ASN_NGAP_PDUSessionResourceFailedToModifyListModCfm.c
5816f48ec6e6943fe2af0c938ef70ec0943d618145ce023f1c51e7359501fe17  src/asn/ngap/ASN_NGAP_PDUSessionResourceFailedToModifyListModCfm.h
ea49cb5ce607bea2afd687bd11615bea4fa321c349fcc19d47ae11cd64a41690  src/asn/ngap/ASN_NGAP_PDUSessionResourceFailedToModifyListModRes.c
4d8985fb6c8a7cfe769783788a6df7495e58fda9ae6a8f126a9ab546a76b7173  src/asn/ngap/ASN_NGAP_PDUSessionResourceFailedToModifyListModRes.h
3f3bc08aac21b3c6d95e4743517ab2d6f9d9033642f3d0bf212437fa0428e600  src/asn/ngap/ASN_NGAP_PDUSessionResourceFailedToResumeItemRESReq.c
fb8ee95ece0026f6730225925b5a9fbf4eb7d6b7fb889df67030733e572ec683  src/asn/ngap/ASN_NGAP_PDUSessionResourceFailedToResumeItemRESReq.h
8eec9bc76d87f5334473c2e8ef8cd39aabf7c770748469f17fbe852a125e393d  src/asn/ngap/ASN_NGAP_PDUSessionResourceFailedToResumeItemRESRes.c
58b3021e32346fa7a7306be5221ed9b75091d348bddf62fc75b9a18cdca143fe  src/asn/ngap/ASN_NGAP_PDUSessionResourceFailedToResumeItemRESRes.h
b5ad0571ec4e7364ec971352f9cee53da26cccdb67a7c5dc3c4616d0d8a0641f  src/asn/ngap/ASN_NGAP_PDUSessionResourceFailedToResumeListRESReq.c
6324431ed829eb9c866b0b87e9ee0bf11e0d3571f4d7371daab3a89870d7d160  src/asn/ngap/ASN_NGAP_PDUSessionResourceFailedToResumeListRESReq.h
20808b4dc0e676f4b8cc2bea7854982f7648d656823a84798d79e45377057868  src/asn/ngap/ASN_NGAP_PDUSessionResourceFailedToResumeListRESRes.c
45e397d02afe4d98f1177633a695dc00cc13ebfd6923977e8232233ff9eecd40  src/asn/ngap/ASN_NGAP_PDUSessionResourceFailedToResumeListRESRes.h
d80c689fd2a15f6da1254d1a434a8c30e08dfe3bfa27b4a7b917c8ad56bf2eac  src/asn/ngap/ASN_NGAP_PDUSessionResourceFailedToSetupItemCxtFail.c
b3fc21636dca88f88e3fc16c5d032302f5c0c440f994f3eb4e644ea18a871c8f  src/asn/ngap/ASN_NGAP_PDUSessionResourceFailedToSetupItemCxtFail.h
5529fd88c6fe821b86db357cb220935b45c7fb3cf1d93c276b899d4dc0c47acb  src/asn/ngap/ASN_NGAP_PDUSessionResourceFailedToSetupItemCxtRes.c
7b0ab1e4ba1da837552aafc8f156e44e230bcd5bdd70301544ff3525e41eb22c  src/asn/ngap/ASN_NGAP_PDUSessionResourceFailedToSetupItemCxtRes.h
01559ec15b75688a57eb603225f8bc96c5f2d24b2fe266c5bb06f7fd22873966  src/asn/ngap/ASN_NGAP_PDUSessionResourceFailedToSetupItemHOAck.c
3596227d17dae467d78f66c34135e6a0ab90d869d5ddbe937ae410097578b967  src/asn/ngap/ASN_NGAP_PDUSessionResourceFailedToSetupItemHOAck.h
680996e9409ff89090f9205b90aaf5db24a37395c11720ad588cfad62362d751  src/asn/ngap/ASN_NGAP_PDUSessionResourceFailedToSetupItemPSReq.c
f8b0a457266b34eefcadcd3753642d9a90fab470507c13deea8c2cf7894a3860  src/asn/ngap/ASN_NGAP_PDUSessionResourceFailedToSetupItemPSReq.h
48832074f43fe69bbdc57d38c2b637e6585a86d181a7ce0bcffc6ee3976bf11a  src/asn/ngap/ASN_NGAP_PDUSessionResourceFailedToSetupItemSURes.c
febae9dfb1e72c1c96c63d0461f4e92fd1cc25214fe7e893af80f4bbbb6291aa  src/asn/ngap/ASN_NGAP_PDUSessionResourceFailedToSetupItemSURes.h
6945160ccca4ffa28ea541ed30fd48c7c1ee33c57d1b9cb39ca01c6760690471  src/asn/ngap/ASN_NGAP_PDUSessionResourceFailedToSetupListCxtFail.c
b83851e18b2a36db6094875647031a185116810258cbc755b4d5e9d3bda3204a  src/asn/ngap/ASN_NGAP_PDUSessionResourceFailedToSetupListCxtFail.h
f7fdc1bbd8347692ea8b3adce342c74f1b92a29bb2e4398e65c9c7f7ee0320a2  src/asn/ngap/ASN_NGAP_PDUSessionResourceFailedToSetupListCxtRes.c
15c813a405375ec8263e1832a9503b381fd7e9a2a10a5a8ab3d8b1b2e266ff66  src/asn/ngap/ASN_NGAP_PDUSessionResourceFailedToSetupListCxtRes.h
9b94d012a81e10ff562c25199c8046603172540a4536c87fb1cd26b9f36cbec8  src/asn/ngap/ASN_NGAP_PDUSessionResourceFailedToSetupListHOAck.c
10331836964b9582c054a5fed2b43b70e644ec0a6ee22f3afec4f202b0706663  src/asn/ngap/ASN_NGAP_PDUSessionResourceFailedToSetupListHOAck.h
4759e5fc8a6ca2bf15a5887f81cf9362e7bc51fe920e604d8ade8a5bd4d1b930  src/asn/ngap/ASN_NGAP_PDUSessionResourceFailedToSetupListPSReq.c
f40f3999b3f9fb7be6b235b27410337d8621eb3e3c0ee36f6e69dade77f658e2  src/asn/ngap/ASN_NGAP_PDUSessionResourceFailedToSetupListPSReq.h
8b59a68d607b00f74b77ef0e582f4173ed440a343bcc1016f57b94f3533fbe60  src/asn/ngap/ASN_NGAP_PDUSessionResourceFailedToSetupListSURes.c
c9d1c7c2adf2975d969bd6c7acc69c6ed0c3e44aac91a6231e69cd535ce128a9  src/asn/ngap/ASN_NGAP_PDUSessionResourceFailedToSetupListSURes.h
381e24cfc1003252a47f9172d432a5ba88eff2a055d390e3d8341e6515fefd58  src/asn/ngap/ASN_NGAP_PDUSessionResourceHandoverItem.c
4a16549238220fda057e498b5f07050e6cfb8a79b070348839fcc241e7401add  src/asn/ngap/ASN_NGAP_PDUSessionResourceHandoverItem.h
961f8f7a512017bb64ff356cc8270162a49d7aba6c1c99c8a17039a52d012d6a  src/asn/ngap/ASN_NGAP_PDUSessionResourceHandoverList.c
e1310d1d9ae539d96f6b46280cff4e0b63ac1f82c8c1b043f62bc0ddcf95760a  src/asn/ngap/ASN_NGAP_PDUSessionResourceHandoverList.h
02c84682032c0a0c9985bb36e9e24e3cd3b83964c4addb3c0d5a2e8de6679f95  src/asn/ngap/ASN_NGAP_PDUSessionResourceInformationItem.c
f083ce5f7075043e113690cb17c84a274c972708751c931f12e9a08bc95ae682  src/asn/ngap/ASN_NGAP_PDUSessionResourceInformationItem.h
104dd45188f8dba459f5dab37b2217b710a40521fb0dd4e6f577e758c0b34dae  src/asn/ngap/ASN_NGAP_PDUSessionResourceInformationList.c
9e68166633e2f0be2452044f6c08c6173a53ec07bfd6212049948c6a9dc8d18f  src/asn/ngap/ASN_NGAP_PDUSessionResourceInformationList.h
2cecbb082eda294f1ab464453105a26dad325cfd1bfb3f40636e2aca7410e3cd  src/asn/ngap/ASN_NGAP_PDUSessionResourceItemCxtRelCpl.c
0faff840b0b3a298ce1ef06414f20cbe7408357212393e9c149a668b38108bc6  src/asn/ngap/ASN_NGAP_PDUSessionResourceItemCxtRelCpl.h
06e5fa982298134f552aa84b023e52f15634b4e6aded4274e89351a9fbf0d4a1  src/asn/ngap/ASN_NGAP_PDUSessionResourceItemCxtRelReq.c
9612370474bbf860dda01b25a7a52a431ee4a5c08841ae7be8e3bbab990fb999  src/asn/ngap/ASN_NGAP_PDUSessionResourceItemCxtRelReq.h
699f7d34863913a76752c72fa28f25a4b9ecf81ffd86a56d1b529772b21396cd  src/asn/ngap/ASN_NGAP_PDUSessionResourceItemHORqd.c
faf883ba5aba9b2d277211316d2b319574a858a0b758abce04eda44529d9cdfc  src/asn/ngap/ASN_NGAP_PDUSessionResourceItemHORqd.h
7dd0b17af3283a3b435b482e865da5da51f91dbe2d65be0bef50b5f5136c1979  src/asn/ngap/ASN_NGAP_PDUSessionResourceListCxtRelCpl.c
ec12937528e46a57988f30a1e54d447f3c7211a52a05c6387dd747b39259d7ee  src/asn/ngap/ASN_NGAP_PDUSessionResourceListCxtRelCpl.h
2eb0f5829e1bf749b894d86c17744dd43eddb957b95a8cfda6ae655376d341aa  src/asn/ngap/ASN_NGAP_PDUSessionResourceListCxtRelReq.c
e0c9f160a1cc23508d86f650946ea4f6806f3b6fe754d4938c449d6e97d2a7f8  src/asn/ngap/ASN_NGAP_PDUSessionResourceListCxtRelReq.h
e599e69ec71f6942ac58ceeaeb87e2031ed50f9f2759a5f5d91a1c78be7a211a  src/asn/ngap/ASN_NGAP_PDUSessionResourceListHORqd.c
4cd5c95274e43e4d05bf9e6ac94eef4ba1f596225526121f30c90b55c90d4d90  src/asn/ngap/ASN_NGAP_PDUSessionResourceListHORqd.h
c18f3238abae37ec45392242f9be3d2efc004b15e3bfc08a5a5aa1e63a7f2312  src/asn/ngap/ASN_NGAP_PDUSessionResourceModifyConfirm.c
6b3647c043a2ccc1259761b6da2c14bf52d36e33b27973fc94c1b8feca5bd05f  src/asn/ngap/ASN_NGAP_PDUSessionResourceModifyConfirm.h
784378cfb20af3c2be26799c0720a9c58301c9614aa0fd008c0389027f8e0c24  src/asn/ngap/ASN_NGAP_PDUSessionResourceModifyConfirmTransfer.c
7abdd1f4a6b49c0b3659000a7744e4d5064fb514bdf028f1adbfe97e48aa72c6  src/asn/ngap/ASN_NGAP_PDUSessionResourceModifyConfirmTransfer.h
b3e4a3523a44adc0755fade52ae088cb59897cc77d38dd870891d31854d9f97d  src/asn/ngap/ASN_NGAP_PDUSessionResourceModifyIndication.c
e1602139c8952edfd7c7bf7edcb8884e821a50cb5a15595d8b8d8048cb5ab61c  src/asn/ngap/ASN_NGAP_PDUSessionResourceModifyIndication.h
bc8d88fc969649ff6cec4ca1e8adfdb405b4c50f62c396014e57466e3cd7075f  src/asn/ngap/ASN_NGAP_PDUSessionResourceModifyIndicationTransfer.c
3ad84c4a16412809bd5ae549b25f81271648fa2f4c703427bed1956895a9978d  src/asn/ngap/ASN_NGAP_PDUSessionResourceModifyIndicationTransfer.h
124ec2fb9ccf6a7bbbb4b9c5abe5c9de675419b1c3f57386b3d7a01176980a6c  src/asn/ngap/ASN_NGAP_PDUSessionResourceModifyIndicationUnsuccessfulTransfer.c
023f12cda42ac7dcca86252681d91c59559b70579bd2442c966752efe28e333d  src/asn/ngap/ASN_NGAP_PDUSessionResourceModifyIndicationUnsuccessfulTransfer.h
6d10b40f983f6a837b1fdc02cc38e17237bb45a86f14ff19d7d1358ec1cab9ae  src/asn/ngap/ASN_NGAP_PDUSessionResourceModifyItemModCfm.c
cf9e5e0012ebdc2e4143ad51838db7d043a64df641bd720815c6a09a8ebd2a17  src/asn/ngap/ASN_NGAP_PDUSessionResourceModifyItemModCfm.h
5aee27937fb771248d8b9ebb927850c003d5db57f047f8123ac68368df566098  src/asn/ngap/ASN_NGAP_PDUSessionResourceModifyItemModInd.c
169394abda473dc9b1d8624c242ee967afec81051012673296cee5b467d27737  src/asn/ngap/ASN_NGAP_PDUSessionResourceModifyItemModInd.h
34d5545659c3a4c568f23a8dd70e10464ed713f0bcc102e2b7c4163a32495198  src/asn/ngap/ASN_NGAP_PDUSessionResourceModifyItemModReq.c
202f66bd7758fecb3eb07a71ea41deb794054b4ac447011b09039ef98c4ba64a  src/asn/ngap/ASN_NGAP_PDUSessionResourceModifyItemModReq.h
d2f7fe8a29b41e07c3cfbf2f23dc8d47ca9f496893686dbb54479bee1624ff47  src/asn/ngap/ASN_NGAP_PDUSessionResourceModifyItemModRes.c
21830f12343e35aeab36d6d7a4ec42cc367f56e08442d9d3045f7484d1d95e10  src/asn/ngap/ASN_NGAP_PDUSessionResourceModifyItemModRes.h
45867a765e353a21f5f76fe6a3d76d31b7b283e0cf27411398a06247736f8032  src/asn/ngap/ASN_NGAP_PDUSessionResourceModifyListModCfm.c
c077c799a9fd78d8eef6405b9328cbb36f7fbc0b1e71f1ddd9e056ea98a96a6a  src/asn/ngap/ASN_NGAP_PDUSessionResourceModifyListModCfm.h
2eda8062650a96e216c203b3279b0a0d92bcedae871193ad6292c4e6aa8f5a91  src/asn/ngap/ASN_NGAP_PDUSessionResourceModifyListModInd.c
43207324c62904a13a2fd6a352c1279ac590f83932847b862731c6c453d43e95  src/asn/ngap/ASN_NGAP_PDUSessionResourceModifyListModInd.h
40aeb75872a55b038d486b265f470e48dcee7985d8577aa03ebc12cda44f3dc7  src/asn/ngap/ASN_NGAP_PDUSessionResourceModifyListModReq.c
930339c13039eb3a507b3be838283b428f0817fdcfc6b3582f80c9aeaf75aad3  src/asn/ngap/ASN_NGAP_PDUSessionResourceModifyListModReq.h
63aeb6d7a0527e20ffc1e364639a3ac826de846341d69c1c76e056b93519995a  src/asn/ngap/ASN_NGAP_PDUSessionResourceModifyListModRes.c
8248f888c6b286b5810ec533a05814f2d8769a799bcbe357bda9b9e2e2aaf123  src/asn/ngap/ASN_NGAP_PDUSessionResourceModifyListModRes.h
807a599ab491d230f3aa0f44e57d26bf803e3afb6041631977578b1376afe22b  src/asn/ngap/ASN_NGAP_PDUSessionResourceModifyRequest.c
5497e5703e9b2bb85f5182f5f1ee92e48a2de9748804fda8d4e0964129398416  src/asn/ngap/ASN_NGAP_PDUSessionResourceModifyRequest.h
52b567c6fe3cf8c828b2fdcdd392adf7725c5fb3f696d092528e70561ee3c5a7  src/asn/ngap/ASN_NGAP_PDUSessionResourceModifyRequestTransfer.c
d59435f5a84a51a5257e41de34595c1d54ebe035bfd01514f56e0f55276293e1  src/asn/ngap/ASN_NGAP_PDUSessionResourceModifyRequestTransfer.h
5f545e3c521166d53f8b84037a47fc5a63ef5422a082dd9690e0ace72a1674b7  src/asn/ngap/ASN_NGAP_PDUSessionResourceModifyResponse.c
9b1eac2cc6f058514282fbc0b383de9bf5d0a0617eb17b2444ce611c841652c4  src/asn/ngap/ASN_NGAP_PDUSessionResourceModifyResponse.h
10c1d6963fa3d502bd022aa60180797f14dfea4e7413807e754eaf92619b7725  src/asn/ngap/ASN_NGAP_PDUSessionResourceModifyResponseTransfer.c
03574154947921706c6bc56ba04ee9277ab8b173766cadcb774509b1730876f4  src/asn/ngap/ASN_NGAP_PDUSessionResourceModifyResponseTransfer.h
3d57eb3f4bb9be734c2082939a402a9c68ad77b56b21bd68a7ad0e9f6aa528fb  src/asn/ngap/ASN_NGAP_PDUSessionResourceModifyUnsuccessfulTransfer.c
e3892f3ba7f5b20cf2063f73c95f711b36b99bf2f6a8c1340ecd720fa1f6a4e9  src/asn/ngap/ASN_NGAP_PDUSessionResourceModifyUnsuccessfulTransfer.h
8967087c9c69f1c2e7d9c46a7e12ed074a9d576a04477013eb1ebe8fc267a769  src/asn/ngap/ASN_NGAP_PDUSessionResourceNotify.c
74fb6afe2226c7ffefcaa9e3d9dccb43f91cbc4e72dfd11794d9e19b699604cb  src/asn/ngap/ASN_NGAP_PDUSessionResourceNotify.h
f3e39c391cd78493a4152fd39158a6ca9baf285498c01744999afed97aa9c2cc  src/asn/ngap/ASN_NGAP_PDUSessionResourceNotifyItem.c
4e776e609e395b5eecef666efbbaeeda024d0f9b4cb8dd953a80af618f5f0194  src/asn/ngap/ASN_NGAP_PDUSessionResourceNotifyItem.h
d54ad6c9ba6f1181ec561ae8052043f3872d458cd08c7270c5e0ed0d26c7a74c  src/asn/ngap/ASN_NGAP_PDUSessionResourceNotifyList.c
4799f73e5f481b8106d09c0a934d669335dd68576085bd0119d515a98537f671  src/asn/ngap/ASN_NGAP_PDUSessionResourceNotifyList.h
48a60df7e1a7416d1f001e4ff1f982dc9f976a2dbe2dbc45af18abb08e3c8d9c  src/asn/ngap/ASN_NGAP_PDUSessionResourceNotifyReleasedTransfer.c
f4bd6b653236f9522bf2a04477c6eeee28eeecb66ebe7a957ba8c4d967670ecd  src/asn/ngap/ASN_NGAP_PDUSessionResourceNotifyReleasedTransfer.h
6e2809435d678d229d1b15ec226fd62b77605ea62334167e901f77db67fc7acc  src/asn/ngap/ASN_NGAP_PDUSessionResourceNotifyTransfer.c
69eb810d3e4681f1868843034d06e705979e686c9cff9e53db408d3c72c9e96d  src/asn/ngap/ASN_NGAP_PDUSessionResourceNotifyTransfer.h
42935f61f0e5b684371f6506e588aecfe1c29a51a7e45e982d461719ae0fce8c  src/asn/ngap/ASN_NGAP_PDUSessionResourceReleaseCommand.c
f68fd71c615b2c850b65aa5049100288e89b915f35c9857f96a3ebd7dc6fe7b7  src/asn/ngap/ASN_NGAP_PDUSessionResourceReleaseCommand.h
a9899b3efc0275c530544ee5706fc58b227432f3e9d57d06d017097d7488a081  src/asn/ngap/ASN_NGAP_PDUSessionResourceReleaseCommandTransfer.c
ef81e89e5623844b900b00c1d1ff9d0bc8a7f76dd64a9ae30e42ad2293b212bf  src/asn/ngap/ASN_NGAP_PDUSessionResourceReleaseCommandTransfer.h
f8969545b483f3d593ecaa89bbfaacba9bf2a110ec63780f0666b8b56aac8d04  src/asn/ngap/ASN_NGAP_PDUSessionResourceReleaseResponse.c
1c996a4ac9a1910d5727280b712c965ea762f800c7c6ce35ecb94bcce60efdc3  src/asn/ngap/ASN_NGAP_PDUSessionResourceReleaseResponse.h
0e22dcccad435d5e199019a6a9dc7ee40df3cec215b6c27bbcb6dc33c92dfaaa  src/asn/ngap/ASN_NGAP_PDUSessionResourceReleaseResponseTransfer.c
4c4cd31c42f4af0901f817717ea5e22dcaad2a6d26c0c408eea51fcb6dedc88b  src/asn/ngap/ASN_NGAP_PDUSessionResourceReleaseResponseTransfer.h
5f0a826551ca6c607782eb7b7bb9595b9231522630ffa0586fc41daff8d8cc3b  src/asn/ngap/ASN_NGAP_PDUSessionResourceReleasedItemNot.c
cd873dfcaeca6f7d2deb806b74f7e1e6d6cab03be1be146c19800ee8aca00f36  src/asn/ngap/ASN_NGAP_PDUSessionResourceReleasedItemNot.h
8dc85c3c6937b70f1008b9d9d0ca35f13c41545e4510f6b946e9a8dc2f7f549c  src/asn/ngap/ASN_NGAP_PDUSessionResourceReleasedItemPSAck.c
70e89eea63be3445386ee1b14a80b840a958fe4db43f1b8f40ea81c807660a33  src/asn/ngap/ASN_NGAP_PDUSessionResourceReleasedItemPSAck.h
c88d8e1299649e2258a5ca096c00727bab48efe1fb31e46a0ebdf435f1f0d3fb  src/asn/ngap/ASN_NGAP_PDUSessionResourceReleasedItemPSFail.c
5f3df63faa66fbffc241babd8970cb9d72250556ca39c8d7acb7b260e8c961dc  src/asn/ngap/ASN_NGAP_PDUSessionResourceReleasedItemPSFail.h
f962ab9409f5cd3d271266d1edf08d43cd78d36b84a7da3b2a911d85a51652a0  src/asn/ngap/ASN_NGAP_PDUSessionResourceReleasedItemRelRes.c
06ab55a7b82845b4783471649be88b4dc50f17b7c48a456fb7afeb01c0e6b6cd  src/asn/ngap/ASN_NGAP_PDUSessionResourceReleasedItemRelRes.h
89caac78e00e4c93c0f4da8e353669bd12ca4c53d0742e01986027236f726519  src/asn/ngap/ASN_NGAP_PDUSessionResourceReleasedListNot.c
c4ff097b5f56d3be71d42d0e48ef3dc9628b14917ade5be68ab349ab0ca49579  src/asn/ngap/ASN_NGAP_PDUSessionResourceReleasedListNot.h
00e6a681a239ee2944b810a015ee93f887b35ef64214d3fae00608bd463f52d4  src/asn/ngap/ASN_NGAP_PDUSessionResourceReleasedListPSAck.c
c5183074f11cfe8fc47576fd1d5eeade995fd31d0352e656b2179b189b65f836  src/asn/ngap/ASN_NGAP_PDUSessionResourceReleasedListPSAck.h
fc78922862ea8f42d444c96f3ef802c4b5bb3ee1099ec2ffa1a5a9ed5949dc29  src/asn/ngap/ASN_NGAP_PDUSessionResourceReleasedListPSFail.c
8ac67b8b49033655c89a081d4370ed60b125fec02a56fa239b9b1428285aee74  src/asn/ngap/ASN_NGAP_PDUSessionResourceReleasedListPSFail.h
f2dce9006e35eacd545910e4b7907ec4e6ea4444c4aa5e272504a010c5b2a69f  src/asn/ngap/ASN_NGAP_PDUSessionResourceReleasedListRelRes.c
60fc1ea2d73fced8ee6755b35753ce4e6a7415daf944306c4a27008849dbf197  src/asn/ngap/ASN_NGAP_PDUSessionResourceReleasedListRelRes.h
c27ffac177699e1178efda04175afa505acd40cb991aab7342a08fa120bce04a  src/asn/ngap/ASN_NGAP_PDUSessionResourceResumeItemRESReq.c
22245b8c818717786223b83cdc03acb2b3c7bcc533d137c10009b3fa30312ab8  src/asn/ngap/ASN_NGAP_PDUSessionResourceResumeItemRESReq.h
d24f4bcc17c41cf71faa090bd78bf5c99904658cc69ff77bab49b2bbfe454eaa  src/asn/ngap/ASN_NGAP_PDUSessionResourceResumeItemRESRes.c
9d49505a6e0b0a6b422e0535da9cba2172219770fda5b1777f011d38aeee8ff2  src/asn/ngap/ASN_NGAP_PDUSessionResourceResumeItemRESRes.h
c7d0071fb07ddd782da8b77ebddd7c66ea2555e049e25b6eb2ff3b55bd933dc1  src/asn/ngap/ASN_NGAP_PDUSessionResourceResumeListRESReq.c
c5c627aaa1334128fbfa8cb7cfde3abce5d67f82075210ec7bfdb75c868a4038  src/asn/ngap/ASN_NGAP_PDUSessionResourceResumeListRESReq.h
e980e09b5fc923ce03fd3405ad541896fb87ee82e11a7e7f780becf6cccf5fbb  src/asn/ngap/ASN_NGAP_PDUSessionResourceResumeListRESRes.c
d7b18283a17e0e9afcf3a478666239cc54a8f7e8dacf86053dbbfb66dead8f73  src/asn/ngap/ASN_NGAP_PDUSessionResourceResumeListRESRes.h
d39b628566217636f6395c86b7b7655c319c5d37e37a7915d86ceb0844c00e48  src/asn/ngap/ASN_NGAP_PDUSessionResourceSecondaryRATUsageItem.c
5c9857d9cb0c4425e765d8d43b4d6966f11843dcdf999fa005ed4f2c8e1eb19f  src/asn/ngap/ASN_NGAP_PDUSessionResourceSecondaryRATUsageItem.h
7afbcc4ccbf668c325f89489f22cd7f17f8d2e415267fe28751bac1c35c63f36  src/asn/ngap/ASN_NGAP_PDUSessionResourceSecondaryRATUsageList.c
a4951710796e631a9aae414ba6f2dfe60d2ded6177cf774649e17218e9ada469  src/asn/ngap/ASN_NGAP_PDUSessionResourceSecondaryRATUsageList.h
d388de438d1fd0e26725d1c307e42a0a39e5a575c5905a3e3a1f40faf0b160b1  src/asn/ngap/ASN_NGAP_PDUSessionResourceSetupItemCxtReq.c
a40494285f961c8641741cc41a85c9db650fcfea6170a13e180194f4c6a87ab9  src/asn/ngap/ASN_NGAP_PDUSessionResourceSetupItemCxtReq.h
c651ef0b64d19ae67ba25aefb0e135d616ec1387ede44eeb2e8ee32cb6240fac  src/asn/ngap/ASN_NGAP_PDUSessionResourceSetupItemCxtRes.c
9757e2d75b4b76565a6c70cc9eccc183102bc77fda184c38b656dd1f93f65d09  src/asn/ngap/ASN_NGAP_PDUSessionResourceSetupItemCxtRes.h
2327763bd6ed35bad90277461bbfb49581c8e6486ee9310803bdd627ffff1480  src/asn/ngap/ASN_NGAP_PDUSessionResourceSetupItemHOReq.c
d24338bb2bbad9a6aeec21b7ed3c0a92f1fcf3e9249342bc7b71adab0a770e3d  src/asn/ngap/ASN_NGAP_PDUSessionResourceSetupItemHOReq.h
050bdb40bb345a6b148dca5f70329a7d8a15eb92554713ca58acccd15cd12e42  src/asn/ngap/ASN_NGAP_PDUSessionResourceSetupItemSUReq.c
1752b7b41ef8c4d4b4cc811d9ee78bc754872c95719d79df52d23b4ffec7ee13  src/asn/ngap/ASN_NGAP_PDUSessionResourceSetupItemSUReq.h
81e8e9ade9741c647608d7267e2148d92014d13d9417281336b1b450364e76a2  src/asn/ngap/ASN_NGAP_PDUSessionResourceSetupItemSURes.c
547602c426d9cc667eb2d0bca376c724cf8f4ca7c1d7a172b236ac23a8dcbd61  src/asn/ngap/ASN_NGAP_PDUSessionResourceSetupItemSURes.h
107eda920113eaf3ed419b20452413abcb86e11d6ed4223c4d39495478e8173e  src/asn/ngap/ASN_NGAP_PDUSessionResourceSetupListCxtReq.c
55cd9e527c052a2d9f8266ccb7a2c15ebe1b8b208d7a22db057422f845d635cd  src/asn/ngap/ASN_NGAP_PDUSessionResourceSetupListCxtReq.h
94883d894ded7f5c4b1e3b6590008569aae54a28e7af6be096c73b8e4aaa4d69  src/asn/ngap/ASN_NGAP_PDUSessionResourceSetupListCxtRes.c
025b95387af1cb97277f118ece641ae76314038e7c8c3279cab6c8ec7803660b  src/asn/ngap/ASN_NGAP_PDUSessionResourceSetupListCxtRes.h
e6665d4499392b05198a026bd1ec0bebd0b71f696d1aa233b94a4a5edd0d1c6c  src/asn/ngap/ASN_NGAP_PDUSessionResourceSetupListHOReq.c
8c8bf2bad03c101e0cf71d5e3bdab1485ef7b78ab1291d87fdead81c3fd675ce  src/asn/ngap/ASN_NGAP_PDUSessionResourceSetupListHOReq.h
92b462ab51d106c074fbafecb46e866380b0989b3d670d6505c1cad54f4a4647  src/asn/ngap/ASN_NGAP_PDUSessionResourceSetupListSUReq.c
ec9e6d3adc4efc7fcf934953689a1c33095f62cb815f83ec52adaf64f06d9b59  src/asn/ngap/ASN_NGAP_PDUSessionResourceSetupListSUReq.h
b80fb7aac3910409b35c1c31d062906c1872767619d3fc0d2ae16c73c0c4cf48  src/asn/ngap/ASN_NGAP_PDUSessionResourceSetupListSURes.c
01a672313f93134c2bc53dda4afb9ccde6d8015efd110457b7879f4fa9f9fdc7  src/asn/ngap/ASN_NGAP_PDUSessionResourceSetupListSURes.h
4e382aa28c579507f364fde024daa1ac5f96f7d9747dbcca54e02bdc7a6ca288  src/asn/ngap/ASN_NGAP_PDUSessionResourceSetupRequest.c
f6cb68f8cdde8bf5f3ef416ea674e0e1e74d1eaae4285d900104b769a98e56b1  src/asn/ngap/ASN_NGAP_PDUSessionResourceSetupRequest.h
0790f14f769866a330c68fa9843cd5497267575bcad61587af08a6ae7f54732c  src/asn/ngap/ASN_NGAP_PDUSessionResourceSetupRequestTransfer.c
0c24a74d970172a9ef05ca08eb3226c1b5e832b68d85189978ac837112e2000b  src/asn/ngap/ASN_NGAP_PDUSessionResourceSetupRequestTransfer.h
2d12ec94ceba05e27623baa02d1b9e92ea07aaeadeebdd1aa1e46de8ce9a497f  src/asn/ngap/ASN_NGAP_PDUSessionResourceSetupResponse.c
291c6bb2c43f384e6b948a9f0ca57728483895880b295354f1a52c50d0b1e5cc  src/asn/ngap/ASN_NGAP_PDUSessionResourceSetupResponse.h
c0d849ad5b1512eb869d8d16f8030a51c88ea9ea259c3361bf04accbeed8a99f  src/asn/ngap/ASN_NGAP_PDUSessionResourceSetupResponseTransfer.c
04b55287c35e209695b417b3bf146db7013de81209400d7efd491433a1c9c4c0  src/asn/ngap/ASN_NGAP_PDUSessionResourceSetupResponseTransfer.h
31969575a1586d9fd508482e477f8a1287d82d4697c84dea2f87bc5eea3f2fd0  src/asn/ngap/ASN_NGAP_PDUSessionResourceSetupUnsuccessfulTransfer.c
30fabff3fc7eef041a8ee67f7d0d4fddcae29cbf5c195ccbde2cef3789d83451  src/asn/ngap/ASN_NGAP_PDUSessionResourceSetupUnsuccessfulTransfer.h
5e2224762d5b0eb507485386af1fc0cfa9ace4de6cc1c342a0f5339a0211d0ce  src/asn/ngap/ASN_NGAP_PDUSessionResourceSuspendItemSUSReq.c
8b67028763015547af5307c15bbdeb6a7449bd7ab0dee9636850ea99c0029ebe  src/asn/ngap/ASN_NGAP_PDUSessionResourceSuspendItemSUSReq.h
448be10469a1374352593324ce2bdecd8c90c0e113e1d99ae3378f737e4bf735  src/asn/ngap/ASN_NGAP_PDUSessionResourceSuspendListSUSReq.c
18799df17e9dd6a2b9dbcac8bcc6ae329fb4823d4556b2da0ee4bf09a3d18f45  src/asn/ngap/ASN_NGAP_PDUSessionResourceSuspendListSUSReq.h
e4f94bbe95b4b47a78c0b9cacd3504aefd6f05a2347a69b4baed2dfce727d78a  src/asn/ngap/ASN_NGAP_PDUSessionResourceSwitchedItem.c
343ae5a9567467a7414d714189df97bcf52e7d41ba35674cca940e0d8d8b6377  src/asn/ngap/ASN_NGAP_PDUSessionResourceSwitchedItem.h
0cec8d710a0d5c7a99b6d382f996234a539b7664da1d5428830a0ca8b7aae470  src/asn/ngap/ASN_NGAP_PDUSessionResourceSwitchedList.c
47072ff3343acbdae1780d4f3bf5c2c4a8e3d2f709900b1f317f54e0d0618584  src/asn/ngap/ASN_NGAP_PDUSessionResourceSwitchedList.h
441eeb00b02ac8e062ed676efe304490133286e7650014906307b913e8a0952e  src/asn/ngap/ASN_NGAP_PDUSessionResourceToBeSwitchedDLItem.c
862bc19abb7f4fe5a89b4db7a4c560f1b45c6438d372b6df96301c88c1affb46  src/asn/ngap/ASN_NGAP_PDUSessionResourceToBeSwitchedDLItem.h
cd425cc279e8391bcf17ec38cb661364b3c27ff652886303874bff5ecb83714d  src/asn/ngap/ASN_NGAP_PDUSessionResourceToBeSwitchedDLList.c
84289969ef922eb67a6dd44e5d1983a05ae76d0fae305fe3bfc7dc73c3110f69  src/asn/ngap/ASN_NGAP_PDUSessionResourceToBeSwitchedDLList.h
252ac7863274432741252e3ae923f9ed7d6f36d844e59c2c492c5db031ea6596  src/asn/ngap/ASN_NGAP_PDUSessionResourceToReleaseItemHOCmd.c
f6ca4f708750aa39f01daf09af6113a6b26b1a18380d7e109f2730062b6fa203  src/asn/ngap/ASN_NGAP_PDUSessionResourceToReleaseItemHOCmd.h
aa57dcdc7c039c3acc75cd59c47e4eb299450f05a042663df36e657e26d4697c  src/asn/ngap/ASN_NGAP_PDUSessionResourceToReleaseItemRelCmd.c
9a7b3f22b25179e5c873415c67fd3e7ddcc4eb4870beacf191b8ac3a071accc1  src/asn/ngap/ASN_NGAP_PDUSessionResourceToReleaseItemRelCmd.h
0157dad54a84daf304dc7d4a11812c1f576cbddea056751d32dfa431cb77afb5  src/asn/ngap/ASN_NGAP_PDUSessionResourceToReleaseListHOCmd.c
0bee63f3ea3ce8b83c50db609747cdb7985544dae408b66c7a91ef0cb786b732  src/asn/ngap/ASN_NGAP_PDUSessionResourceToReleaseListHOCmd.h
ff2150c8aef9ae35d9d2a0235bb92d577b789cd6897877156800ea485cab0ef0  src/asn/ngap/ASN_NGAP_PDUSessionResourceToReleaseListRelCmd.c
ae4dc570407ab43664b35a0768974f8e5ac53e7f9da6ee4146d302dd2019a7ce  src/asn/ngap/ASN_NGAP_PDUSessionResourceToReleaseListRelCmd.h
327fa9e9dfcb4561310cd5978cc353477e2728878ee24f1b0310771e2b4cad62  src/asn/ngap/ASN_NGAP_PDUSessionType.c
0cb02ce801aeaf555f4bef857eaca40a361d74ae4c6c5452dd2eec384b3e2eab  src/asn/ngap/ASN_NGAP_PDUSessionType.h
03537adbcd73058787d9d7742fee1dbb2d91ed453e908aed38d6142a3a678cac  src/asn/ngap/ASN_NGAP_PDUSessionUsageReport.c
349fc0383a91c39cbb1f81417a2e19d856b8fc9337a26e9c972d0ca049d238a8  src/asn/ngap/ASN_NGAP_PDUSessionUsageReport.h
eda45e1367249112faf9d93f99c8d938fb608af1106bb03af2e73762cf038ea7  src/asn/ngap/ASN_NGAP_PEIPSassistanceInformation.c
669215b3609ab50d8f007cada09a36a9bc9abaf8d9273acbfb78ce1b309399ac  src/asn/ngap/ASN_NGAP_PEIPSassistanceInformation.h
fe37f8f6f57d9acc8a29d1fbbd9d2f80ea849dbb5244a2bf2bbfd409414041fc  src/asn/ngap/ASN_NGAP_PLMNAreaBasedQMC.c
b2b1a025e448673797375a6cb2c57f11cd0cd166b5d3ba3e6b429ceaa0c218e6  src/asn/ngap/ASN_NGAP_PLMNAreaBasedQMC.h
493d790b59bcfe9d420a33c2dc37f563c578f3f0b2462b9ce46b2d151cbe50d1  src/asn/ngap/ASN_NGAP_PLMNIdentity.c
99e61a67965983e10b1f5a95ba6a1221f195665b070999983947cd685bc020f9  src/asn/ngap/ASN_NGAP_PLMNIdentity.h
52c50f305518e8df3adecfbe2414932f84587a74bae63f843e31ba466c4eaaf8  src/asn/ngap/ASN_NGAP_PLMNListforQMC.c
d7ee9e8e85e9f55f6dd742170f0fc4b5c6d3002282a8819656bf0b30638c76e5  src/asn/ngap/ASN_NGAP_PLMNListforQMC.h
fbd13bc0959a9bc0b66c4965fd7ebba7ccf3b192a171ed9fac1075a2a7cd510e  src/asn/ngap/ASN_NGAP_PLMNSupportItem.c
466641f85d8417bf12b445807022a33e6b089fde12f24199ac84613c9ce5c34c  src/asn/ngap/ASN_NGAP_PLMNSupportItem.h
ccdaebf8cd18f0182758c56c14da2cde802a69d89b907a47838f8bcb6ac85384  src/asn/ngap/ASN_NGAP_PLMNSupportList.c
711b751bd6a72da39254013f5112f7939e0ddf3f84104f9b23dbd0f412c1dd25  src/asn/ngap/ASN_NGAP_PLMNSupportList.h
eb9e51734c906bb8dbd08c787b615a413564d9d10a139b624c71afb814423af0  src/asn/ngap/ASN_NGAP_PNI-NPN-MobilityInformation.c
0813f797a4a4ee83b931a67a4cafc7b460ac8299d260d944c20513ab91621c62  src/asn/ngap/ASN_NGAP_PNI-NPN-MobilityInformation.h
ebd2d6c2787d71876657d1fe0223266738021d3ce0e4d249a43768d55720c2f0  src/asn/ngap/ASN_NGAP_PWSCancelRequest.c
e73ffe16ed4cc3c0ad9a6d0accf08c7a368a3cf6ec811b075b3a8526061cfaa9  src/asn/ngap/ASN_NGAP_PWSCancelRequest.h
8b8be59b98737e44d6696486df85f3f9864e04a92e1cab9e808d218676e66c6a  src/asn/ngap/ASN_NGAP_PWSCancelResponse.c
35b787ce51e9862f05fcf04457594badba0c10ce3ff5300666179e4e10e5f1d5  src/asn/ngap/ASN_NGAP_PWSCancelResponse.h
efe57ce43baa789b6c837210ac6eb12b9e9ec68ab8bd2a1e6f1d8050d515230a  src/asn/ngap/ASN_NGAP_PWSFailedCellIDList.c
f03400083341e8c8118edc3deb882fdf7e8a10290b17df1499987d615fd3803e  src/asn/ngap/ASN_NGAP_PWSFailedCellIDList.h
1e113c421d230cfbe7600d725197a12c36047c0b2e82e283bd8b2bf67f7f7993  src/asn/ngap/ASN_NGAP_PWSFailureIndication.c
8a8636ae9b3f3d2f862b3776c5700c93123a163b9f7c747880c66361bbd1c0e3  src/asn/ngap/ASN_NGAP_PWSFailureIndication.h
d45729bcb6ffd3772a784ea30e3b87f8a132a22517b080e7c021fe0c1d9b4dad  src/asn/ngap/ASN_NGAP_PWSRestartIndication.c
f74d3f5a74f43b701274873c48085ca48f9480bfd4cb5c42bd015c128592d916  src/asn/ngap/ASN_NGAP_PWSRestartIndication.h
a539d6a6f7a0eca6b697989cb560df5803f07c5c6c30492886270155aad643a6  src/asn/ngap/ASN_NGAP_PacketDelayBudget.c
f4bf4e8c5deea0bb6ddeb1a8fc6e5c4de0435f4cb9b416fd0973de16b1ff4715  src/asn/ngap/ASN_NGAP_PacketDelayBudget.h
e0432fa5afd4fc827884c62a8866ee29a269cb10c7344dfc9a9517e63354dfbc  src/asn/ngap/ASN_NGAP_PacketErrorRate.c
59fe9c66abe270f654fa1dd2cb492b7d45b49305a9d14fdce0df506ad1518c13  src/asn/ngap/ASN_NGAP_PacketErrorRate.h
2da1a68351a6375cf91b3bcf791c9d389ba0ae0cab19da036134ccf699e7b626  src/asn/ngap/ASN_NGAP_PacketLossRate.c
fa8bd2f83ee068ae658b9c69861bad0351664c0399e38e000dc95c1b39ace0ce  src/asn/ngap/ASN_NGAP_PacketLossRate.h
caeb18082f5a7aa9adff0b95f9fc4c8c890b6d692bc5408fbbae118ac7459b82  src/asn/ngap/ASN_NGAP_Paging.c
02ed6738080f2df89c8016f0648596fd6f4be20c30132cd4e0b73039acfb3dd2  src/asn/ngap/ASN_NGAP_Paging.h
9ebcd167e6980d20fc80f5ef9271d94202e604a52e6a69ecedd9a076bef84327  src/asn/ngap/ASN_NGAP_PagingAssisDataforCEcapabUE.c
18bbb3182b5e34737ea1b49ae1d9fdb67d8c5b2cdd99b3e11278c750def5ddd9  src/asn/ngap/ASN_NGAP_PagingAssisDataforCEcapabUE.h
7ced727d5d17c8591e4754b402fc9bc3ba83883cebec0ea73a7d2d039d85e394  src/asn/ngap/ASN_NGAP_PagingAttemptCount.c
999140f8b9973ee7320b48e5e11cc87241d309210ebddb0ef0ae0c84b86b59a8  src/asn/ngap/ASN_NGAP_PagingAttemptCount.h
4124ce4799f4a0c09ad266acf0ad35e33e64ff3da721051a72bfdc1083ba144d  src/asn/ngap/ASN_NGAP_PagingAttemptInformation.c
e9e53343b91d41871d81291c8694b5a6c631870dde7f27de23dd360bc0eafcc9  src/asn/ngap/ASN_NGAP_PagingAttemptInformation.h
43de83d826ea7007f0204f1343d9e05a7a6b0ed2d4c99ec3c43b6e7cdbb445a2  src/asn/ngap/ASN_NGAP_PagingCause.c
7b125d02d44a274a63c771f238fa60714eb04faca8c4243695b21f7dca889a02  src/asn/ngap/ASN_NGAP_PagingCause.h
d0224e7525c536ea6cd8a187adcd33f18f7f70c40a3f10670185add01c770db7  src/asn/ngap/ASN_NGAP_PagingCauseIndicationForVoiceService.c
ade2ccfde6fdf4a70eba0116c54b4e4f438946525b636d05f0c493c025cc94bc  src/asn/ngap/ASN_NGAP_PagingCauseIndicationForVoiceService.h
3d996e8f9f18f7172244e01c234f9da9f1042396899719da1fc40e181e05bb7b  src/asn/ngap/ASN_NGAP_PagingDRX.c
0c2500fbb6aa09367f9d5a76f5b0a12f81a144a0d8c71d5cb2ad1b3add4e0203  src/asn/ngap/ASN_NGAP_PagingDRX.h
97c1c66e84b3ab1968bba428d2cadbab7566a388ceecea17a03df013a0d1dead  src/asn/ngap/ASN_NGAP_PagingOrigin.c
842d5c2b18d35d597200dbece788399b3c2ea6915015a1c7b14dd321412e8fee  src/asn/ngap/ASN_NGAP_PagingOrigin.h
a41d3b26150be4eb547f97a2aa2cc7e50d4180542bd63a76343b612bee1d8ff6  src/asn/ngap/ASN_NGAP_PagingPriority.c
35ebc0e9a9e1a7e90aa09027f01f18cf86961f3f755a7dac8f930772798f27d2  src/asn/ngap/ASN_NGAP_PagingPriority.h
29ee1575d6a5dcc7bb80cef43d81dd68ea9e1fe122b2b79ef98b30b88069d449  src/asn/ngap/ASN_NGAP_PagingProbabilityInformation.c
0f622b4406fb83b5d425364b8e0c9525131290b09e98829fe88aa78ffe47db2c  src/asn/ngap/ASN_NGAP_PagingProbabilityInformation.h
455ae2538c07302c59480b439ce2985dea0e85cb9e62e97e10e3f277a5efc657  src/asn/ngap/ASN_NGAP_PathSwitchRequest.c
e1c497f873598f5d76df1d0c78fdb5e289aad2a9e117a4e8df85e19ed1e03569  src/asn/ngap/ASN_NGAP_PathSwitchRequest.h
cded542496a68b054377795b3f4a1ce22eb7c785334e5d4b734938a7b9962b70  src/asn/ngap/ASN_NGAP_PathSwitchRequestAcknowledge.c
a7859c6f9c462b1575fa7e587dc92b3254a1a275783dfea67434d0dc151dbedb  src/asn/ngap/ASN_NGAP_PathSwitchRequestAcknowledge.h
623118fa1f57c3b8d1c2b5238261ec3e109560d20c9f75911fc86f62ae2fb4eb  src/asn/ngap/ASN_NGAP_PathSwitchRequestAcknowledgeTransfer.c
1f858fab926b6bc88cc01d860b5be480102f7a7eaf3d2ed9a859aae584a887cb  src/asn/ngap/ASN_NGAP_PathSwitchRequestAcknowledgeTransfer.h
87d047c04a509974d7988bd999edd08209ca37b91db9f76830934b192c4071ac  src/asn/ngap/ASN_NGAP_PathSwitchRequestFailure.c
bc6ca95ab54e9ba82261330ba548c6f85de951cab26b5cf5140974556a38e9c4  src/asn/ngap/ASN_NGAP_PathSwitchRequestFailure.h
f5e7ed2998e59efde4b1d934c7f1937fb22ea6015579719b62647e1b3dc66db8  src/asn/ngap/ASN_NGAP_PathSwitchRequestSetupFailedTransfer.c
0f568bb01d745e1a61e1111cfa56d86c88727ed0a87398119d14131aea80019e  src/asn/ngap/ASN_NGAP_PathSwitchRequestSetupFailedTransfer.h
7eb55d43a367b4b82c9398426632325bfefcc9b2fdb8221b6cf6a9c1d253a74f  src/asn/ngap/ASN_NGAP_PathSwitchRequestTransfer.c
d566d977b355d17ef22f5732c8e8629bcee414b96d0fa0ef4d50eb73dbfc242a  src/asn/ngap/ASN_NGAP_PathSwitchRequestTransfer.h
17f8747cb2c0ea094c92805ae05819a6a1b7869e7374286216baaf6b778efb38  src/asn/ngap/ASN_NGAP_PathSwitchRequestUnsuccessfulTransfer.c
87d5d508bf0c5f588a52ea006a9856e7c0d7c31a9e66e5f68174c8bae723676e  src/asn/ngap/ASN_NGAP_PathSwitchRequestUnsuccessfulTransfer.h
0375e07e1692bf358aa31e91a2b7513ed3986e0a2b8bbd58d94cf5476b708de9  src/asn/ngap/ASN_NGAP_PedestrianUE.c
1db38e7e2c28640d91d43219fe9e3d4fae50dc40e5803fc6eb9064d0b14d951b  src/asn/ngap/ASN_NGAP_PedestrianUE.h
63a1f7a9446e634baa8183687fdc6ffac64ea593620c7abe034d810b85f5cf51  src/asn/ngap/ASN_NGAP_PeriodicRegistrationUpdateTimer.c
a9dc8046320b9bfcc6156588736cff8c0d23db23fc8f09a311b548b83233822c  src/asn/ngap/ASN_NGAP_PeriodicRegistrationUpdateTimer.h
43d40027fb78fb4689dcd2fb2f8effbaa7dcc67420ad239a13cadd6d2008a965  src/asn/ngap/ASN_NGAP_PeriodicReportingIEs.c
505a09ff652d52d1b74f2f2a17471c309eb0bfea0b25f75743949fe4648be145  src/asn/ngap/ASN_NGAP_PeriodicReportingIEs.h
063846ca448cbcf99cc13e16025d56f0a1762afc3fc262c8184025486f26d556  src/asn/ngap/ASN_NGAP_Periodicity.c
b9c448fc117b3d0a985bd1295f5f59e1a7705d7a91ad4ee7ad21211197840390  src/asn/ngap/ASN_NGAP_Periodicity.h
34b44c86b46fa841c10f77ebf5565e5849d53984fbb273395ebeb73dc0d2cdae  src/asn/ngap/ASN_NGAP_PortNumber.c
8b9142627a543096b1132950b5da849471d815c3792dcad08c7fe9052b967bb1  src/asn/ngap/ASN_NGAP_PortNumber.h
1194475bfddc8f2e52a902e335e2a08349792b2a1a51405247b21e928501ea32  src/asn/ngap/ASN_NGAP_Pre-emptionCapability.c
c89513af0d7e3f99cba847a024cf640312278f6f0580edd7f8bec07ac514eb2a  src/asn/ngap/ASN_NGAP_Pre-emptionCapability.h
ee76e47dce5b585272e9686bd245de8a39f9f8c918751b17ccdb1f3d69d50a18  src/asn/ngap/ASN_NGAP_Pre-emptionVulnerability.c
f22be9679cdd23b970257e8de585e377e746277594ed693ec5376827fbec0761  src/asn/ngap/ASN_NGAP_Pre-emptionVulnerability.h
aa2a55a8e7ad44ce7ababe92a790633b60c846cd5467135e89f65180a202c90f  src/asn/ngap/ASN_NGAP_Presence.c
d4a8bf1c81f5ce61d54f035199f414d0dfe74b34e63541c4ef6ccf87558875e2  src/asn/ngap/ASN_NGAP_Presence.h
eb712cb786483f41a433ed2f94c9813e9b29f2eecfe2e640b803fc105501ba10  src/asn/ngap/ASN_NGAP_PriorityLevelARP.c
d3a8c23377b4d83a5115eb76bb8827daaf0d14bda6cbe4a654eea280977dfa7b  src/asn/ngap/ASN_NGAP_PriorityLevelARP.h
ffc1c7633d03b89e18259028d3d9ea9b9f1aa156f719f746e1850378a9e2ff9a  src/asn/ngap/ASN_NGAP_PriorityLevelQos.c
32833cf217d9eeddd140e1408db277de4393d758a20fe4e8747a649825256f2d  src/asn/ngap/ASN_NGAP_PriorityLevelQos.h
97359b487e9a25f650ee63a7977189dfd4ec455f4934a35da85d8436d7c64e65  src/asn/ngap/ASN_NGAP_PrivacyIndicator.c
ffe8b428b860d64f3e234ea4675cdf37ab501be10cfb51f46cd803b19aecc382  src/asn/ngap/ASN_NGAP_PrivacyIndicator.h
4be5617839eb0b627c20537b3237b08830635267c8afdcdb1419194f935c3fd7  src/asn/ngap/ASN_NGAP_PrivateIE-Container.c
7619f07b7d39766479f83fa4ebc68c7456fc213ceadefe52fe4f6fc25101be50  src/asn/ngap/ASN_NGAP_PrivateIE-Container.h
3b15e241cde81b2c057ec091dec024a5228ed1d0e0aab8d1bfdd792bca47f505  src/asn/ngap/ASN_NGAP_PrivateIE-Field.c
0f0d8564a4981ff710bfde12f9eb267a16579d2c412172a6742e476097474ce7  src/asn/ngap/ASN_NGAP_PrivateIE-Field.h
0630e44927ef51e68f8eda3b089e7a492ab1c7e5ddd9ccb7e960ffef13955d5e  src/asn/ngap/ASN_NGAP_PrivateIE-ID.c
11b96e4417bb7d61f348a54ab0d8a70055a27472eb0a9b3536fdd0366107abee  src/asn/ngap/ASN_NGAP_PrivateIE-ID.h
24c412a407212389d7833c9712bd7f6519a3c2540d00645cacb3bc4615c93c16  src/asn/ngap/ASN_NGAP_PrivateMessage.c
fee53602457caecd086694f30f75b4da99d8048864eca1b144f4599c83c8ac4a  src/asn/ngap/ASN_NGAP_PrivateMessage.h
324181b926d46ac104ddf8a53e54b39d6b6137f94c19e83246b61034ea6a4f93  src/asn/ngap/ASN_NGAP_ProcedureCode.c
58bec1a3e92214724ca275bae79309a84d59f2034e0d3263ec5dd2f462a7d44b  src/asn/ngap/ASN_NGAP_ProcedureCode.h
786eb00bf5be969325771c45c940b91e5612da3104ea78c9c84922c8e63abb68  src/asn/ngap/ASN_NGAP_ProcedureStageChoice.c
f18097472339496b6357c907134cefb02e23de1b31ba19347d5be438757d21af  src/asn/ngap/ASN_NGAP_ProcedureStageChoice.h
b18c0f4787e6b034098db928dd3c66464ac70dee111bc6276808027aec33f8ea  src/asn/ngap/ASN_NGAP_ProtocolExtensionContainer.c
a8eea781cb25f88ee33f4bd106e836e28155665e32981d57712de8d5ebc93d20  src/asn/ngap/ASN_NGAP_ProtocolExtensionContainer.h
2cd772d1f99d45a5df6d3b32f02c6a2af31bc1f1feaba254d2214205004e7040  src/asn/ngap/ASN_NGAP_ProtocolExtensionField.c
f666a9e25c0c80ce719004e80734e32daf9b5518ddc5fbc6e92cdd74483b03fc  src/asn/ngap/ASN_NGAP_ProtocolExtensionField.h
e22246ec3a9c683b8813d654e49896581b8ba186307af4a826f0228248061551  src/asn/ngap/ASN_NGAP_ProtocolExtensionID.c
fdee43684a42233663f84a62c0ae5486bf0999dd4295a4f58ff2e1d0213376c2  src/asn/ngap/ASN_NGAP_ProtocolExtensionID.h
9d807950726a21b61f9c5e183e6d6a1ce2bbbb4060a483203c20c755256121b4  src/asn/ngap/ASN_NGAP_ProtocolIE-Container.c
ae7a63e87ee5e7162e0352c547b833f7c03551f23908ff527036ec733dc1b5b1  src/asn/ngap/ASN_NGAP_ProtocolIE-Container.h
34f5eb977bf9176114beb9001f4d0697dcaa998eb3aa2277ddee812aa1503152  src/asn/ngap/ASN_NGAP_ProtocolIE-ContainerList.c
34f7b4040ca62382fc8e022dafb5c9b39102350ce9695f84a8580c7955998a2d  src/asn/ngap/ASN_NGAP_ProtocolIE-ContainerList.h
7f1b682c6b899b41a88d201d9fb8d3eb6206d1b4e29116490d3ea7c221ab199a  src/asn/ngap/ASN_NGAP_ProtocolIE-ContainerPair.c
f477637fd32ad26a96a7c1b5699f48138cc02a64e6eff7e1d6ccb3c1f924ed5c  src/asn/ngap/ASN_NGAP_ProtocolIE-ContainerPair.h
7584b379afe0d625b9109b77929d1cf3831eb05cf9263572ff144b8cf4095ff7  src/asn/ngap/ASN_NGAP_ProtocolIE-ContainerPairList.c
f63b8a8712329f229efa1d5c5d4da97aa526289f54965f7cd4f5a31033b3c8fb  src/asn/ngap/ASN_NGAP_ProtocolIE-ContainerPairList.h
0d8c6fd97910805a674ef76b37fd64a36f438d4240eaac84ac08d03734cf5f31  src/asn/ngap/ASN_NGAP_ProtocolIE-Field.c
f1f40ce7c8d3bc35ddba5b5cff5f2957b7467476fd31b422b07ac90af5b5be3e  src/asn/ngap/ASN_NGAP_ProtocolIE-Field.h
8143aa03b4f4c8d18d074994f81b5a30de713dfbd20ce7b963b4d7ab89d0e0c1  src/asn/ngap/ASN_NGAP_ProtocolIE-FieldPair.c
d3c5893f276c541c17b65cee33f8a11ca7a382feb8b0e41ea53686b102fca19c  src/asn/ngap/ASN_NGAP_ProtocolIE-FieldPair.h
6cc3afd8bd48c046f4151cf02eb47b064a5fbb0e2656b7e880b75d35b110aaa9  src/asn/ngap/ASN_NGAP_ProtocolIE-ID.c
2edf33919870e72b000aca1a1eee4267ae4e7495082bb7181421522b0841a70c  src/asn/ngap/ASN_NGAP_ProtocolIE-ID.h
fb023ae13b8208c0c711e895e2a35c11c03433e993eab4546b3da73079f67be7  src/asn/ngap/ASN_NGAP_ProtocolIE-SingleContainer.c
7452734877dbf651df8fdc563b36e2242a4edbec1c9398dd5aa649977f7e1e72  src/asn/ngap/ASN_NGAP_ProtocolIE-SingleContainer.h
d969c504debf05c96875ad5c62ac7bd94289ad39f76e0dbd0b66eb88445dd0f0  src/asn/ngap/ASN_NGAP_QMCConfigInfo.c
088871fb6fe39999412e40ee1b8e36bb9ac96e1b8f99726a83256c09d35147a5  src/asn/ngap/ASN_NGAP_QMCConfigInfo.h
0c4fe88a098a99a8a2f92cd458f625f6aa10c7c16591f1e34d46b800211a22aa  src/asn/ngap/ASN_NGAP_QMCDeactivation.c
da8fa2ce26190c4db7cdfbac68c634b633e7dccc494e0b9697e09d613e963368  src/asn/ngap/ASN_NGAP_QMCDeactivation.h
060b2db6dc6d692c5d5f091d3cb797934cdc6e2a3a2f581ad68146e65a344c37  src/asn/ngap/ASN_NGAP_QoEReference.c
f728088d2a2031d00fe5b6106b82c37526fc2337c6fdd895f17046c148619922  src/asn/ngap/ASN_NGAP_QoEReference.h
f20349a5e4cebf8d1825abc5f3f2de739c18127e006a5f4f8044894c71cffb3c  src/asn/ngap/ASN_NGAP_QoEReferenceList.c
9d18f488f2d36ca0dab14150b0054a74bcde3de49f1dceac65ecfc4eba4c388e  src/asn/ngap/ASN_NGAP_QoEReferenceList.h
27434a357a6857960afa6d09ee832e70b174e6ca851b122381d398f2e73f1491  src/asn/ngap/ASN_NGAP_QoSFlowList.c
d74e959d3fe35292f38126ab860e3a5bf47ca9c4d92838c552841307b2f3b0e0  src/asn/ngap/ASN_NGAP_QoSFlowList.h
ae57e8a3715265ae4c5dd25033b44e65d42125899c4fca8a1d49efe9f352cd2a  src/asn/ngap/ASN_NGAP_QoSFlowsUsageReport-Item.c
2ac5b9fcaa9a37a1a7864c8821361e81df1891cc49ed7080b503b034aab993f3  src/asn/ngap/ASN_NGAP_QoSFlowsUsageReport-Item.h
ac6871203b65ce58f57d08662efa225462bc1471f0bb7432b4a85465f615dda2  src/asn/ngap/ASN_NGAP_QoSFlowsUsageReportList.c
0d8631043f7e13147164d4a7c02e369bc256dffbecf5d2bc31782c7f48bebc6a  src/asn/ngap/ASN_NGAP_QoSFlowsUsageReportList.h
59366ec88e1225357522801b2daaae0c24d1ca4237c62b46dfa39eadbdb36d52  src/asn/ngap/ASN_NGAP_QosCharacteristics.c
7b9a020b28a8149cbb2952163d621d876e4541085dadf3a285ca87ccc689798e  src/asn/ngap/ASN_NGAP_QosCharacteristics.h
3ceeff07a802917e0c675e7ede6147b6b7eada88b4e8d6541a8bd020957098cb  src/asn/ngap/ASN_NGAP_QosFlowAcceptedItem.c
a71837cbed2448c7fee4eced7f7fa3b45a1d93c380dd35bed57b5ab2f7f23dfd  src/asn/ngap/ASN_NGAP_QosFlowAcceptedItem.h
7aa664f1b17ced7f84eda5a78a4bd0b96790b238ef4840523ef3a323180f9095  src/asn/ngap/ASN_NGAP_QosFlowAcceptedList.c
7ccc354a178ee31db52b600585b3ef77077358e752b531fce2fc411698e33c1c  src/asn/ngap/ASN_NGAP_QosFlowAcceptedList.h
2c2db6dba314ae3d68f3e5825ba0b9b38c35066a03bd69b94bc00d0da42fbd16  src/asn/ngap/ASN_NGAP_QosFlowAddOrModifyRequestItem.c
56c2e4df6f9f9f7c851259fb9dbe8f20270435edce1359a56d61e0d66be13fb4  src/asn/ngap/ASN_NGAP_QosFlowAddOrModifyRequestItem.h
5f5af3477723896c6aed05b42963cb4618fa53d9947724a2cb1263f2f7f32cf8  src/asn/ngap/ASN_NGAP_QosFlowAddOrModifyRequestList.c
dc00c80ab04130ba209e62c3265269d3f5ec282c7a76d3fafef1f7676a0d10eb  src/asn/ngap/ASN_NGAP_QosFlowAddOrModifyRequestList.h
1bc5dccfa5d970595c85ac791da0677216d75c1b8f6f70f809f04af9d9075514  src/asn/ngap/ASN_NGAP_QosFlowAddOrModifyResponseItem.c
1d1092966943167dbfea8a2aadad07d60cd71401c6e0792abaf2d8a61cede715  src/asn/ngap/ASN_NGAP_QosFlowAddOrModifyResponseItem.h
e593b64f1368ac352b2823403a4a61472b88cc38ed47088c371455354608aa02  src/asn/ngap/ASN_NGAP_QosFlowAddOrModifyResponseList.c
39d7662ef5868863a0dffee1b7eedc945725cfb783adb6a724096bbff914c43c  src/asn/ngap/ASN_NGAP_QosFlowAddOrModifyResponseList.h
9a462e59065501cfb98fc75253709dd411739eced07483bd7e0e6965e1218eb3  src/asn/ngap/ASN_NGAP_QosFlowFeedbackItem.c
299fcc77d0fb8bc0b30359a84f5fec0eeffa6e1fb4db8cb5bee52fee82c9d2d5  src/asn/ngap/ASN_NGAP_QosFlowFeedbackItem.h
6e1498e243853da29b0a1c6a7c1ac05e343cf49bcf2c0347b7f40d43e02edbef  src/asn/ngap/ASN_NGAP_QosFlowFeedbackList.c
4036058474cd11618548c5c1ae7463f841c74a4a51d3833f636cc307f06fcf53  src/asn/ngap/ASN_NGAP_QosFlowFeedbackList.h
3f10e6d81959b0cbecfd69c9662e66be37964fade9aa8f95a07f1e71f3692318  src/asn/ngap/ASN_NGAP_QosFlowIdentifier.c
bc94e177fc1079475a7ad61ac4b1ae4f4b1fd7ce2c7ad6959fb5282e6bce3d91  src/asn/ngap/ASN_NGAP_QosFlowIdentifier.h
0385b789b3b7dbfcd7d9405c00bab3d6dbe0333bf79fe5992053fb60444da746  src/asn/ngap/ASN_NGAP_QosFlowInformationItem.c
fe091936c8ca711a4d3dabe8a7b59efd35506eeefd3fcf5b9d3ed933f54c9ba8  src/asn/ngap/ASN_NGAP_QosFlowInformationItem.h
f1695f8e0640f7e62e1c3ecddb9892352ff7e0e25b879b58df2362f78716acf9  src/asn/ngap/ASN_NGAP_QosFlowInformationList.c
6ad26613d96d272aac112ad2fe2c1a5c053e1fcc8e89b03879016b9f841f6eb0  src/asn/ngap/ASN_NGAP_QosFlowInformationList.h
29b4ed45956f1850fedcfba4dd2629be6b34ad4b10e7fb12c9d4091717c0c8cd  src/asn/ngap/ASN_NGAP_QosFlowItemWithDataForwarding.c
c25a64aebeb0b974adc796022b10c9ff4b35cde8808634185d5e6479e6d54141  src/asn/ngap/ASN_NGAP_QosFlowItemWithDataForwarding.h
11e6eb9dcdbcdcdfe180073d7f3a73130c66c6b82c685a58371a09babc76f2c6  src/asn/ngap/ASN_NGAP_QosFlowLevelQosParameters.c
4b1d848dda18ef3fa0083989cc5a33ac4364f5649539ed2402a8b41492d56809  src/asn/ngap/ASN_NGAP_QosFlowLevelQosParameters.h
d79663da780d859e3b584c83333446b1b385209a2dd931e165a9293a48398f1e  src/asn/ngap/ASN_NGAP_QosFlowListWithCause.c
6aca6407c04f8e8a381e720a1a109f407ae8e26e4aa21237de471d7c7a130d60  src/asn/ngap/ASN_NGAP_QosFlowListWithCause.h
5a24264a3c32ea1733456e70e8a72bf2823dce424ac30765c4cce43c945ba4cf  src/asn/ngap/ASN_NGAP_QosFlowListWithDataForwarding.c
5bf1192381327841ddc75987951285a8bd85dd89c4a02257578c907759c3bdfa  src/asn/ngap/ASN_NGAP_QosFlowListWithDataForwarding.h
19ad9d9de8ca4f6eaf4aa123db146ae3d83d067cb6375b0aebbc62fce446b83d  src/asn/ngap/ASN_NGAP_QosFlowModifyConfirmItem.c
8bff99099909e998a57e9982503a447054cd441b976a82ec7e9546d7d9a69e0b  src/asn/ngap/ASN_NGAP_QosFlowModifyConfirmItem.h
a45a1a828f5cb4da6d7f2e173a734d717f22dfb74f038ca3ec5c480153137c36  src/asn/ngap/ASN_NGAP_QosFlowModifyConfirmList.c
56068fdf8a6463b322389db19ef398495311bd4768c75f50f1cfef6800fc27b0  src/asn/ngap/ASN_NGAP_QosFlowModifyConfirmList.h
c5329d3b0104eea8ab1036eb17df95699a35c5b590f707244c1f501ca40d3b97  src/asn/ngap/ASN_NGAP_QosFlowNotifyItem.c
727dac0b8b72773001995a886cdafb137eb984c15d7d4dcbb5fe7aa8df2b32e4  src/asn/ngap/ASN_NGAP_QosFlowNotifyItem.h
565aaaf656927f535ce907e8dd94c76c6b24f043fed87d592f5d869250cb2aab  src/asn/ngap/ASN_NGAP_QosFlowNotifyList.c
2947cb8dc5bb086f693458ef24613cfcd710283a4aef7c4df06b02d2674fbdad  src/asn/ngap/ASN_NGAP_QosFlowNotifyList.h
bb063245ad5124538b61e7332c3bcc39442ea9ddcd1c4a80284d2a4f94c639bd  src/asn/ngap/ASN_NGAP_QosFlowParametersItem.c
b1a14d18abb65847a5ded482bb6e933e4200309233bb5553f00f4d5869ec6f12  src/asn/ngap/ASN_NGAP_QosFlowParametersItem.h
8195fb87931bd59737c621bf8847ab95fc244689d9b5e656d61ee666a374aa7f  src/asn/ngap/ASN_NGAP_QosFlowParametersList.c
f4bd6661ae544befef02e47429f126393a0b908691879378c3c6a925a59f3ed7  src/asn/ngap/ASN_NGAP_QosFlowParametersList.h
74bcb71319720e7e14dfacdbd4ae681cd84e15b83676bb5a890a22ac9c4e9e7d  src/asn/ngap/ASN_NGAP_QosFlowPerTNLInformation.c
9cbf54ee64a55b8ca20e503fb9b37ea58d32c6dafe46741bd82968b67ebd05a6  src/asn/ngap/ASN_NGAP_QosFlowPerTNLInformation.h
31e440d713a125622363aa5637efc442b69a01029853b770bd24309b5a28e230  src/asn/ngap/ASN_NGAP_QosFlowPerTNLInformationItem.c
53059230202f30e5d38b747bbba51b5a44dfdd54950cb77e86010b0fb79e465c  src/asn/ngap/ASN_NGAP_QosFlowPerTNLInformationItem.h
8290d8486798c63dbc3f330a3a6d37440435514efb18cce5ba096a822d2d1b78  src/asn/ngap/ASN_NGAP_QosFlowPerTNLInformationList.c
c3e67adcf877b8dbcfc4c62f12d3b5c836a4c594afc7bdca2e056d3c1e1ba98b  src/asn/ngap/ASN_NGAP_QosFlowPerTNLInformationList.h
a525bda529395682d6aa6c6e7231449efd3411ccee962e1741082c1364072cb5  src/asn/ngap/ASN_NGAP_QosFlowSetupRequestItem.c
4f384c064da8aa165911f5caa81d0bbc8de41b9719a487ab4f0293179f5a791d  src/asn/ngap/ASN_NGAP_QosFlowSetupRequestItem.h
a2bb44976589702e32952be7e2af32890c2926dcae51958b8b966edc9c531e06  src/asn/ngap/ASN_NGAP_QosFlowSetupRequestList.c
f919dbaf9286f46574c31a35dbe96de14acee14e290e44c7ae625fdf61b0d628  src/asn/ngap/ASN_NGAP_QosFlowSetupRequestList.h
658781595afab8346501209b77f0aeaf5c235c7c66463b2705fb85da3eaf04fa  src/asn/ngap/ASN_NGAP_QosFlowToBeForwardedItem.c
0025bc4c6fd8503de28181f9c0fd62b4f82d06fccbb31b6b7ace7b11aaecf53b  src/asn/ngap/ASN_NGAP_QosFlowToBeForwardedItem.h
57ea3a1e9fd8810cff53ef15c76bb98067f9e451be8c4496b0b6110d2f203b9b  src/asn/ngap/ASN_NGAP_QosFlowToBeForwardedList.c
42fd4ea5e0fb2ed48bf61459cd9c3c4507b3e340a77f51364e5a8c051a84f5c1  src/asn/ngap/ASN_NGAP_QosFlowToBeForwardedList.h
19bd4cfa9482a22fa8507a43f7d40c27ede9e01d99d63fa3221d42149c2b7c97  src/asn/ngap/ASN_NGAP_QosFlowWithCauseItem.c
e6621fb6860cb2d442ff0c51341b6e53696f91926a765ed88bc24b4a48012da2  src/asn/ngap/ASN_NGAP_QosFlowWithCauseItem.h
47da4a34bd6b9ed77c783176e35ea17ecdc8fd985f60d0f867d0c25fbf86560b  src/asn/ngap/ASN_NGAP_QosMonitoringReportingFrequency.c
a182cb1cfeb57147c33552b1212405ebe7f4fe77fc83588b7e746c1a7f7efb2a  src/asn/ngap/ASN_NGAP_QosMonitoringReportingFrequency.h
840ff543242df8e499e56d6f2c3e19de7cdb5f2b3340799dc2856d848788fa85  src/asn/ngap/ASN_NGAP_QosMonitoringRequest.c
371a7ee3d3b0021651cb155f3938b6ff87fabc558bb1fd8bfb59c358ddf69ee8  src/asn/ngap/ASN_NGAP_QosMonitoringRequest.h
210da7305ff583b8e7c628d7b7ace8d3e4b3b3f3aa9aa96cbdbac154cd0d4de3  src/asn/ngap/ASN_NGAP_RAN-UE-NGAP-ID.c
25b4ba97b67795f8bb4450a2764d136cc4b65dec339734055ff3ae594e5bdeab  src/asn/ngap/ASN_NGAP_RAN-UE-NGAP-ID.h
53bdc29b929dd436e189834f2ad546a31dc3a486915f7756c1abb4003c565a94  src/asn/ngap/ASN_NGAP_RANCPRelocationIndication.c
da69354f890cd6fd3ab65a8cb43f7a181910c09c487afc664022511ddef5210f  src/asn/ngap/ASN_NGAP_RANCPRelocationIndication.h
1cec3397624bc074755f5ac6ad16ba33b6c647338c6fbbea1419d27a56dfa9af  src/asn/ngap/ASN_NGAP_RANConfigurationUpdate.c
2d20f7023f33047fff5ca45bab466252392c2df4191c1b41ed95cc07568e938a  src/asn/ngap/ASN_NGAP_RANConfigurationUpdate.h
c01719785720e6c77966b0cad3bfcaccaad8ebdf585c1ed746e0247073761184  src/asn/ngap/ASN_NGAP_RANConfigurationUpdateAcknowledge.c
5e28f4941717f56ea9583ddb6ec43665943a81f870b1d9ad3c54bacd748c44ca  src/asn/ngap/ASN_NGAP_RANConfigurationUpdateAcknowledge.h
cab896d7a5c1ba5e65223e8eaa69e451ef0309bacd67dca2136d41ae13fe5427  src/asn/ngap/ASN_NGAP_RANConfigurationUpdateFailure.c
d472733e55db6301f5cdc6d449c87e577035c6e82b20e910a5d009e68d4f1100  src/asn/ngap/ASN_NGAP_RANConfigurationUpdateFailure.h
f067116e89ef46662c97d6b7bf1504fac33e4e923b1c39dcc241d7b34e83d8a5  src/asn/ngap/ASN_NGAP_RANNodeName.c
38edb3b2a4cab0bcea77de133d43eb713ccde5daf86b4b4b1cb42f1eba1e4c17  src/asn/ngap/ASN_NGAP_RANNodeName.h
836821dd13a22bfdd3a5b218e335b2d1a08e38a45f73b1cb2812be873d3a8476  src/asn/ngap/ASN_NGAP_RANNodeNameUTF8String.c
719771c5842246ea04a02293c6b0478ab37005611afe6d1e717ea53f9cd27a97  src/asn/ngap/ASN_NGAP_RANNodeNameUTF8String.h
0640c29e75b97f0a08402df153233b8272b527705134470f66671b4706a383d9  src/asn/ngap/ASN_NGAP_RANNodeNameVisibleString.c
180140eee4b16787cf26a27301251376fa6229671fc9f52417b93cef73215025  src/asn/ngap/ASN_NGAP_RANNodeNameVisibleString.h
7d1d61be3835feda4d17f771b275089f8f557e73f0018d6b423e3e91ad6a61c2  src/asn/ngap/ASN_NGAP_RANPagingPriority.c
7d187fb269e77b6cab5b0f990454b19e2c8cf5c3fb3fe7e3087dbfc2d3b18288  src/asn/ngap/ASN_NGAP_RANPagingPriority.h
aa0d8fdda2ffc95002d732623c0fbb466cd1d7018d8a7fa1570c54f9f9067ffe  src/asn/ngap/ASN_NGAP_RANStatusTransfer-TransparentContainer.c
f605bad5248499c36d870d41cd57ebe26c62ec77a1218705b773880e0d50509c  src/asn/ngap/ASN_NGAP_RANStatusTransfer-TransparentContainer.h
3dde6b58d88856af024f08998e1be4c6dc517fb4392010f10f0b2a50dcca24d7  src/asn/ngap/ASN_NGAP_RAT-Information.c
dc49f4b7a094853d813c95efc1b6d3fd62324bb54eddff488e5fdc565e098416  src/asn/ngap/ASN_NGAP_RAT-Information.h
ffca000e58188e9aea4e46df9d04a96d5933e704519b8f4fcc89b0d9cdc6ee1f  src/asn/ngap/ASN_NGAP_RATRestrictionInformation.c
aca1267e8a061cf640f69087490c96167e109ecaea1e2d2c47a74b57ae436a82  src/asn/ngap/ASN_NGAP_RATRestrictionInformation.h
c24539a7bffb62dd312460b8b9b74d149a8d4046b55b95844f83765e3e8bae4c  src/asn/ngap/ASN_NGAP_RATRestrictions-Item.c
1bb29d1e35066cb22537b577630cd39a0da37fece80e1fff17d48a02f9c94143  src/asn/ngap/ASN_NGAP_RATRestrictions-Item.h
0fd31606c6d0a02451caedea0ebca4b0be4c485a86c807065433af8110118496  src/asn/ngap/ASN_NGAP_RATRestrictions.c
1e86327eabe58e8e5c0668edfd3e17687abb591ca169fdfbb05808a72768bcc5  src/asn/ngap/ASN_NGAP_RATRestrictions.h
50a30008f955d4132f717342aba802550387bf7eaf82029b56f7a648e8cb0fd1  src/asn/ngap/ASN_NGAP_RGLevelWirelineAccessCharacteristics.c
a16ba5067fd51ce6ea782bf504277963da5946d8ffa5278d7b019249af762569  src/asn/ngap/ASN_NGAP_RGLevelWirelineAccessCharacteristics.h
63c9a2e884c9ea8e5f0f001129fa0ea7cf9d482ce3bf76ac585f5a295271f881  src/asn/ngap/ASN_NGAP_RIMInformation.c
c0a9ed8fc57ddcdc5d00c399709b8c756891f1675f9abc5bcb162e40627cabfd  src/asn/ngap/ASN_NGAP_RIMInformation.h
9dc99178561852a7bfdaade8380954e49cb5ee2e69218147ce93b3a23abc4016  src/asn/ngap/ASN_NGAP_RIMInformationTransfer.c
3b9fd1b668a1874ea9822beb61a85f4711555aaeb405f21e44562e6eaa8a2c37  src/asn/ngap/ASN_NGAP_RIMInformationTransfer.h
10c462e310fd20ff7bcbdbd8e8e78a6662f4dc9cf84ace6b7a1881d0b2eeb159  src/asn/ngap/ASN_NGAP_RNC-ID.c
a8c9f25beacbb49d81acc03d328ad95f527b5bd2836cb7e68eb0f99c9f73947e  src/asn/ngap/ASN_NGAP_RNC-ID.h
77e818db5a59e084d0214430ce20c5e0b93af76dc0f0a4233c5d4c638b36b8a6  src/asn/ngap/ASN_NGAP_RRCContainer.c
79f1bf075513369caab550959b89728f5b7a1ff84de57d8e881d70bfbaba6da9  src/asn/ngap/ASN_NGAP_RRCContainer.h
9082d64965a9f9faba12b891aed5de0add7082212f4a1bf4e7a5f2423086f3f0  src/asn/ngap/ASN_NGAP_RRCEstablishmentCause.c
e899c0b73a360fb112b777cf141f27ecd740361d4f5068c7f10124af308d3fa0  src/asn/ngap/ASN_NGAP_RRCEstablishmentCause.h
b1ec715af4859923f61bf7ec193f4bede60fdefbd60a17ebf5f38fd1257fc769  src/asn/ngap/ASN_NGAP_RRCInactiveTransitionReport.c
eabe6d9323fa258dea995bc4b7a9d9a2d4ff3c1141152499201efd7a4909fc5e  src/asn/ngap/ASN_NGAP_RRCInactiveTransitionReport.h
c198eeec3bb64de2c7472afb64842f4d4395c60416eb58cd74f21e965287b25b  src/asn/ngap/ASN_NGAP_RRCInactiveTransitionReportRequest.c
b30004f924643eca9b2bd80b5b28a45e5eebeda2eb6ae4d876e7d3a2119e2c3a  src/asn/ngap/ASN_NGAP_RRCInactiveTransitionReportRequest.h
9f3937d283b06b766b6098b0c3e3cb97e75a6326d69f63ecdfd6ca33f1655c14  src/asn/ngap/ASN_NGAP_RRCState.c
632976415d8b65c8474b3d68ac798fed2bde87e28fb99f586e3321eb56882695  src/asn/ngap/ASN_NGAP_RRCState.h
939e27005b58782fc90b14ef401a7753d4c542abb1a1406cab50ed1b58a52cc7  src/asn/ngap/ASN_NGAP_RSN.c
4fdeb99343e2f53ef92ffcb7c306f270c3bd6fc0bca2e0b0c787e7f290a8448c  src/asn/ngap/ASN_NGAP_RSN.h
cf8b2769b6af2e3f6ee7528dbafd2a88bdf985e81bd59acb8295d408113bc9e6  src/asn/ngap/ASN_NGAP_Range.c
46e897f9c4ad9408e29732379ae82f8b436e6753fd754b26feeab448a7ecf8d6  src/asn/ngap/ASN_NGAP_Range.h
720c66a13692d960447c99235a50b7ef78781b29743deb1062f7a18fc26a7fae  src/asn/ngap/ASN_NGAP_RecommendedCellItem.c
0c8a8d452d0bbdfebbcd3e76bd7f5489e27da7f922cfd7f286a3dda264c67a26  src/asn/ngap/ASN_NGAP_RecommendedCellItem.h
63550c2a6c6f15bae873d97a4ee7ab6ab6c3dbe262cf71008851c7f17140f6f6  src/asn/ngap/ASN_NGAP_RecommendedCellList.c
9e21a277a26bd9835ad4a4936a27c83d7739adb707dbcea814e86db5d99dfdae  src/asn/ngap/ASN_NGAP_RecommendedCellList.h
ea2a3fe9015c981225bbef71a19db3f84bf0abe72eac3968f5917b12c7f00808  src/asn/ngap/ASN_NGAP_RecommendedCellsForPaging.c
d76d957f9028876d6c7aee3d9b69fc078495c362f393c87ca900b67aa811a444  src/asn/ngap/ASN_NGAP_RecommendedCellsForPaging.h
2f6d51883f20f56d47fd47afe2733cf81bf4d438d40bd19a4a1d69c54164f724  src/asn/ngap/ASN_NGAP_RecommendedRANNodeItem.c
1c077e1e840e610e97c1b1f110bddd100c2fc9299ac1345913fa1ad4fe2c389b  src/asn/ngap/ASN_NGAP_RecommendedRANNodeItem.h
5c54b9670426f3c895bb5a9281d1c1ef50f77d08d7275d2a791b4ba9d8ac6742  src/asn/ngap/ASN_NGAP_RecommendedRANNodeList.c
272eb2bb592a822f95e59ce95134d9d5594248089e64d1ef6ba63f9a9baca09c  src/asn/ngap/ASN_NGAP_RecommendedRANNodeList.h
9f6e0876d928574a2d86619c17a48ed7900310b0758a3bc6ae3c3f04e026107c  src/asn/ngap/ASN_NGAP_RecommendedRANNodesForPaging.c
caa27da8fcd575073808fc9edd55a847c77a38a3b2e4cdc6e8a4730f1dee6cba  src/asn/ngap/ASN_NGAP_RecommendedRANNodesForPaging.h
aef97d5083233846bab4620c559f1b623389f5dc88bbd13998d358e4c1bc5717  src/asn/ngap/ASN_NGAP_RedCapIndication.c
62084e144ea7d0597e78f0dd8f87be8010ef6cde61c34ab14a31f4230f7a68a0  src/asn/ngap/ASN_NGAP_RedCapIndication.h
c7e24e475a00c986ce5625baa998f02fd7da96618b291368d87803a63bda3651  src/asn/ngap/ASN_NGAP_RedirectionVoiceFallback.c
3acc4bfad1c0b3d1ae0a18cc46c06e30dea4af5d7e58aca0cd6c25979330a384  src/asn/ngap/ASN_NGAP_RedirectionVoiceFallback.h
0d581a3d78f6ab8aac355d24db22d1bd6f22474cdc02a069eb5f778189d769f3  src/asn/ngap/ASN_NGAP_RedundantPDUSessionInformation.c
f936746ed6dc640eed5889fbb842f7377470f3bf8ae6d10fab95d4b5622b2149  src/asn/ngap/ASN_NGAP_RedundantPDUSessionInformation.h
6a5b6973711d1ee82425b88372e946132aadb57fb907bab5a782aee230b10009  src/asn/ngap/ASN_NGAP_RedundantQosFlowIndicator.c
068977d30200f7a3549d418f87361f825e24ecd172adcf63536c3b963d2d4ecc  src/asn/ngap/ASN_NGAP_RedundantQosFlowIndicator.h
fea2563ab9a4fc31435549080e42d2c26539b6614346bfa1d73625a9aff5fc2e  src/asn/ngap/ASN_NGAP_ReflectiveQosAttribute.c
040d8aa2776f3b4a5e78ccf13e1295d25c37877440bf25d308d213d5232dc7d1  src/asn/ngap/ASN_NGAP_ReflectiveQosAttribute.h
238a65ca7f7b008fd8ea22c24505c3730a69f8afab30d7ca4e9566d9bd333cc9  src/asn/ngap/ASN_NGAP_RejectedNSSAIinPLMN.c
2f284b8280114b2bff063b4d1ca21e46f625d37afb1dce03fdde33a23f0df1a2  src/asn/ngap/ASN_NGAP_RejectedNSSAIinPLMN.h
805f33d1c4451c9b17867d39b72ea13413da2a0818700a42365bbc3d57701cb6  src/asn/ngap/ASN_NGAP_RejectedNSSAIinTA.c
5e2573d4460316705242c3f39be239c18df67942a66d89c501b9b2fa223af0c7  src/asn/ngap/ASN_NGAP_RejectedNSSAIinTA.h
acf9c7fe977079ab7fca1b6761c8aa31d66f8a73a4ddedb4c889a3a7d6f11808  src/asn/ngap/ASN_NGAP_RelativeAMFCapacity.c
f007ce1de2e9e12664597eb2a71804bc7e06d2f4c1e7fe8766a3ac2a0f166954  src/asn/ngap/ASN_NGAP_RelativeAMFCapacity.h
c4233f2f9b3f4b839f2131328d0bb1b780183fe79b984ed722ab08d0410eddce  src/asn/ngap/ASN_NGAP_RepetitionPeriod.c
36bb64d9bea8ae62a5cd00b9503d9ed6df1107fac295e675d90a69ebc35be129  src/asn/ngap/ASN_NGAP_RepetitionPeriod.h
c6f021da35aa1d02cd73047be4065b5fc4877b74487e1b1185ab5eadeaf68bec  src/asn/ngap/ASN_NGAP_ReportAmountMDT.c
d884116774620b3309386a5a92f0b0459417b85ae3e8332ed46f6f3dfca6cfe9  src/asn/ngap/ASN_NGAP_ReportAmountMDT.h
b51ea17506f30a517a99877f54063f0e32492aa0c949cbe4a3609f20a450cb9f  src/asn/ngap/ASN_NGAP_ReportArea.c
fd88144d8ab311c304253d9d0384fda7704addb355ab9f32c4aaa0988e4e8f79  src/asn/ngap/ASN_NGAP_ReportArea.h
1e2433800891d08e9f7e8c923496d01375f6d009142f06559a9f97dee10e02ed  src/asn/ngap/ASN_NGAP_ReportCharacteristics.c
93ae118aaef2e8bb55330898bebced8c7bf68f9b2de8f646637ffb788f7d74bf  src/asn/ngap/ASN_NGAP_ReportCharacteristics.h
80bb060367c108abef5b1ef0a6f7f2cb68e443248f123971662d3ed544b9455e  src/asn/ngap/ASN_NGAP_ReportIntervalMDT.c
3ed52b183e8308fb26ba5c864734f1b3df3c7ea328ad7a6502a098642004f931  src/asn/ngap/ASN_NGAP_ReportIntervalMDT.h
1e065563b1b53b3967fef6e2a77eedcd1d00c6ae431f0ff9de22fb45b62c7d00  src/asn/ngap/ASN_NGAP_ReportType.c
3b0cbb7a1f2c50034c1e5f9156cea3041c5b4a6a063f4f9c565d4fec32984dfd  src/asn/ngap/ASN_NGAP_ReportType.h
312e57bc862ae816e54b2aa37eb245c7af625482c7f45571bef1a2afd94c4891  src/asn/ngap/ASN_NGAP_ReportingPeriodicity.c
11213545bfbbb5c6d71ab51b1150f60b62f23d0426b5058080d55bfba54cfc5e  src/asn/ngap/ASN_NGAP_ReportingPeriodicity.h
53ff361027987e3ee90049f38ec97eb4f0522d9a737d4cd027fef3f9edbf2442  src/asn/ngap/ASN_NGAP_ReportingSystem.c
d4c5848b4723d76d188a078093e8c1905d2fed2b962316bfd51ac7574fc85318  src/asn/ngap/ASN_NGAP_ReportingSystem.h
f12ca2ebcdfb7d62eddebe1ed9903381a783d02c7b0b57b2bcefb1f3fbd79d1a  src/asn/ngap/ASN_NGAP_RerouteNASRequest.c
2a0086f24ddbd774c9e9528c5e98d73b8a4123a4c8074b50ef82d81a61b22202  src/asn/ngap/ASN_NGAP_RerouteNASRequest.h
27ce60926090e3c3d187f1bc2adc6092658edd9b0cff4740c268136646f5b952  src/asn/ngap/ASN_NGAP_ResetAll.c
7851033f34eb52f201dae771f1da4942ff8e40afd56f897da8c1c54918b58a37  src/asn/ngap/ASN_NGAP_ResetAll.h
ed1929950600e0153fe5094dbeda6bde7ffd16246c0d0cbf2664b6b6d11894a5  src/asn/ngap/ASN_NGAP_ResetType.c
746aac28ed38b511108f9b44f7a7a622e22bc934ab5f74ad793e7a00fe5a45b3  src/asn/ngap/ASN_NGAP_ResetType.h
44f1d7457e701f1d12079ad1134c7a2651c04e4c67bbdbffbc14559105383a14  src/asn/ngap/ASN_NGAP_ResourceStatusReportingSystem.c
de52c7b28e808e775be332b0063690db6e017218f0a823039f53c6cdbbbbb97a  src/asn/ngap/ASN_NGAP_ResourceStatusReportingSystem.h
c2a763816669d56f907d72fc2e86d51529a4b051ec3debf995d679502b74eed0  src/asn/ngap/ASN_NGAP_RetrieveUEInformation.c
ff2eebbf2d721a88ea5d1b8f390a115c0d9f78233d65f3c94b2a14a474bb0d35  src/asn/ngap/ASN_NGAP_RetrieveUEInformation.h
8799cc2eea07a1c20152119ed7b028829213585141b0d4fdf9c39a9d78566955  src/asn/ngap/ASN_NGAP_RoutingID.c
d4f6b65848273e420f013c2f48490a39ff0f762efe85fdbe9a10d53a632d2b7d  src/asn/ngap/ASN_NGAP_RoutingID.h
4c0422a9a7020e7ca8b1310efe169de25462163e9d1e10c996ac2e213c12d764  src/asn/ngap/ASN_NGAP_S-NSSAI.c
a6e3f8a5c375704fe3627354f5beaad45f100fb7034de728a43872dea99b5940  src/asn/ngap/ASN_NGAP_S-NSSAI.h
2c6a81b2fcf1b67807ce856e468d30646eaab37a665ca86c40a5f93b6ae2a1e4  src/asn/ngap/ASN_NGAP_SCTP-TLAs.c
9b76ff4065d844c196ad8ea7aa8fcc1c312071e8bd0ec17c6226e4c2bb20082f  src/asn/ngap/ASN_NGAP_SCTP-TLAs.h
bcce5078013ee46176af2d4c026d1b9b7e044cd560dd6d32e9dd27914898ce29  src/asn/ngap/ASN_NGAP_SD.c
21bec9d8dd0b493f0e87e75807d2526c6c208c1b55e599fe5c493bd97e011bf1  src/asn/ngap/ASN_NGAP_SD.h
28f2ffe49739c3cd50d8837c92653751c30f604a5389b10429cafbd6a8b8fd1e  src/asn/ngap/ASN_NGAP_SNPN-MobilityInformation.c
a80972bc6f92e3267137ef1a8d70de6c13696f8c6f99362d6d9b8bf0c7df3afe  src/asn/ngap/ASN_NGAP_SNPN-MobilityInformation.h
b3387c5ac99b7825580b9ecf27408347551066649fec43c1b8d06de09a7cef1b  src/asn/ngap/ASN_NGAP_SONConfigurationTransfer.c
4912c982d374e31108d22c53451f5d775ac994914960b8780206ca19123f12aa  src/asn/ngap/ASN_NGAP_SONConfigurationTransfer.h
4d55dbe041e311c51535035710e63170f544fc276a8522183780710bc6440bd9  src/asn/ngap/ASN_NGAP_SONInformation.c
cfa36952a863961e7dc101f2916f39af8473631ba0bd4f650edcf273b3f43ec4  src/asn/ngap/ASN_NGAP_SONInformation.h
b7220d45a9f992b52b182d263106154ea5da4d0c71b463b3ba0142cddd58e4af  src/asn/ngap/ASN_NGAP_SONInformationReply.c
3b6b08da22dcee78194cb0a94708b49d8002e66580e08dbb99b26d23c97d9e5b  src/asn/ngap/ASN_NGAP_SONInformationReply.h
acc2c0deeef197173ecc48d77f0f04926a5f75c6cf39d2713699b3d614c22c29  src/asn/ngap/ASN_NGAP_SONInformationReport.c
407b191b254df6cdff66d2fd444715a9d1fe1452cf28070dffa305bf19c91176  src/asn/ngap/ASN_NGAP_SONInformationReport.h
e6630a141d7ec1d78c2fa369670c4f44e08709ba325f9b5bd3d29a3c155837a9  src/asn/ngap/ASN_NGAP_SONInformationRequest.c
0225ccdd192551e7187226f13e6f11818e9ac2550c5f19ce6909a328a044bafc  src/asn/ngap/ASN_NGAP_SONInformationRequest.h
a415be1f63c47ef7bd4c46472e430169ada5c7085e5243c91580a91db48ee866  src/asn/ngap/ASN_NGAP_SRVCCOperationPossible.c
3f00fe3f09166481bd80402d1db6f9b882308df0b7df1e2600b9e32cc7698be5  src/asn/ngap/ASN_NGAP_SRVCCOperationPossible.h
4845f5af655732ec54ffe5aa3b057b1298d7a7182909b760fc0b73f08d8bdd92  src/asn/ngap/ASN_NGAP_SST.c
d0f119e6320a694c8775e0074689f085b03135922868719c48553bf73968c1eb  src/asn/ngap/ASN_NGAP_SST.h
60280649034384e6a7c03dea9e9a6f96bcd7be1835b22bce575187aa294f3329  src/asn/ngap/ASN_NGAP_ScheduledCommunicationTime.c
1e8f2ccc6a20e6761d64a658abf12f2547022fe9151f5a7fc91bb518a0b51d72  src/asn/ngap/ASN_NGAP_ScheduledCommunicationTime.h
70a8786fc8e8f08ced7ee9ab386990ebb9aa355f8f0a64ea1d6246eab70c56f5  src/asn/ngap/ASN_NGAP_SecondaryRATDataUsageReport.c
48a66ae6b81ce65d90257009b33347e8c72e922187cb3d171cfcedc793a7cab6  src/asn/ngap/ASN_NGAP_SecondaryRATDataUsageReport.h
e601f7dcd86eb564650c8a3eaf0bea02b263301b8310660bcfbf2c1f5c2fd6be  src/asn/ngap/ASN_NGAP_SecondaryRATDataUsageReportTransfer.c
c810ab545a7ca5cfab3fc60cb4d5f04fb709d04b7436064f7ef4c74404a301a4  src/asn/ngap/ASN_NGAP_SecondaryRATDataUsageReportTransfer.h
33dada632ae58ebbc2b830b90979a213c431eed81ab56e7776e691eb52f36d8b  src/asn/ngap/ASN_NGAP_SecondaryRATUsageInformation.c
f6aa3eab6b2750e6fec3641f8d76b53b66fa37dc8d317ac9993f6fc76712a540  src/asn/ngap/ASN_NGAP_SecondaryRATUsageInformation.h
05bf6b3a2a146e275fdc33dd7c9dc7071c40e199f18be9c70801ab9c13020692  src/asn/ngap/ASN_NGAP_SecurityContext.c
0256d03cd4ce15fcfcecb5aa71d874f16f107541031a9ba02c55e3d2b062f795  src/asn/ngap/ASN_NGAP_SecurityContext.h
42baf460df4c987e5462c2b410701fb99755570aeb71c9be052c81864883984d  src/asn/ngap/ASN_NGAP_SecurityIndication.c
bb4d3c93fe66f5196db1c882ec221c4057519553d47d0b67106b3bab17941e11  src/asn/ngap/ASN_NGAP_SecurityIndication.h
e1b458847ebc894e7a023a57cfc125b52cc5724cd94f01554025daf8cacf4805  src/asn/ngap/ASN_NGAP_SecurityKey.c
0f80ba0043eb98432d655cd102f58c69245e77257ccb4ebd86b15bf8c22beda1  src/asn/ngap/ASN_NGAP_SecurityKey.h
3c35e7810ddd3f1ae76c38b7c7ef61682cbcb87d7276b82bb9ca1c73c3c44393  src/asn/ngap/ASN_NGAP_SecurityResult.c
0acb4c5c7135831d9ec9f7c1173c5d981fc333204ce344769584e26418e65b83  src/asn/ngap/ASN_NGAP_SecurityResult.h
17f4d85655f213c6055111abc041177184f507884cec01729f08a2b14237fb47  src/asn/ngap/ASN_NGAP_SensorMeasConfig.c
ebc3db7c5fab7972760bbf4ec69b086d2336f733bf450dd2a8d748ae001676a9  src/asn/ngap/ASN_NGAP_SensorMeasConfig.h
87ba6c91613cb7ee3df68cbeda9bf757fc0b74dedb114c4d785adc3a74b3c1f4  src/asn/ngap/ASN_NGAP_SensorMeasConfigNameItem.c
03511744fc73a4d70a49e17a239f6cedb435ba83fec89e5567e5e7584fe46797  src/asn/ngap/ASN_NGAP_SensorMeasConfigNameItem.h
4eb28d8b5ccd3cea88c9c18823b7ec6900509e8ee0e0a8a1d425ae032cfcd5ef  src/asn/ngap/ASN_NGAP_SensorMeasConfigNameList.c
35436cb4894dc40b0cc2f0497ad41102398a2e7e11361af14dbcc3aa833fbcc2  src/asn/ngap/ASN_NGAP_SensorMeasConfigNameList.h
ae000decfeca86114c3b2a32a3b7d7ce7cda0a8bc0330daa4abf094b580979c4  src/asn/ngap/ASN_NGAP_SensorMeasurementConfiguration.c
5c031ff3dbe316325f2423b4ee22d877b42ddd8c19f3aa4818e2592d52b78c5d  src/asn/ngap/ASN_NGAP_SensorMeasurementConfiguration.h
9c4b730dcf7d2afdc170f5457e11508ec4ba787b6c69f101ec9525d43bb6dd53  src/asn/ngap/ASN_NGAP_SensorNameConfig.c
4e9c5c68d89ef49e3ac55667ea42d35e0cd60146da542f9ce8112c88f0afe884  src/asn/ngap/ASN_NGAP_SensorNameConfig.h
4a1f641a5a145325f254b6f00332654cc1be1ead75d0519e930bb5c4a7576318  src/asn/ngap/ASN_NGAP_SerialNumber.c
b1c655e36c70b8920f09a0de3d5a45656680cc43335995949b729ae73cf75857  src/asn/ngap/ASN_NGAP_SerialNumber.h
1ff3cef5b8d0fbc39e5907e1cb0444490ad415a47304700842b2964964a2113d  src/asn/ngap/ASN_NGAP_ServedGUAMIItem.c
09a9e788addc6984b097daf35b7d936e015f630e6544bdd24219c0310ac4ed33  src/asn/ngap/ASN_NGAP_ServedGUAMIItem.h
3134136f0bdefb42ed9889ee05df235a6ea9004d9bb0d861b573f8fac7ad7aca  src/asn/ngap/ASN_NGAP_ServedGUAMIList.c
cf0c73c8a63e138de8d5cdbc0f4028888aa8c871a0c18d406d03f4245eb06e00  src/asn/ngap/ASN_NGAP_ServedGUAMIList.h
67ad8571fcf1aebcb946bd60dc9a554f0b6fa74ecde7538a159594cf17aa39f1  src/asn/ngap/ASN_NGAP_ServiceAreaInformation-Item.c
7e00713a7d25f0b0997b099c1f143271722d44b445eb56da80e3aa08093c1166  src/asn/ngap/ASN_NGAP_ServiceAreaInformation-Item.h
de8c05aaab7f298776789b1442f12a3a2abf3edd58a1bb43e0804a9e0e546e8d  src/asn/ngap/ASN_NGAP_ServiceAreaInformation.c
7bb0fb0bb9d75cad708b8da16e4996afbe3f01f47196bf91159349872bc7e1b5  src/asn/ngap/ASN_NGAP_ServiceAreaInformation.h
072d9630ce1a48c37b96ecc114c371d8f67ae872b5a33b101d3f95917e953921  src/asn/ngap/ASN_NGAP_ServiceType.c
4ffa40796b59a368302d04917e8218466a9de356e9f408f63113ca50f6310717  src/asn/ngap/ASN_NGAP_ServiceType.h
f6b15ba70a549a4f7b184c1e27e0bfa225692e18d2d1526df76ab74b7e381b78  src/asn/ngap/ASN_NGAP_SgNB-UE-X2AP-ID.c
73357c39f7bd149ffb8ce8b3bd3c9baabb3f6f0769fd3bd3c9a82df148f0f959  src/asn/ngap/ASN_NGAP_SgNB-UE-X2AP-ID.h
045d87a7857ac599a0e7dd8e084e38ef30fd48a17f875c45eaa5a2ee36a3ccca  src/asn/ngap/ASN_NGAP_SharedNGU-MulticastTNLInformation.c
c28b15ae6d3828589be7c0644538b36b4a047cfe38bf9c469fdf72108a38a21c  src/asn/ngap/ASN_NGAP_SharedNGU-MulticastTNLInformation.h
8d76821544726b5c02a8ab8756262711c84138c5b0aded2eb5c02d5c1501c75d  src/asn/ngap/ASN_NGAP_SliceOverloadItem.c
02e9f6acc53513acaf5734a1132b8e6925243a62f97441fff93928e796bd73e6  src/asn/ngap/ASN_NGAP_SliceOverloadItem.h
c742324ce3795fa3fea4975799bdd399d7fde4d955107742c3a6a22a2906a8df  src/asn/ngap/ASN_NGAP_SliceOverloadList.c
eadc23ab2c61e9f987ce58c77f274a660c3f83f0bb89030d6fd0bc4ea3dd8b3f  src/asn/ngap/ASN_NGAP_SliceOverloadList.h
99815fde47d6657022e3287901ab36960f5ee1d488da27291dfd3c8e42a9258a  src/asn/ngap/ASN_NGAP_SliceSupportItem.c
0d71447a98058343f8c01df5949be5f8aa9e27ea13ea338ae594c1f091d545d5  src/asn/ngap/ASN_NGAP_SliceSupportItem.h
97ae0670e8e19a225f25e365b98295f1b5ab93387a24941418ee1b3eff78fd91  src/asn/ngap/ASN_NGAP_SliceSupportList.c
f86a3b4aa8e0b874294de39052622b32f1dbed380f56a77e5eeaf0998629cfe2  src/asn/ngap/ASN_NGAP_SliceSupportList.h
3bfd9665a2bec051581543abaa920038e32bff2191b0cc3e98b6bce9856ff8ab  src/asn/ngap/ASN_NGAP_SliceSupportListQMC.c
b08e2a02891c08600b16ebbb40c80ae249820c4912f813e164a16302bea6dc34  src/asn/ngap/ASN_NGAP_SliceSupportListQMC.h
189d7df2554a271c4d4194a000b2163b7f9126e540ba431ce00b806bd238423d  src/asn/ngap/ASN_NGAP_SliceSupportQMC-Item.c
0faf3a1a38eaa0b8f514238cdd995b66c85a677e0d50065f3312b7817cb7b715  src/asn/ngap/ASN_NGAP_SliceSupportQMC-Item.h
e27abab2c1dfa0b315febd2eee21d06cdeea39fff74df2e0ea928c8cfed0981b  src/asn/ngap/ASN_NGAP_SourceNGRANNode-ToTargetNGRANNode-TransparentContainer.c
d07a1970a0432ee30edf1e2d5748ab8075881d029bf402e13c8cd7686cf9ce5b  src/asn/ngap/ASN_NGAP_SourceNGRANNode-ToTargetNGRANNode-TransparentContainer.h
87cd4262fe84d5678fc639ad9a6d4069f1f72c7f5131e214acba6780fa7ddd45  src/asn/ngap/ASN_NGAP_SourceNodeID.c
1c40f8e8ac05742fd31fd459ca0009494be75f098eeae135eed87cfb5bc0f64a  src/asn/ngap/ASN_NGAP_SourceNodeID.h
be47d61fa6fb780477a73f5f3e870651073b99cb66852d6ad2f2b86af314b379  src/asn/ngap/ASN_NGAP_SourceOfUEActivityBehaviourInformation.c
fd81a788a201a95fa048dfd8a24baf56320da17ab065a698594d2fc9b7b08e59  src/asn/ngap/ASN_NGAP_SourceOfUEActivityBehaviourInformation.h
5a82791b5a32e36265277baaba6f679e1650fa2219298da9508b78678bc84e5d  src/asn/ngap/ASN_NGAP_SourceRANNodeID.c
146799db5377b35cc105600ae19a83f33cf3c26fe0565caa0fd05e04425e6b8b  src/asn/ngap/ASN_NGAP_SourceRANNodeID.h
c8f43ed8c32ee5e3ff3c17dcd2d2c0aca6542a5b36b7a6a84a32b704928b6387  src/asn/ngap/ASN_NGAP_SourceToTarget-AMFInformationReroute.c
8bb52eb65e047fd64812d725d5f1ef273f82f850fa5413e9b851adf7efb26a00  src/asn/ngap/ASN_NGAP_SourceToTarget-AMFInformationReroute.h
1a80481ef204847dafb7e7930c7923341b8272542b8f5d04712af9f12b4f4a60  src/asn/ngap/ASN_NGAP_SourceToTarget-TransparentContainer.c
33242fd2f4126560aff8798d7f1ef4465a7b2751a15cba93b1eb4019cccdfab1  src/asn/ngap/ASN_NGAP_SourceToTarget-TransparentContainer.h
75d6dac73c03c5d71d73393883c7601dc4c3c1c98bd70d3dae6241b7ba7c4cad  src/asn/ngap/ASN_NGAP_SuccessfulHandoverReport-Item.c
768395e5dce777c859532dc1c7cd40d3882bca751e2a9d9b654c7c1a81cd8d32  src/asn/ngap/ASN_NGAP_SuccessfulHandoverReport-Item.h
140186aaa4b7613f97ad0dae79d2d3e0af03cebe9748d98c6bc957bc5baafcaa  src/asn/ngap/ASN_NGAP_SuccessfulHandoverReportList.c
bd1e89263b30d9b28bb14615e78bca543fe8eae1177f92a0869cf1c22071df85  src/asn/ngap/ASN_NGAP_SuccessfulHandoverReportList.h
698ebad87fef0b5a2f899a2c084b0ea3ced318188bc61fb604410e8278d7f2c9  src/asn/ngap/ASN_NGAP_SuccessfulOutcome.c
35a5a6e64fd9290d880de86e76be7e00b58100c601cd5ba71fe52dceeced1cbb  src/asn/ngap/ASN_NGAP_SuccessfulOutcome.h
fb499598806f919c30683b2b1761031a71bda0cda8f94e667a482bc0234dec2c  src/asn/ngap/ASN_NGAP_SupportedTAItem.c
c3da05b1ea63d339720a91d379c76a2e9d1d4d6c727f594bccb2b4c470955a01  src/asn/ngap/ASN_NGAP_SupportedTAItem.h
715a4ebae0355100273f880a8b4ee2a59c3f52897dd6f6612f64be76e3f55a65  src/asn/ngap/ASN_NGAP_SupportedTAList.c
612a49f544ab5fb54c0cae727af81578391e9cc80627c61f58ca653ab1412628  src/asn/ngap/ASN_NGAP_SupportedTAList.h
9c2272a5c03aeffa9266a3740db9e9c52d907920b3b5bab26c5cedc508721de4  src/asn/ngap/ASN_NGAP_SurvivalTime.c
8f75b1e328eba75e9f26307dac05f4fe2fe50addad0581b93170ebf3f3a9f9a2  src/asn/ngap/ASN_NGAP_SurvivalTime.h
a59efa8841a1f05033da7b5dff77c1c4a9eacf2fc0e67177a6e44dd1d466bafe  src/asn/ngap/ASN_NGAP_Suspend-Request-Indication.c
4b823aa951c04f4e8d410371c6553b6f475e47649b777d01f33dfe612337d5f4  src/asn/ngap/ASN_NGAP_Suspend-Request-Indication.h
9bb0635b0ce939c0938468980a55437cc68257264921b5f8041e5711fe964c2a  src/asn/ngap/ASN_NGAP_Suspend-Response-Indication.c
f2400c5480d9021115351f8971399945217aee00de7491f1b9be655583510321  src/asn/ngap/ASN_NGAP_Suspend-Response-Indication.h
22c5b4be34a56772db893f7f2d929bda81b63d0ceb64f76068e3328b83afbc7a  src/asn/ngap/ASN_NGAP_SuspendIndicator.c
1052482ec9e73e0fdeae5e84b947ccb7eab237010e737e9411531ef0ec265067  src/asn/ngap/ASN_NGAP_SuspendIndicator.h
f39e09e12725cd77e480d3ce784df8a9933be129e47e5cea81ad2fb0236345a1  src/asn/ngap/ASN_NGAP_TABasedMDT.c
241f727937807fcde8bb7533c87644dd118da95ee760766979027ca000cd85d4  src/asn/ngap/ASN_NGAP_TABasedMDT.h
26205a57cfdd7ddd0e19b3d1284cd5b6f02f9c86d31eef7f3aa31a841b1ecf86  src/asn/ngap/ASN_NGAP_TABasedQMC.c
5c608227a0121de141d25c2922370e6a7e50284252d457ce6fc0324c08e028af  src/asn/ngap/ASN_NGAP_TABasedQMC.h
26f364de4f0fc57a4cdee318d64d8e7d7437aa07665ba8cbc597031cbd913213  src/asn/ngap/ASN_NGAP_TAC.c
3fa87bd2f5dd759902c87c3f746b53189cfbe4c225e37d5b96511743a1057a1c  src/asn/ngap/ASN_NGAP_TAC.h
1b3d9248f1ef7de678a432d18e311cc9cd587b4b0669a95c868621e28fe02512  src/asn/ngap/ASN_NGAP_TACListInNRNTN.c
954deab186560fb28661333508a9bf0ea44e0f514a57c7b8439cd226576b15c5  src/asn/ngap/ASN_NGAP_TACListInNRNTN.h
2d9c989ca0695a313efb79759eb6620461b6ff661f5789308612e13362416b31  src/asn/ngap/ASN_NGAP_TAI.c
7d3a01ab7ab69e684784b2b770ed47814e856e6f4dd3857dbd2a97db84d6f260  src/asn/ngap/ASN_NGAP_TAI.h
0a7c9bad982e3019f26bc4f1c74519c9d0065913db6a235d145779bdbf668deb  src/asn/ngap/ASN_NGAP_TAIBasedMDT.c
8c6bf7920f864f2a361f8d3121b60c3ef54d243de16bd1e038fe9109c21d60d3  src/asn/ngap/ASN_NGAP_TAIBasedMDT.h
187b4904bfe169b9abcf5b3c3956ae96c21a49f52f6d41146ab2c092ad0514a2  src/asn/ngap/ASN_NGAP_TAIBasedQMC.c
b0eebe6dfe7de6f0af3104527ca9f84cfdeb0f823535ce4db4c1d190c120b145  src/asn/ngap/ASN_NGAP_TAIBasedQMC.h
e0f326354006e2703a29e25c8e2a1da89366a64f96d38c84d31a240a7dfbdc28  src/asn/ngap/ASN_NGAP_TAIBroadcastEUTRA-Item.c
2aa5ad7b3aae44e17ac9572e6267af660d12874c2c5af1b4aabd2f6f063d00bf  src/asn/ngap/ASN_NGAP_TAIBroadcastEUTRA-Item.h
fd68a45f9a8229c54d2581be80d90592e683036e4383c90867fa8f43533cbab9  src/asn/ngap/ASN_NGAP_TAIBroadcastEUTRA.c
dd766cf65d1d72ff76c7c7227fa53be246d13fa76b6bd4fd8a65e2ba2c8a0326  src/asn/ngap/ASN_NGAP_TAIBroadcastEUTRA.h
c2685622a35eb00cadeada83c22d7e280095d2e1547e8ec08c147aa334b15038  src/asn/ngap/ASN_NGAP_TAIBroadcastNR-Item.c
30970e1057d101470c26caca24f4171b68c6b48b08a43a726c8cffa8240d7c76  src/asn/ngap/ASN_NGAP_TAIBroadcastNR-Item.h
e4c678b62d505a3e98feb8e7b75087cc4dfa26ab057b1ee698b81beb2727125e  src/asn/ngap/ASN_NGAP_TAIBroadcastNR.c
2136bfc006755eb2d0350ea76b410c22ec889eb56a676952ff9228ce1cd8ea9a  src/asn/ngap/ASN_NGAP_TAIBroadcastNR.h
dc54e8511541143816c168f86f40e16f84156b6db212a06fd47c6d0d5b914b1e  src/asn/ngap/ASN_NGAP_TAICancelledEUTRA-Item.c
8b2a9658220578d5fd3ff47d15216a068bf7fbfd44b8697c0cf478efaaa0312a  src/asn/ngap/ASN_NGAP_TAICancelledEUTRA-Item.h
51ac5b6966748b5fdd1bee50f45e1d9b1a846611bbebdb529641288be4964e5d  src/asn/ngap/ASN_NGAP_TAICancelledEUTRA.c
4cd54aae077f93993067f0a1b4c5ff31c1fc09fa255f34a5ce785b707a6c98cf  src/asn/ngap/ASN_NGAP_TAICancelledEUTRA.h
83fc6f129e965de30f14c88318638639b1f71ff67c9c66a0981d85204fd1e5cb  src/asn/ngap/ASN_NGAP_TAICancelledNR-Item.c
1433e50f65c1284d621232fa63b7f19ef2d14d9520d133dc285c149dd72ac7a5  src/asn/ngap/ASN_NGAP_TAICancelledNR-Item.h
55267c5bd3da0587559b31127cb6569232e0166ae07e13f77fb7518f65ae1f4f  src/asn/ngap/ASN_NGAP_TAICancelledNR.c
b27ca17bd9e18629f3abf9f591fceffc1bb2f4422dab1b284bfd96bf8bb81fb8  src/asn/ngap/ASN_NGAP_TAICancelledNR.h
4c3cf4019b031071429329a8004cd5ce5af8bc70bc20c12a5743928870517c1e  src/asn/ngap/ASN_NGAP_TAIListForInactive.c
4549632a4138ee47602405a3126d44823f38bee35fb3af17c368227c3989b4aa  src/asn/ngap/ASN_NGAP_TAIListForInactive.h
0c8eb4f3acbc2dee104a7004765eb642d307dd335a2708b07d2da06079797f1b  src/asn/ngap/ASN_NGAP_TAIListForInactiveItem.c
b92532d65713a213e35033c7e12b47ead67a88b0270fc95458f7adc45b5baaa7  src/asn/ngap/ASN_NGAP_TAIListForInactiveItem.h
ff3f85dcea29e3de618bbacbfcaaad450a11edde8fe86058695fd8bea9c051d9  src/asn/ngap/ASN_NGAP_TAIListForPaging.c
f2747784c7e87837d949c446efe59d2e00d4776398a8a0904b9a151cac5fec81  src/asn/ngap/ASN_NGAP_TAIListForPaging.h
8497372be8d1c638d2d0cb686c89dfd81780a58590f867a62326885f3a7be692  src/asn/ngap/ASN_NGAP_TAIListForPagingItem.c
6049e81d5a4f5b1679949149016d5e852f290d9fd1fead72cdaaa6739531d5a5  src/asn/ngap/ASN_NGAP_TAIListForPagingItem.h
d4c54e87c7cf7eddda96c28ec5d343a0e01fa36144196cd96fd5997c6fd06b31  src/asn/ngap/ASN_NGAP_TAIListForRestart.c
adf43c8c065424df2db715ef9315e7e691830b10f80f1d73534ba7c80fc870ad  src/asn/ngap/ASN_NGAP_TAIListForRestart.h
c945b3cf990507781327b87b12c3f9cc454fb32cffd3077fb59629613bf76081  src/asn/ngap/ASN_NGAP_TAIListForWarning.c
2b528aa811cc61db6a2052fd307402d0266d6d8f049a434ef66906eab85256fe  src/asn/ngap/ASN_NGAP_TAIListForWarning.h
22f486d0640fbdf223e97a7c336b59e6c7fbfb38ddf952a3e6f58aa201e60384  src/asn/ngap/ASN_NGAP_TAIListforMDT.c
84c6b184082098514f172331ef65695c4cbcb79a418bfcae40b46aaba71bae6b  src/asn/ngap/ASN_NGAP_TAIListforMDT.h
3db1b042e1475914058ebe102c37d72d1853e3027b725c9b2a7f1985ed9fdf70  src/asn/ngap/ASN_NGAP_TAIListforQMC.c
c6f9ac830533e7897d3b2d63fb2f8dfdd6c43e3f10209bd316cbaae6b02734ce  src/asn/ngap/ASN_NGAP_TAIListforQMC.h
96ea332ed3d6ccf04dc0059f1f6a65ec89c599d0929b890baf226013205c657a  src/asn/ngap/ASN_NGAP_TAINSAGSupportItem.c
cce43d839a06fba19d57f2fe089efd1a08c80b7e19353ca63d1c3397dd014736  src/asn/ngap/ASN_NGAP_TAINSAGSupportItem.h
6f7b7c9280cbd997049bad93f5dceeb1d798a82d0e08edd64595dffb0cf304b2  src/asn/ngap/ASN_NGAP_TAINSAGSupportList.c
67f2cb4b3b08fe94ca7f326380cdaa9e33f7739cf2c7e68c9e190a7e20185e35  src/asn/ngap/ASN_NGAP_TAINSAGSupportList.h
0e0ef5004b2d85f9c5c387141a35541c10b4233e4a12d6bb1b9bef07d023d2f0  src/asn/ngap/ASN_NGAP_TAListforMDT.c
07e37e35aa376a411a7c1e77b21e8945679f9b8587f571d637d5a2ce1695ef39  src/asn/ngap/ASN_NGAP_TAListforMDT.h
6e1d902ed829b8accae588cefdd1030c48a9d43fee7bd18caa00b67a5626709b  src/asn/ngap/ASN_NGAP_TAListforQMC.c
f2332e1a979d941723a70ce97f0def45d2874aa08c2da6b80a6bcfadbc5b4cf6  src/asn/ngap/ASN_NGAP_TAListforQMC.h
882fb4cdbd9b99f56c802824d620ebac1b885ca598de4100a8e9cc6ca1b9735d  src/asn/ngap/ASN_NGAP_TMGI.c
4f1cdb8be04a4d44e895e343a37e227a7c0d63dba1b4f14737b9cc1e5664b071  src/asn/ngap/ASN_NGAP_TMGI.h
4af60456a90ed03482ef37ed2beefd86f449006ef8574e2b7c59472e73f26075  src/asn/ngap/ASN_NGAP_TNAP-ID.c
c7b7388c46b89b9410bd8f30d63391b448c090cf5a7b42c19e5f1897970c0089  src/asn/ngap/ASN_NGAP_TNAP-ID.h
92a6a9a232b7c62eaa66b975f8051617297872d7d23ff0848d838de40a365cbc  src/asn/ngap/ASN_NGAP_TNGF-ID.c
baee6087df6db8a4596f277f95142a9f5cf91304f771ed3f30b2bf89a1e5732a  src/asn/ngap/ASN_NGAP_TNGF-ID.h
93e389d0448975b60f78f567f3bfb6be441c423f433a71c7b1f4c889ecc1f475  src/asn/ngap/ASN_NGAP_TNLAddressWeightFactor.c
7d0b2fcdf9613fd774cff928ce198d74f30d18559be422ec49438793e120014f  src/asn/ngap/ASN_NGAP_TNLAddressWeightFactor.h
2221740c407b7f02d8db9bba46b3119d2162df6ea711196b44210104d53af619  src/asn/ngap/ASN_NGAP_TNLAssociationItem.c
75fcdcba927538604d7f8fd41d5506804202c5e4eacd9eaa3b37bff6803a64f8  src/asn/ngap/ASN_NGAP_TNLAssociationItem.h
6f7262ac6695bd7b9e2a22b49b771b6a836c8db38fc47660cdefeb3b7eac91b0  src/asn/ngap/ASN_NGAP_TNLAssociationList.c
81a3819da223f1040506a9824f3cbd100b70902cfff6ee3d11adb006e19728ec  src/asn/ngap/ASN_NGAP_TNLAssociationList.h
041b5ada04f17c48b4978d77c94f6557ba0fabe7c35dba2b5eda1d8349006f7e  src/asn/ngap/ASN_NGAP_TNLAssociationUsage.c
d301179de78d95e9fca810c8d4be12922fd82d686cad73fecf68479e643a397e  src/asn/ngap/ASN_NGAP_TNLAssociationUsage.h
56af68ee2370c2cfb92c07f6bb003615e1ec2eba61c692ce6fa59310b6081aa8  src/asn/ngap/ASN_NGAP_TSCAssistanceInformation.c
46fa0a8028406aeea4629a82b385ca8ce835ca067eb760f12f8c65de245fe009  src/asn/ngap/ASN_NGAP_TSCAssistanceInformation.h
0b7dcf22dc9cadb66175037f7d189033b04aa101c914ed2cd48f483fc264e928  src/asn/ngap/ASN_NGAP_TSCTrafficCharacteristics.c
b245771b6e11548116d19db775d692f56651c840f88860ea359161db4a15a7c6  src/asn/ngap/ASN_NGAP_TSCTrafficCharacteristics.h
2edec9c5ccb497d3975609de0cd1366caa483c6a86085e1b06b0ec61e7a6d479  src/asn/ngap/ASN_NGAP_TWAP-ID.c
faeeb6b46a7fe481c5cac994a489b471fe11b70b630f2f6b900dba392edaf80c  src/asn/ngap/ASN_NGAP_TWAP-ID.h
a47ae5682712211f584a3bc94a1982f7a8df8950b18b0b9c1c1689adba7a0305  src/asn/ngap/ASN_NGAP_TWIF-ID.c
98da86e8e188abacd9168112052b8847b17290b1c3c9c55c7f1ba3f764521175  src/asn/ngap/ASN_NGAP_TWIF-ID.h
67957cb8ef2bb3176f44a36dd7affed0f0c36cfb2fa673ad38cb6463f8b9c7c7  src/asn/ngap/ASN_NGAP_TargetHomeENB-ID.c
b698e52ab0e7399cae3e969f58cc9fb31bc75f9c6035f4240c01052f752173bb  src/asn/ngap/ASN_NGAP_TargetHomeENB-ID.h
608711c55ea09341559238e464ce8246fc634043d8d38b815d469a31505a9447  src/asn/ngap/ASN_NGAP_TargetID.c
5c91da64a2e6f7f02a95214541e33837092d09323b789d0b45d9fb0217f3b67c  src/asn/ngap/ASN_NGAP_TargetID.h
58c85a4c6f6c1a9e7446fa5e2aed7685c85f2ab86d5bd54e140b01ffa7963df9  src/asn/ngap/ASN_NGAP_TargetNGRANNode-ToSourceNGRANNode-FailureTransparentContainer.c
2438c5454ce941b8bba208be2ffda994d4f110d9f8607f988bdbf8676dbf5956  src/asn/ngap/ASN_NGAP_TargetNGRANNode-ToSourceNGRANNode-FailureTransparentContainer.h
91cda24162882afaab23f11ef08e6e63058ce9dfd479d15ce9a86517f8185128  src/asn/ngap/ASN_NGAP_TargetNGRANNode-ToSourceNGRANNode-TransparentContainer.c
6c7c3a12b5e209d3396d3921ebd5d4d16f621a1e35861263b10efe81c4a67dae  src/asn/ngap/ASN_NGAP_TargetNGRANNode-ToSourceNGRANNode-TransparentContainer.h
b6459055e94876cb0f74b813b854d4844e2ac6f537df6174aa1e13d829a5a6b0  src/asn/ngap/ASN_NGAP_TargetNSSAI-Item.c
cdf047ac10abe05bd227d5595cbd88e7bf5b317fd6c04fa6121fa62cb1dd9912  src/asn/ngap/ASN_NGAP_TargetNSSAI-Item.h
31e77f84a094911fd3f11dc2e0955d4da05d9cbc7882553c00cc2151fa95eb27  src/asn/ngap/ASN_NGAP_TargetNSSAI.c
64eaf35ff94b692b490c58ec08f22bf31b1f7b5a4c1983ea0f87c79a620aeab5  src/asn/ngap/ASN_NGAP_TargetNSSAI.h
565b4daad1253e6ffb93d7d89683e26aa561fa7c8402e3ac94ad4fed7cdfab7f  src/asn/ngap/ASN_NGAP_TargetNSSAIInformation.c
c028475210d0fa125c469dee27e8b4439e05d629835057f75ef3c8c43bbf4848  src/asn/ngap/ASN_NGAP_TargetNSSAIInformation.h
f4d5ef5c6e9a20f6dd9fed044fc3edda92e0ae39aaf2b6afa58ad4db7a7c4ced  src/asn/ngap/ASN_NGAP_TargetRANNodeID-RIM.c
54f7d447b1bc89f84abaea5273c09bd40a21338f38211697e981d2e65170e5cc  src/asn/ngap/ASN_NGAP_TargetRANNodeID-RIM.h
1067d67bc78134ac017d850ac0d2634cc995ffcbb9cf0da2582950f137943806  src/asn/ngap/ASN_NGAP_TargetRANNodeID-SON.c
e7a8e9c095ecad5e5338962fe34bc2301ae7e8aa54e23d025ab4e080fc837879  src/asn/ngap/ASN_NGAP_TargetRANNodeID-SON.h
40335e43c953ea21c30171f9f4302b79a9e8bdce5dd7c1fe229c87e19d2b48e6  src/asn/ngap/ASN_NGAP_TargetRANNodeID.c
03bf930f695b713bfb4e6b1de11eb14731d7115e0bc1ca5567bd19ac36888bc4  src/asn/ngap/ASN_NGAP_TargetRANNodeID.h
410652ad46dc0a407284a947b28553b12235def70f584a2abf4803989daf1c74  src/asn/ngap/ASN_NGAP_TargetRNC-ID.c
ebc4abbbf207b26230bc167b4cdeed0a5b3827dca695ba27d1d7ce8f67f20380  src/asn/ngap/ASN_NGAP_TargetRNC-ID.h
787763417dcb1be67648712591b51e763eae69229a47d1ef4f5df5021af2c54f  src/asn/ngap/ASN_NGAP_TargetToSource-TransparentContainer.c
791a2b57ff18d4d685b8bd57165d3fb4794fa6f6f14a64bf9bac1306beb6ea26  src/asn/ngap/ASN_NGAP_TargetToSource-TransparentContainer.h
19a64722d9de085dc517b62742d6f36651eb660d96553022680be062692d265f  src/asn/ngap/ASN_NGAP_TargeteNB-ID.c
45bf3e335ad20aaa6b6286503a3bcddadfbb7c64b390b1b7e5513321df2cdd12  src/asn/ngap/ASN_NGAP_TargeteNB-ID.h
a5ba187938a932e53a4237fb1ee610f190f139c96b9c5ed3df853de03480163f  src/asn/ngap/ASN_NGAP_TargettoSource-Failure-TransparentContainer.c
91fd113dd3668c32b4c6f300e8f56a522054f207dbdc913410cbe9c2822089fe  src/asn/ngap/ASN_NGAP_TargettoSource-Failure-TransparentContainer.h
fc50b94f2cab58a031a16d19d0217f26528999c7e87533fceb7aa2e09d2bf6b8  src/asn/ngap/ASN_NGAP_Threshold-RSRP.c
fad93bd000b1d0ec2238902849c13a4e608f85a5b1a4fda4e567d6307a4b2d6c  src/asn/ngap/ASN_NGAP_Threshold-RSRP.h
924553899fe3fc6ef81635227e1940f61f21b6f7e4790e70c35b482801696e89  src/asn/ngap/ASN_NGAP_Threshold-RSRQ.c
a86921b179696daf80ec2248a57377588625292efbfe8ecb3d7798a5e2aa2199  src/asn/ngap/ASN_NGAP_Threshold-RSRQ.h
24a12af1afea852a9b5272aa4db15c97d4dfa6a30ea18985ae0e686d41f17886  src/asn/ngap/ASN_NGAP_Threshold-SINR.c
95b18618c4b4826183f211e0bcdd6617d3c756a97333a902785a6b5ee9b07d87  src/asn/ngap/ASN_NGAP_Threshold-SINR.h
ecc0bb6f3d69325045bb5785a6e6296cb960e0c0ccaffb233dc65921f9ab8c84  src/asn/ngap/ASN_NGAP_TimeStamp.c
0bf6db4cb2de7e24229b7fe8ccf623f6ffbbac1f6d6789798fd744d60a063275  src/asn/ngap/ASN_NGAP_TimeStamp.h
b2f01fafcfdaa515cc58a17b86f0f139504431b4be16ab82d8c5106dd8b47bb4  src/asn/ngap/ASN_NGAP_TimeSyncAssistanceInfo.c
67d9ce84451b886f4e8bbf9572f45048b82a09f2b5cf4fdabfa4518cc68efe31  src/asn/ngap/ASN_NGAP_TimeSyncAssistanceInfo.h
91c73c4d55bebf384e5d20b54212bb80e86d41cf7ecbdde1bdd5f2add02ecda0  src/asn/ngap/ASN_NGAP_TimeToTrigger.c
6b34a5a19788a2412a8b3fa64f61b20e8f9fe98e86285aa1a47a65cfe3f2f76d  src/asn/ngap/ASN_NGAP_TimeToTrigger.h
7ae68f5943dc4cf06ecea887f2a1c06c0d661a380c6b842dec4e973a3401927e  src/asn/ngap/ASN_NGAP_TimeToWait.c
68d4f217007dfec5ca6f9dec15e9483d33b5c3b0268d42a3fa7131d4745d7a3c  src/asn/ngap/ASN_NGAP_TimeToWait.h
048b531feae4a91b389ee2615f2f3118ab8132cc50ba4afebbf0ee73d9dd9edb  src/asn/ngap/ASN_NGAP_TimeUEStayedInCell.c
4f3fb0d7f382341c51187fda64ba0e2e81bc71b1903ba30efc5a3a0367f1dbfc  src/asn/ngap/ASN_NGAP_TimeUEStayedInCell.h
8ede6bceafdc97b1ff03ec1f89df37130b8aff12a4b844866335367c7696be1f  src/asn/ngap/ASN_NGAP_TimeUEStayedInCellEnhancedGranularity.c
fb009b3f464de3641d56c9651ed48c38ad30a909e31567d63030db4917f1f17d  src/asn/ngap/ASN_NGAP_TimeUEStayedInCellEnhancedGranularity.h
c4252a374e14206e7afa7bde9c65fb16ea40dbd82bd03f123be6c9435a81d7dd  src/asn/ngap/ASN_NGAP_TimerApproachForGUAMIRemoval.c
4ea88afb11135a1de2468a408b3179301c6a2e91c72d8d77a421d6ef86b26f97  src/asn/ngap/ASN_NGAP_TimerApproachForGUAMIRemoval.h
b7801a787f1667fd1a119674ed001cfbf4f888f1ba26c6f534c0a3b54b32c086  src/asn/ngap/ASN_NGAP_TooearlyIntersystemHO.c
a0b86d0717ecf2fb7e6c4d05f034366d051474cc5c4260ba8e900566f8b77bb2  src/asn/ngap/ASN_NGAP_TooearlyIntersystemHO.h
7b51dcd48260941b8dc757d6e7771b4cfaa5dc186e07cbad9d206cae337bba7b  src/asn/ngap/ASN_NGAP_TraceActivation.c
2321350e2095d905d94ce14730cbdf7f8e354aff3aef27d280761761a8fd2f73  src/asn/ngap/ASN_NGAP_TraceActivation.h
34417144cc99b5633c438fa55e8f29ebf0ed286ebd443b29a8333e24765482e9  src/asn/ngap/ASN_NGAP_TraceDepth.c
193ac1eab8f3af0075459fc74e37da5b52ceb970e8a6fd624b00c52f19e789d8  src/asn/ngap/ASN_NGAP_TraceDepth.h
b306ac20d47823cfc857ba248da1b7fd32f89237d9bd2709deef35a0f310c96f  src/asn/ngap/ASN_NGAP_TraceFailureIndication.c
48b8367dc289073b3b48cd7cf4a2f46125f1326afd340c027c62e11ae413e688  src/asn/ngap/ASN_NGAP_TraceFailureIndication.h
f7ea4ce667039b4232ae5d391e282c5e74ac26e44a48ee8649084abdb58111a9  src/asn/ngap/ASN_NGAP_TraceStart.c
b97d4d30f800bbf14441864da7992eefafacde7651342918ea491bf132807c83  src/asn/ngap/ASN_NGAP_TraceStart.h
6310bbbac451794fa68f8b86aee069804f62d7ff83a63ae2309de0c73e144129  src/asn/ngap/ASN_NGAP_TrafficLoadReductionIndication.c
612621e2c5ad6583a07653c3c6da090ace1ebf60dcc388077b33deab49ee9a18  src/asn/ngap/ASN_NGAP_TrafficLoadReductionIndication.h
9cafc1471a54375270c6e176b34820e1086f5b854ac7582a26bbb724e3b577bf  src/asn/ngap/ASN_NGAP_TransportLayerAddress.c
40ed78a2830aec3abd326a78abb9bb25afed06c32923dc0d32e759f042185ecd  src/asn/ngap/ASN_NGAP_TransportLayerAddress.h
d7aeb60b01c5bee95cb103f06624ea9fa515e46563162524737e513350633fe5  src/asn/ngap/ASN_NGAP_TriggeringMessage.c
0b0a1c9e55c95e94006f225626e04ee807e687e95ea056ea1bba9be0c842c45f  src/asn/ngap/ASN_NGAP_TriggeringMessage.h
5bfc0d82f60eadedb0e0ccfa496ec4dcaf6272cb83d46b20f0fc0b4fb7c0326f  src/asn/ngap/ASN_NGAP_TypeOfError.c
dff00dd7e5ee969216188faf36955df44eefce0422ac001476c11825ee994e6b  src/asn/ngap/ASN_NGAP_TypeOfError.h
8e790ab245986328eaa5d256d58af78a49d5bee87d9ebf55bfbc0b190f6483d3  src/asn/ngap/ASN_NGAP_UE-DifferentiationInfo.c
95c55af3a7d1e4fc996ceee8b0fa77c8cbdf81e538b5f68027e697641c8f73cc  src/asn/ngap/ASN_NGAP_UE-DifferentiationInfo.h
f50a0b106e88b3d6c35b1aff0b76c3b2043ab4f5c56099e9b717eaee7e8d40eb  src/asn/ngap/ASN_NGAP_UE-NGAP-ID-pair.c
aeeb4e997d209e1c77345b0f80047ee15d3aceb22f1740dd5df600d99e9b93b4  src/asn/ngap/ASN_NGAP_UE-NGAP-ID-pair.h
8fa54170c262674e2fbbb990a7699ab1640d1cffb8e1a43171eb4a194deb4f18  src/asn/ngap/ASN_NGAP_UE-NGAP-IDs.c
e8edca4b821ab1eabfb59378778818ac2aed2fa328d3042daa273c277be748c4  src/asn/ngap/ASN_NGAP_UE-NGAP-IDs.h
c56a58cb5afa53cfdf2f90024b818f6a73d36760ca2ce2a7ad95e106e1e2df1c  src/asn/ngap/ASN_NGAP_UE-PagingItem.c
a957d138e6353052fcde88949c6cc4e9393f6c5075ee10b0c9d560649e79ada3  src/asn/ngap/ASN_NGAP_UE-PagingItem.h
9d5079d021c101c5c524a03c1a1cf091d37248b375aefb6df1281d108dd775e3  src/asn/ngap/ASN_NGAP_UE-PagingList.c
9d09a659d3894727c8c1d743eef7d00e5f96ad79ac74fbde90514b5aeed1996f  src/asn/ngap/ASN_NGAP_UE-PagingList.h
b6d129722ab8d6a1b172bc9637ee88967baf1013d4143dccd00c6a62976e33e7  src/asn/ngap/ASN_NGAP_UE-UP-CIoT-Support.c
ea48ffb191cd6e79bd6c6fe46f39179c625a03743d84a3ed1693c56e548704a2  src/asn/ngap/ASN_NGAP_UE-UP-CIoT-Support.h
f2a0c21f968224ebed4491112f350c3620164fc9bc6ac9a0a80c0d9cad2dd9d6  src/asn/ngap/ASN_NGAP_UE-associatedLogicalNG-connectionItem.c
e0b3f4b44398910982205d454f787239e2891fecfebb6a69f0da4e0dd9e8edb4  src/asn/ngap/ASN_NGAP_UE-associatedLogicalNG-connectionItem.h
eb7b38f244bc306fdfa9c487b7ca2eb368dc6771328e94e153d7b57a27bcc936  src/asn/ngap/ASN_NGAP_UE-associatedLogicalNG-connectionList.c
d51a7fb63b757fceb9cab77a05de04bb587ea0a18f7f0ff5cbdee314707626e0  src/asn/ngap/ASN_NGAP_UE-associatedLogicalNG-connectionList.h
3eb5de8b84c2f0adb921aadb974b3109174dba13188b03b60b7503607ce860d4  src/asn/ngap/ASN_NGAP_UEAggregateMaximumBitRate.c
1300a1d2104f2690d8b098704f98f717b6388e966e105683d916030d469d973b  src/asn/ngap/ASN_NGAP_UEAggregateMaximumBitRate.h
b1d666c4745ab915391df30d1fa1bd5b4e4b71b9e56de845b99473c54737218e  src/asn/ngap/ASN_NGAP_UEAppLayerMeasConfigInfo.c
fc3e394ab14f1b3ff1f5727a861981ee1ac6c2eb7db9ba15e4f8dced78b5b9b1  src/asn/ngap/ASN_NGAP_UEAppLayerMeasConfigInfo.h
c5d557af32ed9b6e593493e88802d6ca8816e660fc477f9b73f9f52d0db5b317  src/asn/ngap/ASN_NGAP_UEAppLayerMeasInfoItem.c
725224254940045b33f1fa9bf733984a111d4a3250755d1649e26717d5e320c3  src/asn/ngap/ASN_NGAP_UEAppLayerMeasInfoItem.h
3ee7154fdeed245e969fffae512ab08cc3cbda6e8f9887256fbeac8ca28ab61d  src/asn/ngap/ASN_NGAP_UEAppLayerMeasInfoList.c
95aa9cf2c6c96af7a25f4f827123a4c006b9d221c7bd85a00b7079518cf40206  src/asn/ngap/ASN_NGAP_UEAppLayerMeasInfoList.h
c8676339b858e2400b0f162d82b26c8c0b9fd713fa845b20818feab1df642189  src/asn/ngap/ASN_NGAP_UECapabilityInfoRequest.c
eb9150463500e6acccf593fc97e181c8d57fedd50d49edb209da5d87029554c2  src/asn/ngap/ASN_NGAP_UECapabilityInfoRequest.h
f0c4fce12d8d11add6752a1b78bbe4ec52e5f5cdfca04d205ca653cdc69f23fc  src/asn/ngap/ASN_NGAP_UEContextModificationFailure.c
4f8eff9d73f1e247c22674b1fc340198be2fba93a4c04b3331ed387122ba5b8b  src/asn/ngap/ASN_NGAP_UEContextModificationFailure.h
dcc184cc9319942bd318bde3488d56dc4d8dd73414663c16ef35d5c0a7ace1d6  src/asn/ngap/ASN_NGAP_UEContextModificationRequest.c
6158e5104010238fc7ed743f4e17f9d63e39910a4360e3cac2f491321f0163ab  src/asn/ngap/ASN_NGAP_UEContextModificationRequest.h
13656fea07a52129bbbeb092849302f94dbe3de8f582f04266b23aa789ed5ebb  src/asn/ngap/ASN_NGAP_UEContextModificationResponse.c
d78e41c1f91acc05aadd11bdf268bfaaa0c1a1cfb1233dad6638262911dc754c  src/asn/ngap/ASN_NGAP_UEContextModificationResponse.h
16a331381019a605a4dd79c7318c6a07dd83604c377ae98d9f31cf33b858ce42  src/asn/ngap/ASN_NGAP_UEContextReleaseCommand.c
9ee2c8a38760a86db1dac0960157f4c26b7bf0f70841e2b003b3ba7a92ee6cbc  src/asn/ngap/ASN_NGAP_UEContextReleaseCommand.h
be7fe506f0dbfb3f2ecd068dde51e12522137daa010784bbaa93cbc76e85bdf1  src/asn/ngap/ASN_NGAP_UEContextReleaseComplete.c
730dc0b34f70adadb9b5987ba5fc6293ecf951a378ce57568a1b8beda010ad6c  src/asn/ngap/ASN_NGAP_UEContextReleaseComplete.h
e5982c2d5ac666f5b7193a4fcbeaabb3abda686dc749491899147c4ca6b604ed  src/asn/ngap/ASN_NGAP_UEContextReleaseRequest.c
acc9a2d61902fecbcc5cc10008bf74861df9562aa18f28edc6bd8523e03fdadb  src/asn/ngap/ASN_NGAP_UEContextReleaseRequest.h
78a55ce3972e4c2ece8226e527b1b3706d02d234730953c7dfe9b32b463197e4  src/asn/ngap/ASN_NGAP_UEContextRequest.c
a5bc673a7d7dd5a159cb9d575526839810e7fe08298f448aedbe649a8dfac8bf  src/asn/ngap/ASN_NGAP_UEContextRequest.h
88947159f28e033d7563cef66816b91689ca114b0a4ec215db8c65eab0a5cb65  src/asn/ngap/ASN_NGAP_UEContextResumeFailure.c
86bb43b3568785b622b1c24ad8107f05706bdd9a748c3a480db7309f7d2d68c2  src/asn/ngap/ASN_NGAP_UEContextResumeFailure.h
0b7f2e8b42a15f9ab6eb82d725c89a9a88773d22549c5df14ed57e7451776feb  src/asn/ngap/ASN_NGAP_UEContextResumeRequest.c
e9e768201db3e18f279ec7a56703726394183087883764fbb646d0262e9f854e  src/asn/ngap/ASN_NGAP_UEContextResumeRequest.h
7b40ac02f19b444c5ba0cc64b14a732dd069a8439e3e17a82a3b8ff6c9a8e12d  src/asn/ngap/ASN_NGAP_UEContextResumeRequestTransfer.c
d00f337324798a3c3a7e1fbfa26f38d27410f078788d9beee39a1ac22b7d2081  src/asn/ngap/ASN_NGAP_UEContextResumeRequestTransfer.h
0f2788baf20fa603b1f2b757d3dff3d14f63f4bec6db8184294b24ce22891d36  src/asn/ngap/ASN_NGAP_UEContextResumeResponse.c
aea5ccc155cb22e8f31514c9b512e4196860e9c9122ec3be87f62104d6ef2421  src/asn/ngap/ASN_NGAP_UEContextResumeResponse.h
59df8d52e1a3f4877e0c1057eee605476d51a102b25b9bd5a500599f9ed4468a  src/asn/ngap/ASN_NGAP_UEContextResumeResponseTransfer.c
b64e3ed654962b8690b7431c7c089b4b354b488367cf17d51896c181ee4cf813  src/asn/ngap/ASN_NGAP_UEContextResumeResponseTransfer.h
39ac16cd42ef2915c559bfe01c70a76bcc196de90e2fadff34dafe8421ca63b8  src/asn/ngap/ASN_NGAP_UEContextSuspendFailure.c
90333d1fe8680416e79af66e6eaa1a67dda7aceca7c6563ea1b75470a8fba6ae  src/asn/ngap/ASN_NGAP_UEContextSuspendFailure.h
4f5808a9502e62a59773c22be6593af22df1068b4209edf9343218064305848e  src/asn/ngap/ASN_NGAP_UEContextSuspendRequest.c
0d472f98f85e08418204d5e944e00f1625e8006ec9126936c7bb912adf9d4124  src/asn/ngap/ASN_NGAP_UEContextSuspendRequest.h
e1ba169e950fb10304f55b4201f08b06735d0f30587e07bfcc53dc937a4bd325  src/asn/ngap/ASN_NGAP_UEContextSuspendRequestTransfer.c
2cbff10488eab4ad0d6419b7ab7916c1c77fa3cef71e9fa2d978d24d7f3defe4  src/asn/ngap/ASN_NGAP_UEContextSuspendRequestTransfer.h
842c2c8a22accef0e09719cf893c2d7a6dcf030407c771d149e5f9adcc92c040  src/asn/ngap/ASN_NGAP_UEContextSuspendResponse.c
86e44e2b4ae3d448a6bedc857a9d1411c5bfff4a40e53438239c96daec0c96c2  src/asn/ngap/ASN_NGAP_UEContextSuspendResponse.h
3b78db533acd1fef34741e2f66065ba81c5b200b0c5d6d20d9730b6761b91c4e  src/asn/ngap/ASN_NGAP_UEHistoryInformation.c
019903bceafe7797a9fffa316dde919029099b2f8cf0d7ead4160e1130afc36f  src/asn/ngap/ASN_NGAP_UEHistoryInformation.h
f4cd95e03bb17daa05df9b4ba1de3092450a51e3c20e7c8ce83f62d9e4772eec  src/asn/ngap/ASN_NGAP_UEHistoryInformationFromTheUE.c
5b446787300da9e0a328e5c7c46743b97dcb1fee98a2dcabf937da8878a6ab56  src/asn/ngap/ASN_NGAP_UEHistoryInformationFromTheUE.h
b6f2be33d123b022b3c9fb3e7e18c3e166710ac355489e0eb0ee42f54f3b037b  src/asn/ngap/ASN_NGAP_UEIdentityIndexValue.c
593414efefdfe6244e09f218e78b9297781d774b4b40bb2562e4764f8564f8b0  src/asn/ngap/ASN_NGAP_UEIdentityIndexValue.h
3cd278de979a01a95ccdddfddeca5dc6e0ff0ee5e0668d47365428bd0d22d6a5  src/asn/ngap/ASN_NGAP_UEInformationTransfer.c
9716d8294fdd72ecc88881a17f58374c52e917ae2d6250d36482eebccd0c1dbe  src/asn/ngap/ASN_NGAP_UEInformationTransfer.h
dd46b5d2ed44777d5833ebe6dfb7cdf4b60463a35cb51b5b56f1f5050a78e4e5  src/asn/ngap/ASN_NGAP_UEPagingIdentity.c
6bf9cfe4cd4140756b517c5762172ca8efda22e0e57b2de2fe1ba02935558cb0  src/asn/ngap/ASN_NGAP_UEPagingIdentity.h
812f7dcc813bc85cae2aa8aaf4b2b246737264c5458ed414c2ecf5767a860c37  src/asn/ngap/ASN_NGAP_UEPresence.c
67c8aef8b7c06d30138db9bbf1e5c19485b81091f8c4fbadfa818db06556843d  src/asn/ngap/ASN_NGAP_UEPresence.h
c4b4dda109d466167659a53a1cd5709cabea5dddc5410007d1f3c999c2208507  src/asn/ngap/ASN_NGAP_UEPresenceInAreaOfInterestItem.c
de279e80c12933c9f40809eebc4aca96afe71fec545791efd614bf103f3af392  src/asn/ngap/ASN_NGAP_UEPresenceInAreaOfInterestItem.h
8c781c657a58ae3889d515d8a9a9c36b36785c38d03d90064178e2a93934115b  src/asn/ngap/ASN_NGAP_UEPresenceInAreaOfInterestList.c
6400043ac9644293e4fbd08359669f675e90f885174a73f14eac6c254923630e  src/asn/ngap/ASN_NGAP_UEPresenceInAreaOfInterestList.h
9179bd0b3a9f940d98c83e62d91d20187e917a41cd2341c5dac252c8b95433c7  src/asn/ngap/ASN_NGAP_UERLFReportContainer.c
453070081b42e203f96919cb1ebe334a09b2779e60b8f676e6091ce76aff4525  src/asn/ngap/ASN_NGAP_UERLFReportContainer.h
a2f8a14dc95a88f89c9a8ca6fd1a76243fb538aa6c1a866eee0dd6ec91a4a3b6  src/asn/ngap/ASN_NGAP_UERadioCapability.c
089907c4a2d6cba9569acca0141fbe3f903e73af0eef96907335828ce66ef160  src/asn/ngap/ASN_NGAP_UERadioCapability.h
547c79cf17f581895be96792758bf5da83980365961a19635151f50cdf8e3a76  src/asn/ngap/ASN_NGAP_UERadioCapabilityCheckRequest.c
532b05275ae8889a7558cfe68b61b3eb76eaf0ac92a67bd52628ce3e5a460e0b  src/asn/ngap/ASN_NGAP_UERadioCapabilityCheckRequest.h
5a0c2d34fdc173a8c4aeac171cafa8f56bc61fa9ba8c1f7b2206e845ff215787  src/asn/ngap/ASN_NGAP_UERadioCapabilityCheckResponse.c
f6a0f362e984f15a8b8d69f9b98fd353b50ceaf6f68d50a2d0350564e454c417  src/asn/ngap/ASN_NGAP_UERadioCapabilityCheckResponse.h
3fffd14f127748657c33b2e9b783ca3539ba1abacb96ef69c819ae26b1e3ebe6  src/asn/ngap/ASN_NGAP_UERadioCapabilityForPaging.c
29f6114fd15d9d5fbf36de3b4e019baf996dc2bc334e59e796fece2fce977e7f  src/asn/ngap/ASN_NGAP_UERadioCapabilityForPaging.h
c13e4531ca4460ccaa34722c4d8265b8cb306fc605d98ba7a4de273280a4141f  src/asn/ngap/ASN_NGAP_UERadioCapabilityForPagingOfEUTRA.c
bc50f685168288b2663aeb0882f77988a902bf9cd989e884e9af947acbd2b439  src/asn/ngap/ASN_NGAP_UERadioCapabilityForPagingOfEUTRA.h
6c01b590a8c7acb8b0e56f73539b60304c5ad13902e6fea4b8e3d73a1be37a39  src/asn/ngap/ASN_NGAP_UERadioCapabilityForPagingOfNB-IoT.c
98f4256a6d7256af073407c366e6adaecb71db7899bf5966bb79c464ea1abd41  src/asn/ngap/ASN_NGAP_UERadioCapabilityForPagingOfNB-IoT.h
aa105da40714c7fff4b06ce7ebbc6fe2ad7d78cdd4c638e953b2b78c8fb3c85b  src/asn/ngap/ASN_NGAP_UERadioCapabilityForPagingOfNR.c
0fbc262e0b26281f5002c0e404cf20398eb46f45c50319b1bef8ca4b4f9f119f  src/asn/ngap/ASN_NGAP_UERadioCapabilityForPagingOfNR.h
a0bd6d32e6fec47a32a22624819e14439c699f7ef81288fdee9ecdb5dc8f9c56  src/asn/ngap/ASN_NGAP_UERadioCapabilityID.c
b6cc69a9c04e57391ecf85891f579e8b73af88ac07451fbc211b74314a10d474  src/asn/ngap/ASN_NGAP_UERadioCapabilityID.h
e1aa98829717dd2e45679397e87fdafed050855b3f720f18a5c342f0f18c6b88  src/asn/ngap/ASN_NGAP_UERadioCapabilityIDMappingRequest.c
96eee670acf395c8a59216d34b356f1defd11e84643ff929304dfb533d3de68b  src/asn/ngap/ASN_NGAP_UERadioCapabilityIDMappingRequest.h
745fd9cdab2dd233c1e45eaa305e1d17a116c97272bf5c982ae14f0ea0ba20a5  src/asn/ngap/ASN_NGAP_UERadioCapabilityIDMappingResponse.c
07de3c4c2ce1eeedf3c6d4f071cbbaacf6cceaf51fb9d2abf89f28037974a960  src/asn/ngap/ASN_NGAP_UERadioCapabilityIDMappingResponse.h
1715b253adce7e2c132e2fb95e2f3272da6361f231a4256628bcdbd7c994d39a  src/asn/ngap/ASN_NGAP_UERadioCapabilityInfoIndication.c
a7c329aa84fef48c19b7da89bc452cafc37071cd072267a74502ef398af62bd8  src/asn/ngap/ASN_NGAP_UERadioCapabilityInfoIndication.h
5d42d53d44eb604f233c6d08631cc69888cd4cbbd424c442260ec3fea73effd1  src/asn/ngap/ASN_NGAP_UERetentionInformation.c
7a4b0790cec73e74b9f93279837cfc90ba2cfffc3d047afec105aff7ae712889  src/asn/ngap/ASN_NGAP_UERetentionInformation.h
5d26377f4fdebcfab4cc1a28bb46aae4187e99cdaf70d18c6497a624027d579e  src/asn/ngap/ASN_NGAP_UESecurityCapabilities.c
366112d531dee4846c943c81cea53433ef2d4a5204b12da41402603efdf1ca12  src/asn/ngap/ASN_NGAP_UESecurityCapabilities.h
eb43ca92ab067f2a4fb489ed0037a1ed46c534fb80f5b749347f80acfc50ef3d  src/asn/ngap/ASN_NGAP_UESliceMaximumBitRateItem.c
ae103768fc45188f8e026ee83acfef903c088b74355faa81e8ac198e1004a577  src/asn/ngap/ASN_NGAP_UESliceMaximumBitRateItem.h
3654275dc93c6fd2f2226a5c46becb0eee0dcd108278bb648b5b65bdcc441078  src/asn/ngap/ASN_NGAP_UESliceMaximumBitRateList.c
9c700a03717bc4773a602e15f2c73695f12bf4eea4844ddadf330fb5d10baf17  src/asn/ngap/ASN_NGAP_UESliceMaximumBitRateList.h
248e04af9b5efb224bc31d86a3f0ce3eece6b58b4d4e7c71bc96f4ede3a677bd  src/asn/ngap/ASN_NGAP_UETNLABindingReleaseRequest.c
a7f22d3f22f34112f65c4eada5576f83e2f1cea99e5ad2b963cfe0842f4f9222  src/asn/ngap/ASN_NGAP_UETNLABindingReleaseRequest.h
86d4e2c494d6ded17c5925e7f9003ee233a9aadf6912bc24d1dd382a1c8cb76d  src/asn/ngap/ASN_NGAP_UL-CP-SecurityInformation.c
b426c9173ee17123c15ca77d27da4a1c62759c84cb8189b9a626d6016fa273b1  src/asn/ngap/ASN_NGAP_UL-CP-SecurityInformation.h
b26ab86afd7861bea73f68c7b2f014d06aa50032569cae38941d69412be148c0  src/asn/ngap/ASN_NGAP_UL-NAS-Count.c
734244b17ee051314f5cb334f6ad73bcba481e8e47d41d90da1ba0a776fb2a8e  src/asn/ngap/ASN_NGAP_UL-NAS-Count.h
a9211a3d20859841f3a71793a8a6a21c1505bc73954e803da01938d6c8a7e0e9  src/asn/ngap/ASN_NGAP_UL-NAS-MAC.c
37cb3179bba34363370118348292a7e567e619e1157f6cc60424d8b9263f3285  src/asn/ngap/ASN_NGAP_UL-NAS-MAC.h
ebd16faa29275d81c16b14e6d1542073e8e81024bcaf9261ee912fae71742ef1  src/asn/ngap/ASN_NGAP_UL-NGU-UP-TNLModifyItem.c
bde6400fef2057e015b29f91e35aaf32b6203c2162f3473e75414f8c34d60b7a  src/asn/ngap/ASN_NGAP_UL-NGU-UP-TNLModifyItem.h
ef40e156cd9e6ae09aaea9ed81d33bb1234584ed6243604f2057708b30450137  src/asn/ngap/ASN_NGAP_UL-NGU-UP-TNLModifyList.c
8ed7a6dbfa0789d4ad81f0432456c72aa960b6ea0c4be5e739bb3292e2a0e9a6  src/asn/ngap/ASN_NGAP_UL-NGU-UP-TNLModifyList.h
594ecb0f74824a7664038d1177f1e665e8ec22171012c5de07cf838e5d1912e9  src/asn/ngap/ASN_NGAP_ULForwarding.c
d8fc64e35872331e24ffd9c31e0e6b3b18cfbf208eaf64571872498ccd30f164  src/asn/ngap/ASN_NGAP_ULForwarding.h
a45fe315a954c9f2c31bf54f86e12fa325b5e45b6fe73b5528a095abbe95ee5e  src/asn/ngap/ASN_NGAP_UPTransportLayerInformation.c
9418901d9c0302b1893bed2759a96f82705d851c00e764144fd8dc7bc9462bba  src/asn/ngap/ASN_NGAP_UPTransportLayerInformation.h
f469b692f650bae52f5a230174a96e2d0ef475c435384cab948ea66765e66991  src/asn/ngap/ASN_NGAP_UPTransportLayerInformationItem.c
5cb50d60d70d325ce91788383ffd24b39d4cb70ff93a3dc6f79c2ca7a4f7132e  src/asn/ngap/ASN_NGAP_UPTransportLayerInformationItem.h
a012241bf9882165db7bbefd5b255692c73d48ab144a0ca71f23e9f7f2ef4d89  src/asn/ngap/ASN_NGAP_UPTransportLayerInformationList.c
5dad36346d7e033066de6acfd1b3585b76a979997c8398257ae91587f962f4b3  src/asn/ngap/ASN_NGAP_UPTransportLayerInformationList.h
b0d90f7863040b506376b9010d1f25e90607a794942304aa311e385d6469a9ea  src/asn/ngap/ASN_NGAP_UPTransportLayerInformationPairItem.c
b3630025dd509afef1a6aae288deba067396c4b15a055220d940a5530a7c7e72  src/asn/ngap/ASN_NGAP_UPTransportLayerInformationPairItem.h
f955d71c5501b372a2a636910dfaf4e0895fd15430e29194a52ec5b18c51a624  src/asn/ngap/ASN_NGAP_UPTransportLayerInformationPairList.c
fd5906a5d26272789f2f19b93d16739ee596458ec779c51d539034b7c2c9b9f8  src/asn/ngap/ASN_NGAP_UPTransportLayerInformationPairList.h
dc631473737fed4e880162071e4035c7ac6f18540ce66ecbad959ed01ed3c2f4  src/asn/ngap/ASN_NGAP_URI-address.c
ae6b4bcdf417ae23fa2576f885d8870b6cb4f276767dc0859ed07f4ffe388f01  src/asn/ngap/ASN_NGAP_URI-address.h
f12a179d4bde414856435d3c2f29ad4cf761dd1b3467018f278b0693e91a2a80  src/asn/ngap/ASN_NGAP_UnavailableGUAMIItem.c
0a0f06af434d665f4480baee75ce1c018c3e5ed448d518e2aa1362d43e743e6c  src/asn/ngap/ASN_NGAP_UnavailableGUAMIItem.h
c458bbfaa1a3aa46bf13ff83595d825fadcc9a79caa1f68471567904816b58fd  src/asn/ngap/ASN_NGAP_UnavailableGUAMIList.c
e268ab2737a320f4c066650b25832a04a9e5fdc8ac00e858178e46101fdf77c2  src/asn/ngap/ASN_NGAP_UnavailableGUAMIList.h
b5546a922c0498b98dab17da5aacda70170232278955bcd1cfb4398b4cc90252  src/asn/ngap/ASN_NGAP_UnsuccessfulOutcome.c
c9ac68e572a945d78e56b3fd797e50777134ce8904cf363b46bd2e7232b2de87  src/asn/ngap/ASN_NGAP_UnsuccessfulOutcome.h
f2d05a3a4db1e8137c25e57e3ab37ac1a09fc2151c3594f0aa062482347a903f  src/asn/ngap/ASN_NGAP_UpdateFeedback.c
b17200f6934b78898e12189668f5f091754db8310a6af0787a5fecb67cd24bf3  src/asn/ngap/ASN_NGAP_UpdateFeedback.h
6fac4df78ad00383639464ead73dfebbafa55348593bba14ee68a7364c026d73  src/asn/ngap/ASN_NGAP_UplinkNASTransport.c
d14e95a5d9bc7d624defdaafe4b134a8e0734176eef270b92b2cbdf4784a7af1  src/asn/ngap/ASN_NGAP_UplinkNASTransport.h
a79bcb80ba25c8e99e2589a721dc7100a5c742cff67d1d53bf54965a6132102c  src/asn/ngap/ASN_NGAP_UplinkNonUEAssociatedNRPPaTransport.c
2d42a8bb5095cd6b16e40e2602e948ae4b77133a57e30fde395b6d213e405c38  src/asn/ngap/ASN_NGAP_UplinkNonUEAssociatedNRPPaTransport.h
5bfb5c1cfba442e727016af16669927919e432a5099b2fddab798b5314370483  src/asn/ngap/ASN_NGAP_UplinkRANConfigurationTransfer.c
fe8429e269344d25f22badb828838a86cc1c636d9e5951808845a19cafc96ce8  src/asn/ngap/ASN_NGAP_UplinkRANConfigurationTransfer.h
f4dc7e0e17aa86eacb75682d27ec02a89e4f0d156dd0aeff5186d2a6df8192c8  src/asn/ngap/ASN_NGAP_UplinkRANEarlyStatusTransfer.c
4920304faf081581504885f60a9bc0626e077ae0e806cda08183baba9ef62795  src/asn/ngap/ASN_NGAP_UplinkRANEarlyStatusTransfer.h
4b6f1f289b39cfd4a7e91f60018f28d4ba0dc84f05e8791e241f6541e45450e0  src/asn/ngap/ASN_NGAP_UplinkRANStatusTransfer.c
2841f88900f3819317efd3cbd7c427d8ec0d29111e0ee57a53662ab564264e15  src/asn/ngap/ASN_NGAP_UplinkRANStatusTransfer.h
38bb80f44d1cb49278f656ea26c70fda3453f7cbd0a9112619b614d9d500ddd4  src/asn/ngap/ASN_NGAP_UplinkRIMInformationTransfer.c
872138bcddc245f4fab75a95f9f3a87787d8fa5ef9b4ff61767cab4dbd7e6e40  src/asn/ngap/ASN_NGAP_UplinkRIMInformationTransfer.h
e31e986ba3b009daa12e646b9ca5899cfcb2df7d52ee69945d4c3c3920d4b615  src/asn/ngap/ASN_NGAP_UplinkUEAssociatedNRPPaTransport.c
d3793532417f9399b906560fa9f47652e5b442fe2eb3ae8f23ccfb8eeae457de  src/asn/ngap/ASN_NGAP_UplinkUEAssociatedNRPPaTransport.h
2cfa3d96b30ab044becbb98388d1823cf2418b926ddab8e66f5e04eb5738f163  src/asn/ngap/ASN_NGAP_UserLocationInformation.c
b5e35ad71c5c028809767e705c9601424ea4216ab295a4c9abe091757d134e60  src/asn/ngap/ASN_NGAP_UserLocationInformation.h
237b41bfded8abd03d3b49ab3841bf88630094d6ed8de8da05dd24e2737aba14  src/asn/ngap/ASN_NGAP_UserLocationInformationEUTRA.c
14c3048ab37ad07ff02e4446bc65632f1cad69116ade3080ed1a406b4230d578  src/asn/ngap/ASN_NGAP_UserLocationInformationEUTRA.h
8f87730d51dd6d044f39e51032a0b8170940175fcb4a9b5a9a74b2153001a239  src/asn/ngap/ASN_NGAP_UserLocationInformationN3IWF.c
a8ce7a5682c1649e341dd5c8989f9775aa569c8a18fb8d31dc939f9818216ddf  src/asn/ngap/ASN_NGAP_UserLocationInformationN3IWF.h
1660ba6048bf72303961da4a4b8fc92f7d1e2de5f76aafa70b5c9f2e679cb83a  src/asn/ngap/ASN_NGAP_UserLocationInformationNR.c
1b05dafedec7fcc5ac5c9cba8fc7aa35b689005fbab5f930ec591a6af4bab75d  src/asn/ngap/ASN_NGAP_UserLocationInformationNR.h
bae232c99fd7851107554cb1c9d27264893a391181e14f6e7452646accf5d2d8  src/asn/ngap/ASN_NGAP_UserLocationInformationTNGF.c
57e8b15ce5b99f26491f3435aec4a85845dafddbde885c08f7adc748f4fbb6a8  src/asn/ngap/ASN_NGAP_UserLocationInformationTNGF.h
4f402f831ddf5855bee6f00c0214e21115d4aefb49ae129941afea505f6bdc1c  src/asn/ngap/ASN_NGAP_UserLocationInformationTWIF.c
4e49d37eef1c05bd1bd2aeff9846843d3c567716ae61ff2015036cc79c1f0a88  src/asn/ngap/ASN_NGAP_UserLocationInformationTWIF.h
089556d1c3f4a86640bd9503cfaab13dd99824a1f30323d9f30da61854386c83  src/asn/ngap/ASN_NGAP_UserLocationInformationW-AGF.c
db0473c171b5275e6b7a2702d1bed21f005dc09f53f5dbab28c90457d104f72e  src/asn/ngap/ASN_NGAP_UserLocationInformationW-AGF.h
d5a8c5d6547649924c5c325259416651f531712fc6f47636986a7862602d8b15  src/asn/ngap/ASN_NGAP_UserPlaneSecurityInformation.c
50a602d93ced167b64ca6fc6a3b2be0d8b63b8983b8c9b8bc126dd84a0196c2a  src/asn/ngap/ASN_NGAP_UserPlaneSecurityInformation.h
39193936d75938c7fbf8b08e3c5371de774a70b81b3100ab3c75dee4a9ec75d9  src/asn/ngap/ASN_NGAP_VehicleUE.c
39492639b3cade86ff220db40a603a26f92934f54fcaca8b6880bd7198a21f30  src/asn/ngap/ASN_NGAP_VehicleUE.h
75c20b97e8556919beb33be7c0fec0b7d7ee0a4024d402949611d42dbf299062  src/asn/ngap/ASN_NGAP_VolumeTimedReport-Item.c
059f607c6765f0a4aee61030b8c7ef99b3420b981338ad10adb6c0dc43c8df15  src/asn/ngap/ASN_NGAP_VolumeTimedReport-Item.h
f493eb4483b24d332a4c8257112a3c71b021be0cb10278f730fd6f4dbb7da554  src/asn/ngap/ASN_NGAP_VolumeTimedReportList.c
878da33d8ae395704b0575717ff73b913ade2b967253aca3b93aef1e63ee5185  src/asn/ngap/ASN_NGAP_VolumeTimedReportList.h
1fa441c9c7b24d6be0a82f146bf22bddf40e9394eb9c8589d5d6c49d947409b1  src/asn/ngap/ASN_NGAP_W-AGF-ID.c
47e485a56c2fe12f80f918aa38772426093ab3cab9fb2d0505272f94f9471ae4  src/asn/ngap/ASN_NGAP_W-AGF-ID.h
73b85cc3d69079c8478b1f447138b6453285e23329f8053ab5eee4ca401f9571  src/asn/ngap/ASN_NGAP_WLANMeasConfig.c
f149794350b70177f700454abb01c06e63096d16c1dd0d40195f234feaaba596  src/asn/ngap/ASN_NGAP_WLANMeasConfig.h
e2fc2bb4c812bdf701ce40b81a65b4d73517a120d207d0954339d93abb40f583  src/asn/ngap/ASN_NGAP_WLANMeasConfigNameItem.c
1e238b2e2129b713fc268f7318071910a923eb5c73f21c4214c1bc946f6b39b4  src/asn/ngap/ASN_NGAP_WLANMeasConfigNameItem.h
29f20b18b2f021980e139558f0b597634827b5013f8f07a03e0dfd3a40392939  src/asn/ngap/ASN_NGAP_WLANMeasConfigNameList.c
7cae0c5effd0293da67aab88d9ca6a6fe1bf0ecc2739bbe7c24a4ada42c6730c  src/asn/ngap/ASN_NGAP_WLANMeasConfigNameList.h
3ecb548c44670221fe6e880d0453042f982d75e46c8f9ff02b337863a463e901  src/asn/ngap/ASN_NGAP_WLANMeasurementConfiguration.c
99daf43e81aa78fe1f1bd11ee29493043b9c6c36d6efa3748b6b881547cae585  src/asn/ngap/ASN_NGAP_WLANMeasurementConfiguration.h
767b214e82ccc5fb437b28531c050874d6f32e1fb8570d182757e729abadaa38  src/asn/ngap/ASN_NGAP_WLANName.c
e8e48dea805bcc6697552b70b22550392aead0e192905dfdcb95577749116763  src/asn/ngap/ASN_NGAP_WLANName.h
bd5052f1cc9b81dedbad91a5224a97010206ccf4cb95c904d6725b221cc63974  src/asn/ngap/ASN_NGAP_WUS-Assistance-Information.c
d7bc0c293e10fdb97e5cb1a921ee63546e5588e697e48cd3903c537f17d6d3be  src/asn/ngap/ASN_NGAP_WUS-Assistance-Information.h
b1053450af8c9790e9465f164505815442586e4130b7854d06168329ffeb91de  src/asn/ngap/ASN_NGAP_WarningAreaCoordinates.c
1ba8220d071a12dcfd8f0c42758d21dde55a6bbd339acc717bd8d514d3098348  src/asn/ngap/ASN_NGAP_WarningAreaCoordinates.h
ea0546a9f6f7858a52b8fec9293aa008a3c146631d7e175433065b765bc0b5b0  src/asn/ngap/ASN_NGAP_WarningAreaList.c
64837b8c977a8b2a7ef14bccc0c9d0bc842dd8b8cf06a6a17ea6cd9d27b7735c  src/asn/ngap/ASN_NGAP_WarningAreaList.h
a7b7c79753beeffdd08a415e5ce7ea1347d8039e3be92b6911b085f08482f9ea  src/asn/ngap/ASN_NGAP_WarningMessageContents.c
352ed1b2827269dc9d29c077d9b8639e413cc146723365d617b7faed2ffad54b  src/asn/ngap/ASN_NGAP_WarningMessageContents.h
cd233637982ddbb57f35880411881c821753decc4b5807418aaa0a7ae73b5e79  src/asn/ngap/ASN_NGAP_WarningSecurityInfo.c
ad4047df8ce6881feb7f6717aa0cfb308b47af5042432fd2be9e2238ad345dc4  src/asn/ngap/ASN_NGAP_WarningSecurityInfo.h
5d3e735fac3486c53fe350a05c884873b1644600849428f6ae2b470f65fc6cf6  src/asn/ngap/ASN_NGAP_WarningType.c
b9edfca1f9fee5358ac82d2ec76527870aba36ce36db59888f860b13a37b46cc  src/asn/ngap/ASN_NGAP_WarningType.h
2f44b964b52b4255ba52ff3bab9978d768e68cfb75377f75e246425579dc8018  src/asn/ngap/ASN_NGAP_WriteReplaceWarningRequest.c
40811d9e27d9129b70c3674bf1670dbd900208021cb3641ce84d3e8850cdfea4  src/asn/ngap/ASN_NGAP_WriteReplaceWarningRequest.h
2559db86a8ac14038b3b02303d90fc1fff8bec6aae6a31a9a54c7bfb91eb7d45  src/asn/ngap/ASN_NGAP_WriteReplaceWarningResponse.c
f41084c8fb65731c1a2a06c486010021ce38b5ecdf62a58624c4823cbe024ca1  src/asn/ngap/ASN_NGAP_WriteReplaceWarningResponse.h
061eaaecb0d7edc0d019d923a518f4b7b5d7725a8b281b4645320685d8f53e62  src/asn/ngap/ASN_NGAP_XnExtTLA-Item.c
9644eca7709d9bcb1d882e906c08fbac870427fdbfa218284ab31fa2eb136f07  src/asn/ngap/ASN_NGAP_XnExtTLA-Item.h
6a7203b8bbfe6eccf059fe7894cef6b301fdb03a269a4f3f6e5b450d4412f069  src/asn/ngap/ASN_NGAP_XnExtTLAs.c
986cf3f2869ae68ab80944b2ad13ecf31831a9d1035ab1750240d7ad4bf0310f  src/asn/ngap/ASN_NGAP_XnExtTLAs.h
d203b877600bfa3acacacd06c34b482f99f59afd520be4b97e0b0049a7776980  src/asn/ngap/ASN_NGAP_XnGTP-TLAs.c
36dae6e9e90d01bf96b72408cc498c40b0198396e57685baa26f9a6662abc047  src/asn/ngap/ASN_NGAP_XnGTP-TLAs.h
8b1624ea3d439d7c8cb7eb1dcc0cd0fc3cd8f8a3c6740a8ef9452b488c5e3a10  src/asn/ngap/ASN_NGAP_XnTLAs.c
c67cba349859431b548b14234c55191660b5fd21001cd1f493ab497a061e2dbd  src/asn/ngap/ASN_NGAP_XnTLAs.h
deee781244807bbfd6003ea92b187dfe1bd7a78ee9069186614084e648984810  src/asn/ngap/ASN_NGAP_XnTNLConfigurationInfo.c
17ee52b9de127bf4ac14fe84ff5568eb1b04cb10eb6645033cbf93352bcc1019  src/asn/ngap/ASN_NGAP_XnTNLConfigurationInfo.h
98487ff04dbf2dd806a3fc84f1ab30e2fae94fea2fbacfab82177ea4bea9096c  src/asn/ngap/ASN_NGAP_asn_constant.h
cafe0913bb307080a76c9bec8e62bbdf3085d6805f0379590bcc8f20962b2f59  src/asn/ngap/CMakeLists.txt
a8b90abf95c23851b06040098bb82df47cd3d0c5298ec874647dc2c4d7c3e55a  src/asn/rrc/ASN_RRC_AMF-Identifier.c
2b6829cb11010a3b7f8f34373298bf4d86b342cd91083ebbed7c399ca7c8194e  src/asn/rrc/ASN_RRC_AMF-Identifier.h
c2ebddd8d5878ddcdb1cb18984199a315bf51785ccb7ecfd9e7ba601c5953c88  src/asn/rrc/ASN_RRC_ARFCN-ValueEUTRA.c
af0d1241621d0b47408ec491b1a85d911afdcb4dc59c67a76610e71fcbdeacf1  src/asn/rrc/ASN_RRC_ARFCN-ValueEUTRA.h
ce2e7e4e5203badf91bff3ccc852caaea44df4635b0b22abb576e663d1f400b1  src/asn/rrc/ASN_RRC_ARFCN-ValueNR.c
e97630679fb63b4f7ffcef0b8ca28807489cc713d4e5722103c56079b2995af5  src/asn/rrc/ASN_RRC_ARFCN-ValueNR.h
92b1b4100b4266ffbfa20da3e32531558ab9b24973aadd6d42d997945846f9ad  src/asn/rrc/ASN_RRC_AS-Config.c
47b3f514d670f49e6c0fe4a59c7ddc7930f02c8f58079a773025fe222ac635ca  src/asn/rrc/ASN_RRC_AS-Config.h
7ccec5393ab11c1daaed96ff1ba6ad3e8bb39fff474a308e9b1d99bc37f309c7  src/asn/rrc/ASN_RRC_AS-Context.c
d41d869773edef0ed7526b839e25271bec6b4de0a5296ff45897423e51d70470  src/asn/rrc/ASN_RRC_AS-Context.h
e26989a6e19d5d8d13996dbee82e9b88e726a690797d021a0498d148f779cd17  src/asn/rrc/ASN_RRC_AccessStratumRelease.c
413cd392acfe09beacac6e09d58e84e4728f9489f97ee7f3cb91b313e84f619c  src/asn/rrc/ASN_RRC_AccessStratumRelease.h
94dd1d095aa60028c4a68c734a26c245fe5d70189aca22755a56493c371f1b36  src/asn/rrc/ASN_RRC_AdditionalSpectrumEmission.c
ac4458db1f3f1937de4769a37bb094ca0687c055f8d91d77e84f7ccc9ef2a7b5  src/asn/rrc/ASN_RRC_AdditionalSpectrumEmission.h
74e742f9b111c25a5c8951daef5e99f5e835a73f95a754cae1ae1e91b6c60d0d  src/asn/rrc/ASN_RRC_AffectedCarrierFreqCombEUTRA.c
72bb5bde72675119bfccd91f0c1417b04d323395f3c1f03f55e2abbe3bb3bba9  src/asn/rrc/ASN_RRC_AffectedCarrierFreqCombEUTRA.h
c425318bfdd4cecee29c4a842b268bf4979de192ac924d413f43ed35d7ec451a  src/asn/rrc/ASN_RRC_AffectedCarrierFreqCombInfoMRDC.c
52f225e98031e6210f43854e122eaa69593e5613266ca2caa2fa4b52cee4b8a8  src/asn/rrc/ASN_RRC_AffectedCarrierFreqCombInfoMRDC.h
a268fca5c79418a596701ec86894d3ea23a7a34b24ad1d63ce1736c7c1c11d1d  src/asn/rrc/ASN_RRC_AffectedCarrierFreqCombNR.c
f69130555ff42e913bb137da68f23baa0629315b4e380cc2393c2ab1567e2200  src/asn/rrc/ASN_RRC_AffectedCarrierFreqCombNR.h
e3b567b7b4792146b8a541b843bda5d488978f4a88e309f137d10e7bc1088e93  src/asn/rrc/ASN_RRC_AggregatedBandwidth.c
1e48b80879d99283fe1f04567e6a793360b8381f949ebc0c41dc8540e75a615b  src/asn/rrc/ASN_RRC_AggregatedBandwidth.h
99f8d3ab62dc5eed1b4db07c6e32651ba147a162380a77eab21f3bb99edec19e  src/asn/rrc/ASN_RRC_Alpha.c
f6d75c06e8bdd58af87b651945ba81588b023c1976132ef7e00ad0c51373d06f  src/asn/rrc/ASN_RRC_Alpha.h
b00fc51633c95e0fc858768cef33cdb41889ef13336d7d197911d6e261005638  src/asn/rrc/ASN_RRC_BCCH-BCH-Message.c
1d48b7f3c2efa59dfb068b206840ef612ab5cb339d48ce5fd9a63ce013ecf0cc  src/asn/rrc/ASN_RRC_BCCH-BCH-Message.h
55ab9fa86a1a650faea63a8b3e3cf34214224f536c5bd75ea1c59c810c2adb4f  src/asn/rrc/ASN_RRC_BCCH-BCH-MessageType.c
b43f5fec2992e3c8dd372fc3c49baa0be24940ff4fdec12844bc96ec2e90b750  src/asn/rrc/ASN_RRC_BCCH-BCH-MessageType.h
2ba6da96911b680c5075fdfdb13a7b984ac5bbcd005d1da141f15f73de81c247  src/asn/rrc/ASN_RRC_BCCH-Config.c
06c569f39912e4972c57d89074b063650b67dd07b4ef5b6ef8b87a4aea0e2cca  src/asn/rrc/ASN_RRC_BCCH-Config.h
84be99bdabba889c45beb7cdd0d25f875fb05677922e964d0bc6f6000a5c56ac  src/asn/rrc/ASN_RRC_BCCH-DL-SCH-Message.c
675d7dfe3564879c398579b8c6c116954f96b6bfe06907c3592d324bd170327b  src/asn/rrc/ASN_RRC_BCCH-DL-SCH-Message.h
8121bdf530bb6bb101aea1533b7cc00c8c56c30cd038b30016114fa968023e81  src/asn/rrc/ASN_RRC_BCCH-DL-SCH-MessageType.c
a1d02b0603a3864defd47204612c67c123a7366724a4383aad57fe2bd8eec2db  src/asn/rrc/ASN_RRC_BCCH-DL-SCH-MessageType.h
622b25a2c71f867dd767995816705c7d292440a80849fb1256bba9251a9f144e  src/asn/rrc/ASN_RRC_BFR-CSIRS-Resource.c
7eaa634d00037ab7370280ab767919a2fa0be27fa1d61213495d63c2ecb0bad5  src/asn/rrc/ASN_RRC_BFR-CSIRS-Resource.h
99b3194bc8a256fbae18e7a3b8e5ce0171ca7170958f44e8a28abb9c42c27b86  src/asn/rrc/ASN_RRC_BFR-SSB-Resource.c
4c20d3f80b0341d27f39a564709ace7fbcb897e8e7bf560dda4c3c7c09fd0f40  src/asn/rrc/ASN_RRC_BFR-SSB-Resource.h
14d0c55b03e98cce955062f7b4405e4bcd556dac44d71c4f333934144d9074ce  src/asn/rrc/ASN_RRC_BSR-Config.c
876fd35cf7eaface2718e4743ba906e7733793c1ca8969c53d331cd46d27e0e0  src/asn/rrc/ASN_RRC_BSR-Config.h
f4db636a3ea6af2c3b33871777bd40deba4ff4f5e9cf1c5e5b1c90bc5f179453  src/asn/rrc/ASN_RRC_BWP-Downlink.c
22f308d4e050c070b41ce10f17d44c7276484b7aebf9f1193983fad9a4a6f264  src/asn/rrc/ASN_RRC_BWP-Downlink.h
404301619842c5a003b83c57ff027b80123f62fa24ee1d9b165771bacb940cba  src/asn/rrc/ASN_RRC_BWP-DownlinkCommon.c
9498249c3bc2bd22836033c608f8b1e217a3eb3a9d2112e1fee862f81e61fd5f  src/asn/rrc/ASN_RRC_BWP-DownlinkCommon.h
2fc03318a0200465c9efc56a577bc1cbb10599b69169d4ce09e6ef5d5b675d12  src/asn/rrc/ASN_RRC_BWP-DownlinkDedicated.c
3631b272423cee6c5629de98c2a315610b5a566b706d5d53781d9f1534e95c73  src/asn/rrc/ASN_RRC_BWP-DownlinkDedicated.h
b8328db56a9c8e143477316eeb96ed597e3d6600b2c0a6ec688e8b72fb983529  src/asn/rrc/ASN_RRC_BWP-Id.c
9329a7ca4275162243734768a972d3cb44b382872c2fbf32353d21779f328977  src/asn/rrc/ASN_RRC_BWP-Id.h
77a4e5b81fb0620f9c0dc5df3aba8d9814de515351a5fb2cc4a6e0d0a8116f01  src/asn/rrc/ASN_RRC_BWP-Uplink.c
eeca12bf2568934757e8126462d8997603759969060300453c924dde25cd0ad9  src/asn/rrc/ASN_RRC_BWP-Uplink.h
e30225c90f9b08914da33ead18d7c04123a7baa97415e248a0acbc6268ede3f1  src/asn/rrc/ASN_RRC_BWP-UplinkCommon.c
0aa92ccaab8c8059d259efaea66cd6baf1f31c2bb82ee4835a2b4e5279773f53  src/asn/rrc/ASN_RRC_BWP-UplinkCommon.h
e265d10db5eb5bda32a61563479f2c0990eab6f505e21c973c492c69d248b5cb  src/asn/rrc/ASN_RRC_BWP-UplinkDedicated.c
4b5f0a3311af43faaef5736c29ab2bf20a62d09cc7ad25635a61cd475a4f8737  src/asn/rrc/ASN_RRC_BWP-UplinkDedicated.h
fb875a10a3638ba281cc78d9ee2ce9177559467ace5339a6441d7942c1ed2b16  src/asn/rrc/ASN_RRC_BWP.c
b168e84fe8eb48feed1a0da89e2e7a2cb92e2261fff13b3369e3c7156df608c3  src/asn/rrc/ASN_RRC_BWP.h
1a5521625c4f9da52a1287147bae3c14a8aebea4ec43bd4aab80eab85ff6dd51  src/asn/rrc/ASN_RRC_BandCombination-v1540.c
147cf7d083244ba5033410605e551a7bd383120008863ba399619f2be5bbf563  src/asn/rrc/ASN_RRC_BandCombination-v1540.h
13017bb5a853b48be90e82808aa5ec84f63b531708145939e23e2c37c9818316  src/asn/rrc/ASN_RRC_BandCombination-v1550.c
9d404379c361487c60aced844abe1c40971fd875abebc9ccf3fc62ea89445802  src/asn/rrc/ASN_RRC_BandCombination-v1550.h
12519924a12bd7018b455ea353aeed648e92b1503515d368f802a58f575ff5b9  src/asn/rrc/ASN_RRC_BandCombination-v1560.c
87320df8de8916976a5547b7ab9b44eb63913a371d8e69d5c45c1f0268f0685f  src/asn/rrc/ASN_RRC_BandCombination-v1560.h
8e91a0c19916859dce5b1b4e1855f35462700b07623400b111b32a1a705706fa  src/asn/rrc/ASN_RRC_BandCombination.c
ae2277467073fbff140f709d9c8db890f039e6ab7f7be96f3801f15bd79c1664  src/asn/rrc/ASN_RRC_BandCombination.h
7c65b55466cf570a16defb199696c2d4e62b26162ecf96b1159a72982e05f066  src/asn/rrc/ASN_RRC_BandCombinationIndex.c
6bd37366aaaadcc80e50405d3e31a2c759fbac6628d379e986876a28065e2029  src/asn/rrc/ASN_RRC_BandCombinationIndex.h
550124cb85de5e043acb9fdd57a6311974bb4edef7a28c42d85ff676292c0c09  src/asn/rrc/ASN_RRC_BandCombinationInfo.c
bc4afe500403ebefc7ea0dbefafc83823944a08bc00f1dcc9893637a998ab123  src/asn/rrc/ASN_RRC_BandCombinationInfo.h
3a550fa1fcf42793f96af74ac9853b660234b77e65cd66be653b8a2768d28ee9  src/asn/rrc/ASN_RRC_BandCombinationInfoList.c
3a9cdf1525ec9e9cb03577b863b9c2aaa300ab33361cbb80e7c3701892392b9a  src/asn/rrc/ASN_RRC_BandCombinationInfoList.h
9d75528a553c3ef6b540b1e9e46be95e89031af17b4eecbc4bc4408e86cad5ef  src/asn/rrc/ASN_RRC_BandCombinationInfoSN.c
9cee43c900e3537872d95323f678efc3b44a2c10d785413d11fe6c4ba6470122  src/asn/rrc/ASN_RRC_BandCombinationInfoSN.h
2a5125a790fe8231211ef58425d858265750c232aa6a0ad4cb1082df9d54a692  src/asn/rrc/ASN_RRC_BandCombinationList-v1540.c
8c94846cab2e18190ccfd8df7d6c3da6dab365b61ec2a0548ab6e07d22c93a6e  src/asn/rrc/ASN_RRC_BandCombinationList-v1540.h
7c7e61b449ae1a40d90efd01bd0a73bede8dcbc7c238f09a7e52f0a21bf619a9  src/asn/rrc/ASN_RRC_BandCombinationList-v1550.c
f8076eef8bfdc1138627c0f7ba6370e759f9d6d1079031c455294b2c9fe6c683  src/asn/rrc/ASN_RRC_BandCombinationList-v1550.h
3c81f387f75f6005ce9553084ef78c3444c2e73c6bc3e8b64a6fb93fda2d3ad1  src/asn/rrc/ASN_RRC_BandCombinationList-v1560.c
ae8cc550dbcbca35134a464707c1cc43c091503b0c9134630ef3915b69fb3a56  src/asn/rrc/ASN_RRC_BandCombinationList-v1560.h
e237e6813e6d7b644243cd98131da1594d1cd1adbd4c264b1368e623763c943c  src/asn/rrc/ASN_RRC_BandCombinationList.c
62bff62d94b458466e32747813a60d0bbd617a82099882d8d11a1e3bd1a420f2  src/asn/rrc/ASN_RRC_BandCombinationList.h
014feea467a02a3a1ef8a40f494e7186374cc56aac3ffc7357a00fdf09501d11  src/asn/rrc/ASN_RRC_BandEntryIndex.c
40c2cb159a192414c898be34f4843573d08efbeeef0f17a40ba2337f9cbce03d  src/asn/rrc/ASN_RRC_BandEntryIndex.h
1f8b5d7d5dadc3ab61392a50ece4af2918f091665872242c2f969de29e91b1eb  src/asn/rrc/ASN_RRC_BandNR.c
c8f5bbb3b1190bf292dd52fefa2d5ed0a4ea584d8cfdd18e10983307a0b24fa4  src/asn/rrc/ASN_RRC_BandNR.h
1e05d6359d5f3a29dc80d843de125ed1f2bc6a32530367907a990338cf21cdee  src/asn/rrc/ASN_RRC_BandParameters-v1540.c
f9ec02150e96b990c4baf749b31056f389137c6c2a856c75a3f201c529f3562a  src/asn/rrc/ASN_RRC_BandParameters-v1540.h
f9b45455bdadcaabc2386a95f42d0e27f7aee56fa13ae08d24253b59aeccca94  src/asn/rrc/ASN_RRC_BandParameters.c
91a6f6c166dfeb55d67d51e6c09fef86a38ca885c2417edfe7a6436d89376f3e  src/asn/rrc/ASN_RRC_BandParameters.h
20f9fe5998ae30966012f8966313ae41d889d2c2a29a36bcfabbefaebba1a45e  src/asn/rrc/ASN_RRC_BeamFailureRecoveryConfig.c
041b60c9a3df43a4d73e6c06226bdca52260c2f7d5ef0d453c2a3c0be33d403b  src/asn/rrc/ASN_RRC_BeamFailureRecoveryConfig.h
d846912cce46fb53cef33dfb3465d403c35b99d02147a124b5ae15749b39d243  src/asn/rrc/ASN_RRC_BeamManagementSSB-CSI-RS.c
e8264ded9c9a0de116e5e8075eee724f948ef5bda2c1720c4ab441b3bf770cee  src/asn/rrc/ASN_RRC_BeamManagementSSB-CSI-RS.h
2912f885f884037b1ff06813d1d57e1a0147d4a3c137131e587479c39c668c61  src/asn/rrc/ASN_RRC_BetaOffsets.c
fda401a4edce65c7d0d7136dd5a212e21d669425c7a963da3306058f0e33ba72  src/asn/rrc/ASN_RRC_BetaOffsets.h
e7e46f78f0cf773d452445f43df4fcba5ec780b8cc1f3cdac3c4bb677cafd995  src/asn/rrc/ASN_RRC_CA-BandwidthClassEUTRA.c
9c54689b6e4054f5a5a1d1b1974ac5824d0a1ae028f6b8a05e35b84e5e81b5bd  src/asn/rrc/ASN_RRC_CA-BandwidthClassEUTRA.h
7961e6bdd44c2ff07e1877927c495d3b1a66dda68fa50ad361361e8673236797  src/asn/rrc/ASN_RRC_CA-BandwidthClassNR.c
47e6290abbacf78cc847ff99fd2c9e98807476da0c3dd848df6930c286809f55  src/asn/rrc/ASN_RRC_CA-BandwidthClassNR.h
af67d488c8c4392a17518e6c5cd2b47f60ca0bff7a99082905120c8b1a5b8c03  src/asn/rrc/ASN_RRC_CA-ParametersEUTRA-v1560.c
17e73dd7d2ae144e42aeaa56c9f12688458fe0a6d09d21659b5fd5a02b5edc7f  src/asn/rrc/ASN_RRC_CA-ParametersEUTRA-v1560.h
469edeae07f1cf0d795346415877db3df67ad74892030080e85f0baafc934c30  src/asn/rrc/ASN_RRC_CA-ParametersEUTRA.c
c90f04ab36f814f63121e0ef42196bc7e193ebc0fa24a40b7c90d13ffc542187  src/asn/rrc/ASN_RRC_CA-ParametersEUTRA.h
4330df67d908422df7782c8fa5a9ceb0074dfe075c09b411c84da3e16176376a  src/asn/rrc/ASN_RRC_CA-ParametersNR-v1540.c
734fd1f814d2a76aa97f6a40496211775e76c591a7af8caf1579f82dcfb7cbf8  src/asn/rrc/ASN_RRC_CA-ParametersNR-v1540.h
d7342b0c6b964a6fcff7de9a10e2abe641dc051a8ae55c9a908cf0dd0893b81a  src/asn/rrc/ASN_RRC_CA-ParametersNR-v1550.c
8ac23c929b8478779ac09fe0a9b1bad14cdc7bf22fc8fba769b5624e430e8593  src/asn/rrc/ASN_RRC_CA-ParametersNR-v1550.h
36e7f68440b832463bcf4394edc62e3d70a25c572d893e2fd03b13e37dbfa7c7  src/asn/rrc/ASN_RRC_CA-ParametersNR-v1560.c
92a3facc817f3c933b92fcc26577601eddcf03ab9b7a50508d27247d7b40576c  src/asn/rrc/ASN_RRC_CA-ParametersNR-v1560.h
107a3302ea2e347da31d3ce206c12f445ebfba5eda61dee1f6792f99350038ee  src/asn/rrc/ASN_RRC_CA-ParametersNR.c
8f61c7ea3861c93569d7baba2be351fbe84772b911e35d6fa370ecc02c0f061e  src/asn/rrc/ASN_RRC_CA-ParametersNR.h
510099c07fe2d12ab475398ad7fdfe87767a1b37eec998430bd30632e5d59a0f  src/asn/rrc/ASN_RRC_CA-ParametersNRDC.c
0146b245884f4665719093eff27a72baff444d48d6614ad722e8fdfae4426963  src/asn/rrc/ASN_RRC_CA-ParametersNRDC.h
a4050990b471e267d31da02336ca2759c5b048ee65cfaad5de2cd0dd3e784f6c  src/asn/rrc/ASN_RRC_CFRA-CSIRS-Resource.c
8b53a246d9adca1a551cecc584c0955ff319c81bb8822a60cb0a5d681e1a7cdb  src/asn/rrc/ASN_RRC_CFRA-CSIRS-Resource.h
c1864084b7e0493ad932ad8ae8e3378a2c9e8aa116a0540c168cc265cb416450  src/asn/rrc/ASN_RRC_CFRA-SSB-Resource.c
7a0f62bb996d94a87dcf0581d7111854c16549a1cc437d8be253d158775c229f  src/asn/rrc/ASN_RRC_CFRA-SSB-Resource.h
05cde1446b5cf7db63238ebc4aeb9ef41d61ac1930025405ae4a8aa7c72f1d00  src/asn/rrc/ASN_RRC_CFRA.c
ca46d3279a03dbd0aa4288684766e49891f670b85da81d80a8881b3a8a7ab3bd  src/asn/rrc/ASN_RRC_CFRA.h
bd8d6195623970084c7d1b66d4b4302a051cf9226a4d4d74216b2aaeeb5330f0  src/asn/rrc/ASN_RRC_CG-Config-IEs.c
d14aed560415d2e12b39697d145d13a25372c6eb9747f79adc29a97ef48bede6  src/asn/rrc/ASN_RRC_CG-Config-IEs.h
a90ec5ce5bc7f0eca308d79383afc73f71f183aaefea9f253bd209d00b434af9  src/asn/rrc/ASN_RRC_CG-Config-v1540-IEs.c
a7ec420202782221c8af1f6dcbc9337c3f0c52679bd22e5d8f39d585fafc4627  src/asn/rrc/ASN_RRC_CG-Config-v1540-IEs.h
c69989791986eea47f72408ab63bbb695efb0f3cb2c729b1c0463580676ced72  src/asn/rrc/ASN_RRC_CG-Config-v1560-IEs.c
1431c4a147f231d815c7016d03c8b8719b7869e5140390a4d060d83fdd9857a4  src/asn/rrc/ASN_RRC_CG-Config-v1560-IEs.h
42aa990d881841d69ac73bf27eca09cebad828805e47061bf199e6a733f6db2a  src/asn/rrc/ASN_RRC_CG-Config.c
4321ca7dce0e265bc8efc9a4ef3038200081a881417047106a77ecb203de7956  src/asn/rrc/ASN_RRC_CG-Config.h
fd129f8efe2eac281220079c65894dbfb88969af97de7fc1916b82966a6ea563  src/asn/rrc/ASN_RRC_CG-ConfigInfo-IEs.c
615497196938b94ed1811eefce7bbe167b332f56557e13fb95cfd5d5041cbdcb  src/asn/rrc/ASN_RRC_CG-ConfigInfo-IEs.h
61f7837c8fe1214d0e72e17914b309f9cfa27462974b09a396b39c30ab70ae28  src/asn/rrc/ASN_RRC_CG-ConfigInfo-v1540-IEs.c
5f3c1d8e1ce5e9707d1db00526fb021c9dfe92650a72deea54fb4b7304bc54b0  src/asn/rrc/ASN_RRC_CG-ConfigInfo-v1540-IEs.h
c720c0a4461c6d01a730d098700545d7b883c47a18ddefdbed5c255b7bc0885b  src/asn/rrc/ASN_RRC_CG-ConfigInfo-v1560-IEs.c
f07ca958e5ba61a0edce114c12d9c8f02068feae8494b8f8ae7aba6b1b08f1cd  src/asn/rrc/ASN_RRC_CG-ConfigInfo-v1560-IEs.h
d8168716918aa0b6b5a571caab2748cabc4329ce3489b23cba9f19202fa301b3  src/asn/rrc/ASN_RRC_CG-ConfigInfo.c
e1b8d6ee1511c7035c51e4b8a0255d4ea91424232d90f007c58cfe7e5e9fd4f3  src/asn/rrc/ASN_RRC_CG-ConfigInfo.h
e04c1921e5e3e2795518f327c2bcdd18528992bd7aad3a4fded19e17ebee7a90  src/asn/rrc/ASN_RRC_CG-UCI-OnPUSCH.c
191397a36313ab6aab85fad03d45ef671d8ec6ba126d28649e91c3d0c52c0a2f  src/asn/rrc/ASN_RRC_CG-UCI-OnPUSCH.h
a4b5b2e3de3014097f062d268a480fc5c7caacc7f811a5d994e74c46fa72f2e9  src/asn/rrc/ASN_RRC_CGI-InfoEUTRA.c
a4e58e7854c2583de6d4ebb2535a683610ae96d53ada147d22bee7655e67a1f7  src/asn/rrc/ASN_RRC_CGI-InfoEUTRA.h
b83850001b2a9f5e16560a22176cbd3a17d542c0e4d7a3f84a1339c5faaea818  src/asn/rrc/ASN_RRC_CGI-InfoNR.c
4cad0f8b1e53056ea56c2f0f79f6e25bc253f43eecf1842c1ca4ef85c430981a  src/asn/rrc/ASN_RRC_CGI-InfoNR.h
3f38bd14f28a1e9abaed70a866fb5555d7ebb0904ed7148a06a0c116255dbfad  src/asn/rrc/ASN_RRC_CSI-AperiodicTriggerState.c
cc730892d724eafe3f1f89ace27aaed22f2dafd0dec573a4e1782e48e21d38bf  src/asn/rrc/ASN_RRC_CSI-AperiodicTriggerState.h
4fc73fbd7cb9e598c1bee09b9245b6647e8addabd6cfd47b20d58170e422cd1e  src/asn/rrc/ASN_RRC_CSI-AperiodicTriggerStateList.c
432c02c0144ea9ff86bf898e0039e66945f440772337178d1ddf26eb981c0823  src/asn/rrc/ASN_RRC_CSI-AperiodicTriggerStateList.h
e4226c0ad62d3d863ad7c7e8c33a3073d933df129ea0af5fd2f892864b0455b1  src/asn/rrc/ASN_RRC_CSI-AssociatedReportConfigInfo.c
2ff09f0d2f37ad40ef826957a8fcd6ead27323c2bfc7a1bc8a46c5ffc09d4abf  src/asn/rrc/ASN_RRC_CSI-AssociatedReportConfigInfo.h
ed7f9bc2f41db12d49557766e1537a332a7c10add47783c8398a7d750f86d8c1  src/asn/rrc/ASN_RRC_CSI-FrequencyOccupation.c
389b081c9a5a15297d812f637710032164c030a540dd7a3f71d631e38b83562d  src/asn/rrc/ASN_RRC_CSI-FrequencyOccupation.h
94a789416043cd53db98f838393c9ed0b7ecf56d032ed4ac29b5c8b97de3b305  src/asn/rrc/ASN_RRC_CSI-IM-Resource.c
a0d359a64e6b51c60e6ef5096b69720498bb2cfc9ea0e50f6692b769236e1448  src/asn/rrc/ASN_RRC_CSI-IM-Resource.h
d4fa2a1aa03f17d896e1c1b40df3112fcbb2b40fd3d891bd8179fcb2d1513b87  src/asn/rrc/ASN_RRC_CSI-IM-ResourceId.c
da5615e530e1072d9e71c569913fa7f44492c914c338b2cab5900d35cce87c08  src/asn/rrc/ASN_RRC_CSI-IM-ResourceId.h
a8ec4db5926e6c1d684e98e6fb27b510bb41a5af077e73abf575d591c4b1221b  src/asn/rrc/ASN_RRC_CSI-IM-ResourceSet.c
8dbac19630e6b56483b9f00456c1ca5c40d82f535a5d83edf88a54a5893fb42b  src/asn/rrc/ASN_RRC_CSI-IM-ResourceSet.h
e03deac32a2bc77e80249d13250cbb6e1aed71c4f57b3ee739480a8352dac1a6  src/asn/rrc/ASN_RRC_CSI-IM-ResourceSetId.c
5925a505fa7f45141de9f387e0c94f1871c8850e36f0e6c985240bf4ecde7570  src/asn/rrc/ASN_RRC_CSI-IM-ResourceSetId.h
93df12242833f8205c5d2561dc6f2925ced82185f77ba2d382cae430b4078d0c  src/asn/rrc/ASN_RRC_CSI-MeasConfig.c
4e0a23097aedbdbdadc9ecd8ac8d480d7a22ca974b8a36f7f122cde2f990c5be  src/asn/rrc/ASN_RRC_CSI-MeasConfig.h
ad330a9d7d9aa54d6e7b3b3131a217432d98128cb8867c6c081f6084b8dae647  src/asn/rrc/ASN_RRC_CSI-RS-CellMobility.c
32f1f920eb0bcd4f40bd5291b88d6eba4b36bd9fec8d785458ed07f4a2773645  src/asn/rrc/ASN_RRC_CSI-RS-CellMobility.h
3cec6a3b9a3dc245806898bf65a1c17b80e794786b6d538960044078558d27c4  src/asn/rrc/ASN_RRC_CSI-RS-ForTracking.c
54f1e7b278a124de185dc664799f8c4f6a2241d2baeaffae7af91efed088699b  src/asn/rrc/ASN_RRC_CSI-RS-ForTracking.h
640da63eae3261b6a3711072049f0f33732033ffe7478a05646ec77e3201b6fc  src/asn/rrc/ASN_RRC_CSI-RS-IM-ReceptionForFeedback.c
dc877b6db9ccc3f3caadc8f37f9981d0d50edd91cbf6fac4099120a098497f7c  src/asn/rrc/ASN_RRC_CSI-RS-IM-ReceptionForFeedback.h
4a6c60373b93876d25e4e3c334fa9173e47f2c1a46f49b708ee6180f83bea218  src/asn/rrc/ASN_RRC_CSI-RS-Index.c
390536502a2c4eef5d7d19fd45183eac5a44f950339df5b3383a6bb4aaa1e0ef  src/asn/rrc/ASN_RRC_CSI-RS-Index.h
e32351486ef8f354a1d3790f1ab25e15820621de308c582946ca8776c9a2485b  src/asn/rrc/ASN_RRC_CSI-RS-ProcFrameworkForSRS.c
0091b60dd8e68f4b083bbc279c81b79ab9c698c977b317d7983bb4d8df6ef866  src/asn/rrc/ASN_RRC_CSI-RS-ProcFrameworkForSRS.h
f312ed1713417f60597c877544d6a7721fbd4a0011030384854d643d6e603d1a  src/asn/rrc/ASN_RRC_CSI-RS-Resource-Mobility.c
fa12fae942869617b5c5a85a56fd18566d3fb3464ac16afccfc5ce4a7e431f70  src/asn/rrc/ASN_RRC_CSI-RS-Resource-Mobility.h
a3e60e7cd35877028f6994ee9cf17aa8b66881c9de05d7567a0230350ac5d4b0  src/asn/rrc/ASN_RRC_CSI-RS-ResourceConfigMobility.c
50f67866037b4a074e8c2630a0a1954af78171a3bf92b426a3fca739bc946a57  src/asn/rrc/ASN_RRC_CSI-RS-ResourceConfigMobility.h
3085f0ac011b9dbc545e206199af80e0b0884c07203977e4d2cf76de8a4d8d2a  src/asn/rrc/ASN_RRC_CSI-RS-ResourceMapping.c
34ab4a6c53c61349d20055418d3a86a3538616219272b5e15f90e81825a2c863  src/asn/rrc/ASN_RRC_CSI-RS-ResourceMapping.h
08afbbc8d7e992ffb8d3a0452c6d98f10dc7967936b20b8386e9f7b3f3949128  src/asn/rrc/ASN_RRC_CSI-ReportConfig.c
18304a401935d4a0a54296371796935ce1b210940274c45ec479fcefd9f6f3c7  src/asn/rrc/ASN_RRC_CSI-ReportConfig.h
b7e9438e59c9e5172fe5bc62ffd5452d447661047c9ca317a5a52f665f4348a7  src/asn/rrc/ASN_RRC_CSI-ReportConfigId.c
b6db18f3860ff453de75e3b51bdf8472a540c42727def3ced943ec7b98f9f780  src/asn/rrc/ASN_RRC_CSI-ReportConfigId.h
d6052cab69f66266c8742a9e3d606b6c2ce6cff81d3d70ae197e0777415a618b  src/asn/rrc/ASN_RRC_CSI-ReportFramework.c
c2eb5ff91bf0ca0fc10cc831a105b15c07d034d0b9cd5f60d8a9e68eca7a114d  src/asn/rrc/ASN_RRC_CSI-ReportFramework.h
7b3309e914ec0e6cbe554fc9a6f543aaa6f7b12803419db1dd5bba2b1dad1944  src/asn/rrc/ASN_RRC_CSI-ReportPeriodicityAndOffset.c
7c9ab06552774f92024f150d6f382f6e2088cbe60e0e13192b1e1b71170fd84e  src/asn/rrc/ASN_RRC_CSI-ReportPeriodicityAndOffset.h
5652df4934031393389ac3180b61db514e7064575b5156ca67d8cfb40385f749  src/asn/rrc/ASN_RRC_CSI-ResourceConfig.c
d4f0f336d9969fc2f221fb7434d4699db9aefcd6ef284dca5a2d04d0903042c0  src/asn/rrc/ASN_RRC_CSI-ResourceConfig.h
ec212af29dccd79e7ec78f8921809f5f51a165901cb21b1adef52b4dab04e21d  src/asn/rrc/ASN_RRC_CSI-ResourceConfigId.c
72d289891b8cc22e5454ebf594b55eafbc36c2841ac9243260db9844ea8d9e02  src/asn/rrc/ASN_RRC_CSI-ResourceConfigId.h
da6135856f0d7411b5bcc3f7c59d48c0205be15910dd1c8ea17234e166132534  src/asn/rrc/ASN_RRC_CSI-ResourcePeriodicityAndOffset.c
f03efcf151ff9a168acad8339e032addac086401f489353f7abce4e7c695c2a2  src/asn/rrc/ASN_RRC_CSI-ResourcePeriodicityAndOffset.h
604c440c3da2e72ac83bdbb8f16823715c859c9215e22ee17a52dbc719eab1af  src/asn/rrc/ASN_RRC_CSI-SSB-ResourceSet.c
a971ae1f827f20712c6fc72ee2bc3c5d8cf99c1f7cdb83e8c3107ee8720715ba  src/asn/rrc/ASN_RRC_CSI-SSB-ResourceSet.h
205a62b98cbec83fc68e29d0f49d32c3f2a56d5abcb261fd4fd9433b41181ec0  src/asn/rrc/ASN_RRC_CSI-SSB-ResourceSetId.c
68cbb18575068c5ea2c4d8007993c5c726edf51878b35ba3c75cd96da1ada48e  src/asn/rrc/ASN_RRC_CSI-SSB-ResourceSetId.h
d521103e82889b0babb8faf8bbdc5971df266fe62e6530e902e5e978546ab437  src/asn/rrc/ASN_RRC_CSI-SemiPersistentOnPUSCH-TriggerState.c
e11dead2c0f06bbe1e0baf81717e2af60b65fb0492193299822d6d1bf2b70e5e  src/asn/rrc/ASN_RRC_CSI-SemiPersistentOnPUSCH-TriggerState.h
f22919eff2d4864039a4910dcf8bcb3e7a7a6c62b4e0cafd0fb81fbdb89222b7  src/asn/rrc/ASN_RRC_CSI-SemiPersistentOnPUSCH-TriggerStateList.c
04a10e1f2b305aeabe7eb41ea327f79437dbd8c3889343e01b1bd7248c61e993  src/asn/rrc/ASN_RRC_CSI-SemiPersistentOnPUSCH-TriggerStateList.h
97600b0c400d3e8364a115604cdcaa652daf1658c99801ee623842513b4fc376  src/asn/rrc/ASN_RRC_CandidateServingFreqListEUTRA.c
83944fb68d815b9d09fe79b3ced2641714b30737e423f7cfc5c5e9fe58631687  src/asn/rrc/ASN_RRC_CandidateServingFreqListEUTRA.h
1e2fe2a8401ba12debf19c0c06a46af64671bc04b22e5c021421b1b975b5b33c  src/asn/rrc/ASN_RRC_CandidateServingFreqListNR.c
5a2710a0d29649e93e516d99b06eea0794718e8d504b3c48782a0eddab00222d  src/asn/rrc/ASN_RRC_CandidateServingFreqListNR.h
407c47e78e5c4e015d46dd65df9f34371de9d9510f463c2d23901afda2501604  src/asn/rrc/ASN_RRC_CarrierFreqEUTRA.c
146f00f9ced0af574e8e7461bc55d022ddda7d26f5d0e92559bb360096afdba1  src/asn/rrc/ASN_RRC_CarrierFreqEUTRA.h
dfdb26629a1625ba1474db45f930e2267a038dc94c8e28049737552a33fbedc9  src/asn/rrc/ASN_RRC_CarrierFreqListEUTRA.c
f992ae15384d4a6ee3a924f6bc4dadfe07d6c33794778e839aa53ecee0c49d54  src/asn/rrc/ASN_RRC_CarrierFreqListEUTRA.h
955c2ce2170302508b58ec85ce060ed3aa1ecca5a88e941b9d4c3d33e3f19069  src/asn/rrc/ASN_RRC_CarrierInfoNR.c
7ba914e87a65fa8e6fa3569a753674ce9e3748e7ea46aa4f2eea409b569104ee  src/asn/rrc/ASN_RRC_CarrierInfoNR.h
981e44cdf26b93568a7c5db94b55be1b8b95c16a3141b00f4149473c02705e39  src/asn/rrc/ASN_RRC_CellAccessRelatedInfo-EUTRA-5GC.c
185d9fd3aac1e451537ae67074b6b5bff1d7f04f5908c8f58ccf2d18f4642668  src/asn/rrc/ASN_RRC_CellAccessRelatedInfo-EUTRA-5GC.h
b850895db6de6b8171e1689b23c26aae0b78a139cf61b8339bfce5187560e9e6  src/asn/rrc/ASN_RRC_CellAccessRelatedInfo-EUTRA-EPC.c
a99bcffab6ac1ecc4e2e9775804b39e75b30b50b14db8d1108026898c4a64698  src/asn/rrc/ASN_RRC_CellAccessRelatedInfo-EUTRA-EPC.h
56d546953464b961a614659433315817d53069e45387cb22eb70e202c999fba0  src/asn/rrc/ASN_RRC_CellAccessRelatedInfo.c
0e5ec510b2508362d517929ded4234ca45b99c50032674f979ab4a385517cf5d  src/asn/rrc/ASN_RRC_CellAccessRelatedInfo.h
d5dd276690453676c9507a539d9154f987493a7cb28acc56bf87d10d0d4bd839  src/asn/rrc/ASN_RRC_CellGroupConfig.c
ca6816993cbec3b11709e5636a3e695fc951fb76066736bad9e66a299b952abd  src/asn/rrc/ASN_RRC_CellGroupConfig.h
351f7f283b15e08f17c6eaa80c306a97e5870e17446733724c131e62eb657eb0  src/asn/rrc/ASN_RRC_CellGroupId.c
6962305531f32cd0987be70a451a0fed3f3053b27696a158026556cb96dfe842  src/asn/rrc/ASN_RRC_CellGroupId.h
cdae604afcf7d25676f6b41b6ebc5853a3a2471f3fec0d59341de53a4bb038be  src/asn/rrc/ASN_RRC_CellIdentity-EUTRA-5GC.c
b2c8d597fa084067012c85f8efdb6bd7fbf75b314c1593b74b0ed0518c1b5841  src/asn/rrc/ASN_RRC_CellIdentity-EUTRA-5GC.h
3bf6e3bc663c8cb15dfb4cf5ce584b09a2145fd49f0c06848bce46ad870ae3f8  src/asn/rrc/ASN_RRC_CellIdentity.c
fd78462a7a7ff60e82436c093dfeae1bb2386a57a36064519abbe406cf97bef5  src/asn/rrc/ASN_RRC_CellIdentity.h
f890b46b757af8ba3a11b00884b39a7a838b5e7b0e83ebff3f96924737f451f1  src/asn/rrc/ASN_RRC_CellReselectionPriorities.c
3297dec0cc3b290fe25b7cfc43793a977c838ea940ca44375d980e774abae02a  src/asn/rrc/ASN_RRC_CellReselectionPriorities.h
20700fe436c1ac1c8536a868068a3d0c0ed88247d89aad40f29ee7e0e90de4e9  src/asn/rrc/ASN_RRC_CellReselectionPriority.c
d7e2443fd1fdf8d50a1b6b6ef41c4a7aa7cd8763e12f3b45d2ac1f32f4960ed8  src/asn/rrc/ASN_RRC_CellReselectionPriority.h
d70b7d9776bf37c2c87cc7cec2ed739de603cd428824bd9bd68cbd8027759db5  src/asn/rrc/ASN_RRC_CellReselectionSubPriority.c
98c7205082cea047db3f8e9458fe310f8d221f2e1aeb77eea5c144db836d9f6f  src/asn/rrc/ASN_RRC_CellReselectionSubPriority.h
4c77a7d60c47782ea478f1f9c40d743d949902e1bce9d4106c17a3e8d0c1646e  src/asn/rrc/ASN_RRC_CellsToAddMod.c
2ff93d00c9b882bed1f8f4f12513d57c70af7b05b0714264def07e808a3bac87  src/asn/rrc/ASN_RRC_CellsToAddMod.h
3c16d4ee240e0ef7aae41446f7b0b04fd33fc658debe9a3aba14449ef28dcdd3  src/asn/rrc/ASN_RRC_CellsToAddModList.c
44d0e20fe8f02d0a9d7adf62100cd5eca1467f5165eb73918905561612b2bf2b  src/asn/rrc/ASN_RRC_CellsToAddModList.h
b02f69f79a465c051deff9dd2eeda5afcc85a93d8a8ccf1e9b276e09a79f385a  src/asn/rrc/ASN_RRC_CellsTriggeredList.c
687854e24385ddfdcc411fa7cb1c37261544ce2d78c1294b2a7c0bd9b1439f3d  src/asn/rrc/ASN_RRC_CellsTriggeredList.h
c33ba5f365332e199b70605509b1647c6e8528ded1518bcaeb9c75f9ba39f205  src/asn/rrc/ASN_RRC_CipheringAlgorithm.c
0498333dd2ecb8560a12e44910c33e62c2bb9239f7c0738e648ec7e7004392d3  src/asn/rrc/ASN_RRC_CipheringAlgorithm.h
1553219e8a5f216cfd352121e5ec36126bee4da82c7e4b4bf4465f1eb4ec955e  src/asn/rrc/ASN_RRC_CodebookConfig.c
57993a4d3f76115a03b7e2ca2308b27de02a9a8109d81339cbe56326134fe342  src/asn/rrc/ASN_RRC_CodebookConfig.h
b549fda6990507a0c93da355448deb5a012a2c31f27a64834d7c623d21bb82c2  src/asn/rrc/ASN_RRC_CodebookParameters.c
1223b0522dd2563e87c3f3ef3855179bd3f622b74f604bfea99ab5bfd7230987  src/asn/rrc/ASN_RRC_CodebookParameters.h
6854bcdbeb7e7a284812d959de288773e54bdcd766642b9b79b8383626bff312  src/asn/rrc/ASN_RRC_ConfigRestrictInfoSCG.c
e33f058b922bbe3de1e7f72aadbec6456a43b28604572b71f446d4acd716906f  src/asn/rrc/ASN_RRC_ConfigRestrictInfoSCG.h
4fe6405ecd79db38f8d1d9b454bf093de4c82f7bf97af2ce2c211256796a0b60  src/asn/rrc/ASN_RRC_ConfigRestrictModReqSCG.c
2eb6a637e1559abcb8ce1456a09d879d2da710818354f9df8ba676431037328b  src/asn/rrc/ASN_RRC_ConfigRestrictModReqSCG.h
901eac9134337320ddb0e584f9bc10cd642dd385d5f2c2926be39aa0b8f44f8e  src/asn/rrc/ASN_RRC_ConfiguredGrantConfig.c
b7ff62491ba9ebd1975f16434c8a1e4278002ffaf807a7c88fad7bf67692cebf  src/asn/rrc/ASN_RRC_ConfiguredGrantConfig.h
ca3a65767d3f68b4f8b2c0198e7ed787b79621874054b2261cd149fef697ca17  src/asn/rrc/ASN_RRC_ConnEstFailureControl.c
e4e3ba9938cd9e451e5038259031789409948cd3a359ecd7e9020b8207540e47  src/asn/rrc/ASN_RRC_ConnEstFailureControl.h
26e6304dc5649bb779adef399c313c625cc79b1cf2421a5800d9300506b7f7cb  src/asn/rrc/ASN_RRC_ControlResourceSet.c
59692d1becac7b02caf4101426a6e5c2684b2131aaadf6e8d3ce530d653e16b4  src/asn/rrc/ASN_RRC_ControlResourceSet.h
e52e464d3d356b35e65a7c0b60deaecc873921a80869b40b1836cbfe3aff9985  src/asn/rrc/ASN_RRC_ControlResourceSetId.c
8d8bc51ea5a8d7119b5021c0385aacc0b73fd698c876a3440596dc94f5918b30  src/asn/rrc/ASN_RRC_ControlResourceSetId.h
1b921dc74bd3427deb211ba3ecc2d0d0970e7032e54ea4da912817e88229fb38  src/asn/rrc/ASN_RRC_ControlResourceSetZero.c
477352d741d21ada14364150c4790be1ca12bae41004ea812c18d535052ddd25  src/asn/rrc/ASN_RRC_ControlResourceSetZero.h
2e04f9dbcc7b0146fce7122374830a066c82933e6bcccd89fcb975cf2038393d  src/asn/rrc/ASN_RRC_CounterCheck-IEs.c
bf9586faa65eda0fd58e13595fcc756ce5afc6fe998d96d7f2aa521924b71dfc  src/asn/rrc/ASN_RRC_CounterCheck-IEs.h
56bceecb0bddeb93c0a487213afdffad2a07798e2dcea0c2040a9dce9db55e50  src/asn/rrc/ASN_RRC_CounterCheck.c
40f63d274bf55e6b37689be82798f01d0769f52fdc30956cbce9d9c80deffa71  src/asn/rrc/ASN_RRC_CounterCheck.h
d547a9779d5375ceb76f49079d0bb338dfb69fae6d6ba9a0af76c1dcf951962d  src/asn/rrc/ASN_RRC_CounterCheckResponse-IEs.c
db3ff6e01e2230c225f516f4db1b40c2203d0bf7bee98249e142da62509a9151  src/asn/rrc/ASN_RRC_CounterCheckResponse-IEs.h
f202b83adf48ec5cbd9d34672e15252c2ed404db96ee300cf3bb9702c2805222  src/asn/rrc/ASN_RRC_CounterCheckResponse.c
e219d6bce12673e765b2b234c6fc1e151fb0520b1a4b490d917bfd1e7bc43a79  src/asn/rrc/ASN_RRC_CounterCheckResponse.h
382c195c006c30dd4a8af4aa5923b18b3323fc423dc4ceda8252e5cff89007c2  src/asn/rrc/ASN_RRC_CrossCarrierSchedulingConfig.c
8eaffda7993cb9c3c3fac2b46ed0b17f7aef5bd0fba35a0fe214bf797d83fa00  src/asn/rrc/ASN_RRC_CrossCarrierSchedulingConfig.h
e65f6023a2a2a7d68c37f2f121f116232f77e24c06c2aa09b89577e7caf9a542  src/asn/rrc/ASN_RRC_DL-AM-RLC.c
ed9e1362287de48465b4612e514eaef10adf3c349a6140114622cb7e570e239e  src/asn/rrc/ASN_RRC_DL-AM-RLC.h
51dcb2246012be577fff9dc273a16b1c0fb2fba28d86c8a6ee9a944ef88101d1  src/asn/rrc/ASN_RRC_DL-CCCH-Message.c
fe16f3e9587f7ab8d158ebbc54b42b07e022abe96824f82e8c8e7adc02705a90  src/asn/rrc/ASN_RRC_DL-CCCH-Message.h
0ad48eeb0afd862b51511a042e1b79e217499dc470ac7d2905454722bb5d1294  src/asn/rrc/ASN_RRC_DL-CCCH-MessageType.c
225c2e603fd6054e58a145821e80d862f166de4a0cd1dd80788106c25b03fa2b  src/asn/rrc/ASN_RRC_DL-CCCH-MessageType.h
614245afc674b1d57e076af26cc97cedf37d5b89f0c9a3c9e51f023a88a9a428  src/asn/rrc/ASN_RRC_DL-DCCH-Message.c
b53fb54e80b36484eb056328183e7ebd20efd6bfdfaebcb27c69e27f3b66978b  src/asn/rrc/ASN_RRC_DL-DCCH-Message.h
a2d4372b4fb53790e9fcd2e55ac66d7d17849c4124b3484c0a18f3df9482dca8  src/asn/rrc/ASN_RRC_DL-DCCH-MessageType.c
958dc7ec1af462a9e5a1b0e3fa620e587a2fba69ffc5a719756e0cb79ce0dde8  src/asn/rrc/ASN_RRC_DL-DCCH-MessageType.h
35eb7f1ee54b3be67dc2c3457208efe2ae988a5aead02d687e5036656f5447f6  src/asn/rrc/ASN_RRC_DL-UM-RLC.c
4f188ebdb4dee5815fdb5f6f7dfd795b437411728d458e7cc20a91e35b96c9a5  src/asn/rrc/ASN_RRC_DL-UM-RLC.h
1e686a1f38648243a708e9a0a4b3d74eefbd664ee64934ccef7e9e3961f92967  src/asn/rrc/ASN_RRC_DLInformationTransfer-IEs.c
3b90be98fe408ec58f8f6a99393d31ced8b5702baface4a2f693c55fe9e601a3  src/asn/rrc/ASN_RRC_DLInformationTransfer-IEs.h
1d924a88cf575b663e20f96fb18eb30910695180b574749162402a260175b44b  src/asn/rrc/ASN_RRC_DLInformationTransfer.c
4b03ab7fc67aef88585f8aca4601b091dfd9d5f0247225f4cd385bf2fb72b2a7  src/asn/rrc/ASN_RRC_DLInformationTransfer.h
2e840d43f68f3c8e80ef60ad96e852eeed3c4f975e114caea9560245a30fd7cb  src/asn/rrc/ASN_RRC_DMRS-DownlinkConfig.c
8238d46967995a293720a356abcab8ce9083f3aabcefdee7971fa0d9ff617660  src/asn/rrc/ASN_RRC_DMRS-DownlinkConfig.h
9995283726cce8f6f794b181a282f1cb3ae4413ea80c13f0dfb85b3794ec59d6  src/asn/rrc/ASN_RRC_DMRS-UplinkConfig.c
cbaeec9c9747b72f579470a1f42093322b78436c1513d1b01a2ec1703de70f0c  src/asn/rrc/ASN_RRC_DMRS-UplinkConfig.h
413d3ba6a78555e59effe7ccd772846921264878e0217224d45174052328c055  src/asn/rrc/ASN_RRC_DRB-CountInfo.c
c2d9384b5301714c92620c17551c346e4ccfb01c0d1e5fe00769d64bb45d32c9  src/asn/rrc/ASN_RRC_DRB-CountInfo.h
7f55e740cbfdf1a3044c237222b85928124e5cd02812d9b8007c8703d7cb35f4  src/asn/rrc/ASN_RRC_DRB-CountInfoList.c
916cd0876270c7d2824eba4666dd6b46557c926c0a1f655f1cd60320500ef743  src/asn/rrc/ASN_RRC_DRB-CountInfoList.h
158007f4fe4735c6d64af71b1c77258150a6cd0984d495bb728829b8faf0b890  src/asn/rrc/ASN_RRC_DRB-CountMSB-Info.c
0710fd9af1e5956a6367b3e8ea35bdbd1ac8748319895b1d61cdd5304aecd71f  src/asn/rrc/ASN_RRC_DRB-CountMSB-Info.h
c4cee27e142eeb88b636a8c156bfc8e487af87ad13bbb2bb7a3a9043d8fd4848  src/asn/rrc/ASN_RRC_DRB-CountMSB-InfoList.c
f89ad19aa873589e4aa684ce429872d672bab4538d50d34a30b5c870a4b92814  src/asn/rrc/ASN_RRC_DRB-CountMSB-InfoList.h
e154320fb46cabd6bcfaa5b2b3d2c8cb16b1103bcf7d5dcc7232a91ec38aaeaa  src/asn/rrc/ASN_RRC_DRB-Identity.c
98cbfc0989d2cefa904d85273b1f750e52ac668dbb473f9b40fabb68d4ca719e  src/asn/rrc/ASN_RRC_DRB-Identity.h
8a815e73d387f29869e2bbe88de078e7367580c3f0812ec99bb2b015c04129a4  src/asn/rrc/ASN_RRC_DRB-ToAddMod.c
03d0f72ce61804feb327933d46f2b5dc0a5d8dc6e5ab5f44234cca20b9814f56  src/asn/rrc/ASN_RRC_DRB-ToAddMod.h
41f04f15e21b84560e4645df5622b9ca30a4453f462091898e87e098e439af92  src/asn/rrc/ASN_RRC_DRB-ToAddModList.c
d69217b537823b56a41d6038975b6c0cd6917c677b1d502c7f923b94379a2c9c  src/asn/rrc/ASN_RRC_DRB-ToAddModList.h
a96c766ebdf07604849d2675202431eb11092c7bc002428914cd668eda54c477  src/asn/rrc/ASN_RRC_DRB-ToReleaseList.c
ef412cbebbe3787c52282fcc65fa5645147df94d124cd72a07a9638ec9881e92  src/asn/rrc/ASN_RRC_DRB-ToReleaseList.h
6ef1bf165f738ac3f320d3ed34c17ca762bd937baf6368b0084399858d05cd1e  src/asn/rrc/ASN_RRC_DRX-Config.c
83be1a0fa533216c3bebdfbbc8a0c47bbb16ffb1977c34fc117eb34fdeadfacb  src/asn/rrc/ASN_RRC_DRX-Config.h
14234b9bb0f1499a9a5d0083db02c9a18991903de348a6787287670b0bbbb452  src/asn/rrc/ASN_RRC_DRX-Info.c
c723598f3771a0e4a9cf93bc899b37f1676da711bd8c508ee8c18b6281094ec0  src/asn/rrc/ASN_RRC_DRX-Info.h
719020856a8d3f22897c34997d73474319d63c947592d22b32c998e31dec7b45  src/asn/rrc/ASN_RRC_DataInactivityTimer.c
80d9e5694feff050fb959aa04278578cad831b0a0b396f0fbcc5c37111ac97ce  src/asn/rrc/ASN_RRC_DataInactivityTimer.h
7d0293b502aebb5879b027c28d05beaf36c78a522dafbc697c928f17a42c5aa8  src/asn/rrc/ASN_RRC_DedicatedNAS-Message.c
df3db85bc0a386b29ad873d76f2291f375bd981317317cca946c0a3bc7ead595  src/asn/rrc/ASN_RRC_DedicatedNAS-Message.h
2181370b1df4a7041c748aa9371f892ab7e2c6e5b3e963bd36881d926fde8926  src/asn/rrc/ASN_RRC_DelayBudgetReport.c
27e52c614f074f43c00ed51ea9dfa8e4c6319d0adf8b0a91c10e9ee3c3e50ff0  src/asn/rrc/ASN_RRC_DelayBudgetReport.h
c29d18c557fb2d03ea41fb15df41e938bcf498f250c3218355342ef5b6d58bcf  src/asn/rrc/ASN_RRC_DownlinkConfigCommon.c
a5b433d42cf54e0e916c7dc3bc2abfe1d5ef96327520d64c8af83ffa0cef02fa  src/asn/rrc/ASN_RRC_DownlinkConfigCommon.h
ba8b159b3bb5b8215bb01cb2946fb871d7cafafe0e45c357fe8001d7cc96712a  src/asn/rrc/ASN_RRC_DownlinkConfigCommonSIB.c
3892b479217781aa83b99755df4cea579a064b37f749e65b54281e80ca5eddd4  src/asn/rrc/ASN_RRC_DownlinkConfigCommonSIB.h
58cb960a2f9578a1b0ae4adefcf37593a1a1f2623a7cddd40b0a33f6a11f35ba  src/asn/rrc/ASN_RRC_DownlinkPreemption.c
713a9be62299987a08ecbae8d91a197601616fb950223ac009efca5866cc7898  src/asn/rrc/ASN_RRC_DownlinkPreemption.h
62202148c1ba07813514b88592673584d8c068b48afb5a25e8440eede58a0a1c  src/asn/rrc/ASN_RRC_DummyA.c
d99ed8687438c47812f54420f5cb00ac5d26725c4c2d58d4393675ce97f8b7e8  src/asn/rrc/ASN_RRC_DummyA.h
54271822562ef345c2fb650d3983b9f2a3e2056ee7c12abf17b59281d60a1572  src/asn/rrc/ASN_RRC_DummyB.c
c68b07b17e241f4e25ae5ac849639a34f0c50b93a52db28add37847201288a0a  src/asn/rrc/ASN_RRC_DummyB.h
bab45ce01df83430dea7904ddf14b2429fe823d35659119639c6ef622032bc81  src/asn/rrc/ASN_RRC_DummyC.c
4ff5d7d7bfa57354ad171e3dd84fa26efba8d69348740733299e9685d89fc90c  src/asn/rrc/ASN_RRC_DummyC.h
26c809e527bedb038b45c242b487d7e600ba63a21bb73a901bc31c8da1e9faa6  src/asn/rrc/ASN_RRC_DummyD.c
fc71a96300c73fa0a3134a8f1f8f7f59cde77ed2703f479559955c0f66b68d94  src/asn/rrc/ASN_RRC_DummyD.h
95cbc4759df29bcc3feb14f2fcae90bc116d30706fb5ad7462c3cbd6df48ce3f  src/asn/rrc/ASN_RRC_DummyE.c
bedf902073a4a75b40c0b91dd6b082ebeb5aa7ad445f949972fd936dbbd61c4e  src/asn/rrc/ASN_RRC_DummyE.h
a5678d0d89274ec805a5ea6818dd5008bd1cd4515410cd0ee12924c5a70b03ab  src/asn/rrc/ASN_RRC_DummyF.c
207bc0fa59dacd69effa029f3c558a84d99f1378d26428e3e21665af76a98942  src/asn/rrc/ASN_RRC_DummyF.h
ac69499ba4897de330e6a952d7fa03a9a6d3294aa1aa1ec79f53e373150ea4f6  src/asn/rrc/ASN_RRC_DummyG.c
6087708f0fbdcb3e056fd3f9ed11d82c80d6781856c0fe366f693cbd8866e4b6  src/asn/rrc/ASN_RRC_DummyG.h
1f0b4ae1a1f9c07dc90062c4d23bbc96f569849cff4ef9a158582a8208f5c749  src/asn/rrc/ASN_RRC_DummyH.c
506f7140b56ca4f1f4c26ce7dd8521dbd6a17c21eaa6b96b707b8fad02171945  src/asn/rrc/ASN_RRC_DummyH.h
9ef9c5ad609580e41d2c0d7ced3c758d8998ff0d4dec341d856760f2a03ad315  src/asn/rrc/ASN_RRC_DummyI.c
9346eaa15f404d06cc286bc0ab8113c1c051c0ae35eedce2096741c4fdc21485  src/asn/rrc/ASN_RRC_DummyI.h
05f6150fca7f53774a329a724c8a734f9dfe56bf7d37cc140f82c01184a29ded  src/asn/rrc/ASN_RRC_EUTRA-AllowedMeasBandwidth.c
6d930945d8241d16de9342171800a1f519b64c193177f911c88428535b18bff3  src/asn/rrc/ASN_RRC_EUTRA-AllowedMeasBandwidth.h
995e2c23a40b3add30dcee009a4ac966549025a90271927491c3d531fd3f6cb1  src/asn/rrc/ASN_RRC_EUTRA-BlackCell.c
2027474ca4707db2c30ce3d8d462bac803926477e775ddc02e92cc8c910ec8e3  src/asn/rrc/ASN_RRC_EUTRA-BlackCell.h
1cfe73440d19421ee43c1bfa8c846f37140c0c945b51cc5a42478c42e409df23  src/asn/rrc/ASN_RRC_EUTRA-Cell.c
736a170cfd53860e5ffda93f558cba8c173013665055109fe7897024c48c7d2d  src/asn/rrc/ASN_RRC_EUTRA-Cell.h
9e62e0c39fb72173a7ffa52586fd4f2146fd95bfa371a0cef4bfd87d217ff65a  src/asn/rrc/ASN_RRC_EUTRA-CellIndex.c
2dc0d543aff6415e866d0ebd6aa0b845eff763cfdd6e4e4ba5c4daf6da0833de  src/asn/rrc/ASN_RRC_EUTRA-CellIndex.h
77b3aa2238ec78b5f1d0dadc93f6a713b725fa46061d0bd71afbdf3efcac0411  src/asn/rrc/ASN_RRC_EUTRA-CellIndexList.c
db9f0fc3d02fcb80624b74d6f03acf4d0c7df51e3ae7091f7832b8300c2d1685  src/asn/rrc/ASN_RRC_EUTRA-CellIndexList.h
32677abfcf89d0e68d405de97050c6cf9ca8a9ecd849f090548894213b2b1ba2  src/asn/rrc/ASN_RRC_EUTRA-FreqBlackCellList.c
122ec8922e364793b62bfff179b59315d68b8f0faf94b515fc48e3aed7091709  src/asn/rrc/ASN_RRC_EUTRA-FreqBlackCellList.h
fececf267fcdf370340615e71f043f276642bb0a646c2272951780105d173a65  src/asn/rrc/ASN_RRC_EUTRA-FreqNeighCellInfo.c
5a817d6d60a734b1012b4a1dfb843b84cd21090d48a0394b3c42d933740b36d7  src/asn/rrc/ASN_RRC_EUTRA-FreqNeighCellInfo.h
457dd07884006d98e7ffa17569cea70df94ac5fd9552e504eeec5d303e8ee025  src/asn/rrc/ASN_RRC_EUTRA-FreqNeighCellList.c
8e03830009398ebaa1c4b284d328e4150a412bc2211f84c26b4c92f43db133f4  src/asn/rrc/ASN_RRC_EUTRA-FreqNeighCellList.h
3be64b384f2b37b2e59b568e54a40d2958feff6cdacde0ba80e3dcb05bb3976f  src/asn/rrc/ASN_RRC_EUTRA-MBSFN-SubframeConfig.c
4d58a98e00bfeb32986729d007bbb594ffac5ad59083329dbea822e09c15153c  src/asn/rrc/ASN_RRC_EUTRA-MBSFN-SubframeConfig.h
b3e8658092aade41666c41a6d621e398c516ffd9564dac24cec5aab175807728  src/asn/rrc/ASN_RRC_EUTRA-MBSFN-SubframeConfigList.c
eb16e393f9dadccd73cbdce10f8796f427e3e3618840bfbef78beaf5ede16c23  src/asn/rrc/ASN_RRC_EUTRA-MBSFN-SubframeConfigList.h
53cff9e6480e7916a2a0302e4891bbabec7077dc84f527333d1dc38f62b11df9  src/asn/rrc/ASN_RRC_EUTRA-MultiBandInfo.c
61047f6451ecbdfe55383b47984e3d1b994298968265ae1e4dc6707aea1b0f6a  src/asn/rrc/ASN_RRC_EUTRA-MultiBandInfo.h
15f741e97570da877b8328fc117ed6b12db91d477e123898fa40ca99af1ea86a  src/asn/rrc/ASN_RRC_EUTRA-MultiBandInfoList.c
5ba5dcd827eb214a2c62865eb21e32fb8e7bfb5535c97307ede89b5746d6da4f  src/asn/rrc/ASN_RRC_EUTRA-MultiBandInfoList.h
860e955e221cbe51fc16431a9253fda34b41c956a9f0eab90f574bcc51148409  src/asn/rrc/ASN_RRC_EUTRA-NS-PmaxList.c
cef0744f4dce82597428df59efca43557f70c7ef8244e508d1bc19c8a5b011af  src/asn/rrc/ASN_RRC_EUTRA-NS-PmaxList.h
5dac87da8621a6c3e032611fbb5f181cd1485255fff036c07d4618a53d016f33  src/asn/rrc/ASN_RRC_EUTRA-NS-PmaxValue.c
cfaabfc56112c775c60c8fb25af3472a4ab66f3b65d07ed2961376d46c9118b7  src/asn/rrc/ASN_RRC_EUTRA-NS-PmaxValue.h
cbb5c7c428d9cfef7166766504eef69568f8405b608d41997f5b421a91155b53  src/asn/rrc/ASN_RRC_EUTRA-Parameters.c
147f027e2211255c3a1f96eaa66de2436a272584f8e8100caaa3616e84b3ae73  src/asn/rrc/ASN_RRC_EUTRA-Parameters.h
7c948e1cbc19cec1d4ab0c13543a7657b5562ee162ab12203e74c49b2da8b64f  src/asn/rrc/ASN_RRC_EUTRA-ParametersCommon.c
454d8d83dc4eee186c2545e428fa4b98a584e1e41010bfcd61a232e9218e6690  src/asn/rrc/ASN_RRC_EUTRA-ParametersCommon.h
4ee9217a0f1199c142b728c5c29de6fc3e4004396e5551c920f259fe5d6469d0  src/asn/rrc/ASN_RRC_EUTRA-ParametersXDD-Diff.c
8d1a369ba75e51fb44829018c1e5d887538b81aeae499fd3b159fe5b4c37ef1b  src/asn/rrc/ASN_RRC_EUTRA-ParametersXDD-Diff.h
710e6daa409db8d1c961f7d851157ae5fd37e03ca79e590e2bf420b93697eae8  src/asn/rrc/ASN_RRC_EUTRA-PhysCellId.c
841d33088ff8293927224bd57f0d51f5e16a4ce2b5ca6b729c13ee2fda7aa21f  src/asn/rrc/ASN_RRC_EUTRA-PhysCellId.h
811223995cff2ce95b308390020f85e6058fdb65dbf24deb796823940e7031dd  src/asn/rrc/ASN_RRC_EUTRA-PhysCellIdRange.c
9c610cbb982470d8effc98ed130c50c722e17be764a3908fcfe322909cd8c3c7  src/asn/rrc/ASN_RRC_EUTRA-PhysCellIdRange.h
b10611b1b472f28c85ee66230849fdafa5f234b224e5b926f4486254f6963fcc  src/asn/rrc/ASN_RRC_EUTRA-PresenceAntennaPort1.c
5ba6b74e44a0473110ebb36fd087a1f4ac593285c3d28328cdffd31d6dcd9b17  src/asn/rrc/ASN_RRC_EUTRA-PresenceAntennaPort1.h
85815296d2820d66c2791960352dd0b72bb9dcb5326602ca9f8907c53cf3826b  src/asn/rrc/ASN_RRC_EUTRA-Q-OffsetRange.c
ddf8bbae3e0a98df7ecf0695eb760a6ea22b70d4a6339440927ce8703babe921  src/asn/rrc/ASN_RRC_EUTRA-Q-OffsetRange.h
dacc0f58fff8913c2e8501d2b06b83c31f69bcdbcab6112064ee5d5291b23b1d  src/asn/rrc/ASN_RRC_EUTRA-RSTD-Info.c
9c134ebe49983b9d7cb38da458fd4decbedbda712f76066864d62eaccf946c38  src/asn/rrc/ASN_RRC_EUTRA-RSTD-Info.h
1e3dc38f037bdc739be1eb649d2030a3c7c4f17ac6789e6b3a1ee8170d7cc52e  src/asn/rrc/ASN_RRC_EUTRA-RSTD-InfoList.c
72c2ac2b289d90507f974542a39cefbbc831d7456a5d5ea74f23e41cbd59c4f0  src/asn/rrc/ASN_RRC_EUTRA-RSTD-InfoList.h
8a3796d12dbc8ed08b1677821f7b992ca3bfe12a4d9f095bf0f78ee3922effcb  src/asn/rrc/ASN_RRC_EstablishmentCause.c
d34ad9808a65e22ec72ee6eb5b0984afeb71c84c99f7870ce7896e3299a092cc  src/asn/rrc/ASN_RRC_EstablishmentCause.h
dd99b0556d4d3d9cbe8aff0a44548c1282cab2f47d68a5706117e09f19e3eb6f  src/asn/rrc/ASN_RRC_EventTriggerConfig.c
83a3e026092c4ab9f811bccd1856523ab7d04458c78864bd9a34eb387c741c3f  src/asn/rrc/ASN_RRC_EventTriggerConfig.h
97d784f579f308a8d31a31317b66a2de4517bf142e20ac88ca4ca63de2eb9bbb  src/asn/rrc/ASN_RRC_EventTriggerConfigInterRAT.c
18a328e770e70e6d09cbf205b30c9a67dbc16aaf3129da619e80696e6bc1b7ce  src/asn/rrc/ASN_RRC_EventTriggerConfigInterRAT.h
552ba652fe88cbd0e3103aca6c334e07f6eabf058069259eaae5a6a1d5d8d6f7  src/asn/rrc/ASN_RRC_FR-Info.c
fdd83109afd5deb8eff99ea6a28fc8749d33f32bc654e22988822bb3105c1175  src/asn/rrc/ASN_RRC_FR-Info.h
8af07b5ea5f26075aec4f906f48e06826a3f8fab3cd9ad8a2269d95e49017a61  src/asn/rrc/ASN_RRC_FR-InfoList.c
51baf95f55304fd6d0ce3447e07b4cb64b192f91b180792ce2e392bfe9d21b40  src/asn/rrc/ASN_RRC_FR-InfoList.h
c3aa55afe0b283a0cc37d3cde79125b8d59177ad50af1596c8ccf523575888d3  src/asn/rrc/ASN_RRC_FailureInfoRLC-Bearer.c
53eda38d9753dced616858fa93f10bad26ded0d1f20e6b77cfa34d7a5ee72414  src/asn/rrc/ASN_RRC_FailureInfoRLC-Bearer.h
ab17c39f1f9b8c1e7356411197714c8abd84eab09ae5edf475ebc8d0feee4372  src/asn/rrc/ASN_RRC_FailureInformation-IEs.c
f81f48371c258425eb76cd4535d5f7e5392a1ebe2f942c1cb11613c335f0a8aa  src/asn/rrc/ASN_RRC_FailureInformation-IEs.h
5931682efaf0d43f7d2c74f6a84223752fef04b2b88c9b3378904d01a141bea9  src/asn/rrc/ASN_RRC_FailureInformation.c
285bb2c4cdffd3a4c6bcbf8cbc5b6ea53a866c001fc4ce1f64fc560804eee44b  src/asn/rrc/ASN_RRC_FailureInformation.h
94f9da4feab672f54d6b467dab780655c54c5995912d79ce3a9c22837bb8ac7b  src/asn/rrc/ASN_RRC_FailureReportSCG-EUTRA.c
a8d16926fb939c1adf44ba79898312ed46b4bcfc82b795f88c7e5520ecc7e825  src/asn/rrc/ASN_RRC_FailureReportSCG-EUTRA.h
9e3bb2a71dae2b3fede9acaa65b392402101010fc6b4c8296c4be1531188eb8f  src/asn/rrc/ASN_RRC_FailureReportSCG.c
5db63cc3001f189f121f05dd5c60b6ba8613fb381623370c26f24acec9ad256a  src/asn/rrc/ASN_RRC_FailureReportSCG.h
fae3f55008281916b3009076a9e8272c7c15f7a0e3058dcffcedb01b057a7e13  src/asn/rrc/ASN_RRC_FeatureSet.c
af79b328ae6b93fa7ceebee0725dfa0b28e8040d694cff9b93b2e7fda3afb219  src/asn/rrc/ASN_RRC_FeatureSet.h
a574af69bb1dfe13624dea7919016d633547a967922cc6ef7479c1328ef0b5eb  src/asn/rrc/ASN_RRC_FeatureSetCombination.c
79260207c2bffc5c33665c93d8a91f832386744a44c85bb31cf927450eca576f  src/asn/rrc/ASN_RRC_FeatureSetCombination.h
668a6adf63885a3211cd868dd1afdb580b9678e92a41d8c97d70032724505a23  src/asn/rrc/ASN_RRC_FeatureSetCombinationId.c
ff4ca0ef652dbbe1ef377eb0149ef8cf37bb4ab796fdc4522e3a53daeadc4809  src/asn/rrc/ASN_RRC_FeatureSetCombinationId.h
79c89918a6032fce73047b74e924131b3bf335662ce4af4664d9cccd510e54ae  src/asn/rrc/ASN_RRC_FeatureSetDownlink-v1540.c
7e776840bb5ab18ce43f9ea7127692d8a4738f578a47bf7255d9edd86121fe52  src/asn/rrc/ASN_RRC_FeatureSetDownlink-v1540.h
34b71cda273043c7afdc8808c64d1c53c7811dd94cb10dceae9b5215d713377a  src/asn/rrc/ASN_RRC_FeatureSetDownlink.c
931955eece3705de4f06d7bc8d27b52427d2cbfa63e36df9a51b97e8e4450c35  src/asn/rrc/ASN_RRC_FeatureSetDownlink.h
fd3b699e5c493bf49d93bf12d9abf21b753cf5f3cc004277e22758273e567abd  src/asn/rrc/ASN_RRC_FeatureSetDownlinkId.c
70093478d4cf2e9447db024169d6492d006642a0c0d0c6d87f49dca10263069d  src/asn/rrc/ASN_RRC_FeatureSetDownlinkId.h
ceb8e5639f6ae78206888cf3fbd86dd75434ce252da84585ab91be6442a51b12  src/asn/rrc/ASN_RRC_FeatureSetDownlinkPerCC-Id.c
ac3dbb8d7d267e591d02312392c547ca726c99f8e8e239bae5dc6df1d817c78e  src/asn/rrc/ASN_RRC_FeatureSetDownlinkPerCC-Id.h
2fe1291d2bc0acc2a812a8eb5be405839fa6bda38a8ef8f2b9fdf068b67200ee  src/asn/rrc/ASN_RRC_FeatureSetDownlinkPerCC.c
fd8fcbf198c00424524734dac139a223d0a9fa79144e3bdc5c731d888990a361  src/asn/rrc/ASN_RRC_FeatureSetDownlinkPerCC.h
d93509b61812c93eb92dae3dcdbbdd64b3e5ccefe685287ebd920e33f27fada5  src/asn/rrc/ASN_RRC_FeatureSetEUTRA-DownlinkId.c
0932ac19baa9e2b183ab72c7a4ab196936afeb3e2c99c9db611a18c4c1beeafe  src/asn/rrc/ASN_RRC_FeatureSetEUTRA-DownlinkId.h
ff614cf3c38ae2f4eed461877682ba536252a26c4d5bb39ef572411eaca2eb43  src/asn/rrc/ASN_RRC_FeatureSetEUTRA-UplinkId.c
15d9339c494d401924dbd58d86da9fa52c1f35b47d7615c2de089c5e8efaadd1  src/asn/rrc/ASN_RRC_FeatureSetEUTRA-UplinkId.h
380f3391820ca096347a7a7bd2d4c28188087f9d28b161d8391aa05d4c5180bb  src/asn/rrc/ASN_RRC_FeatureSetEntryIndex.c
8853bad19d90fb260023150e82d0455785c8130ec70208c08cdcee2cdfd02218  src/asn/rrc/ASN_RRC_FeatureSetEntryIndex.h
ca1531548fb033607111f60509a9e464f9874bec9385c7390a50408b8eb1199d  src/asn/rrc/ASN_RRC_FeatureSetUplink-v1540.c
55223fd36ddb5fa57adce26d4813025326f0229c467bb2938fa721c9e05bcc6c  src/asn/rrc/ASN_RRC_FeatureSetUplink-v1540.h
7733938f16cbbbb91b76a617052dc47eed838e861d60ecc2b1e21d727796d2d4  src/asn/rrc/ASN_RRC_FeatureSetUplink.c
518d6b24e8cc353ee8a49dfb042f064044a7a7ab521c7df859349a8e89a206a7  src/asn/rrc/ASN_RRC_FeatureSetUplink.h
297f8c37fd655b397222e029522f7d2693acc379d708a7bb07bcf909a88672b3  src/asn/rrc/ASN_RRC_FeatureSetUplinkId.c
48291dbeeafc24d0e591b7cdb9692ec05621e9fe5665a1afbbdf1696be7f2eae  src/asn/rrc/ASN_RRC_FeatureSetUplinkId.h
6d8169740a413eef78fde865e11686bfbbb0a027d76cb44af7518a4fd2d2ee64  src/asn/rrc/ASN_RRC_FeatureSetUplinkPerCC-Id.c
56b905466d43d0e9fd0172a27b02a2d8547640c0049b886c766839ab6966aba1  src/asn/rrc/ASN_RRC_FeatureSetUplinkPerCC-Id.h
12fb42b55de751b547d80b8201e25d4a88dfdda3dd32bb425631dcfb2ad792f6  src/asn/rrc/ASN_RRC_FeatureSetUplinkPerCC-v1540.c
43ac3216ecff56a569093c1422cbc8b796139bc5c4d64cf0469b3cf6bc0d4b47  src/asn/rrc/ASN_RRC_FeatureSetUplinkPerCC-v1540.h
3c0f672bd6393c2758bbe695785c2a648ffe248eea02e24a789bdb0f9d4c6504  src/asn/rrc/ASN_RRC_FeatureSetUplinkPerCC.c
295d83149f4075249a40e227b1373e9dc82e908b32b791c020395efc93f75af2  src/asn/rrc/ASN_RRC_FeatureSetUplinkPerCC.h
d1ad9b0c39f1b14079606b059c82c6f0d3116efd0030f13c90f71a1c35c5071f  src/asn/rrc/ASN_RRC_FeatureSets.c
c86fad94ae39845764ff43432dae2196f136f87140ad50e96c629554b52e32b5  src/asn/rrc/ASN_RRC_FeatureSets.h
257d3de869aa2c3433f379bd6152f532b4666da052d4271a12e3329d9dbcb1f7  src/asn/rrc/ASN_RRC_FeatureSetsPerBand.c
aa90df78575feaa1cf27766c2eb14b9918d5ab0c80f465196325a84abfa8eaee  src/asn/rrc/ASN_RRC_FeatureSetsPerBand.h
6020d619ad9a307a9eaa3c84d738fa2095d43d5dfa9dceb92f16171d9d685311  src/asn/rrc/ASN_RRC_FilterCoefficient.c
716540426f2a45b2da66390b132c41fd45ede6f9253accba2b2ff6e3967cf001  src/asn/rrc/ASN_RRC_FilterCoefficient.h
54f9682bf01fd9a7fec11a9df6e5b2d1a46a4da9ffd9a2f13fe111440e72e316  src/asn/rrc/ASN_RRC_FilterConfig.c
ea7eb094a4760f3b3fa2f4d4297c4efc0e785a30af8d9ead669e221fddb5c51b  src/asn/rrc/ASN_RRC_FilterConfig.h
ddeb7854b1437efa79da24d2e3548b20d6c094d5ec38fe01d98c72394e18e2f3  src/asn/rrc/ASN_RRC_FreqBandIndicatorEUTRA.c
6dc73271ee31b43578244dfb254c98e0e7292241644487b947a821b692e7273d  src/asn/rrc/ASN_RRC_FreqBandIndicatorEUTRA.h
77b2990015fb556b6252c184d06ca1461153659d5d5170e0b54893229da3e454  src/asn/rrc/ASN_RRC_FreqBandIndicatorNR.c
22b9d143b99e70a64c8d6d6f5ed86e50baece75bdef91339ed6ea680c2cb8ea9  src/asn/rrc/ASN_RRC_FreqBandIndicatorNR.h
7fa38e65429267017c40be815bdb2813df46fb34e3cd1bf714200c7cf0e1e9fc  src/asn/rrc/ASN_RRC_FreqBandInformation.c
e42508fb01a78388ef8cf42186807ccedde6286d13a06c14cfe4123c380c3016  src/asn/rrc/ASN_RRC_FreqBandInformation.h
7209d39e07e1e67097ff2c9c9bcdadd89a5db8ff2492354e4de29fdd99e63ba1  src/asn/rrc/ASN_RRC_FreqBandInformationEUTRA.c
f75ab4933bb5c2b304fb5528519f32703ff93fca8ebe6feef64492a0297e8413  src/asn/rrc/ASN_RRC_FreqBandInformationEUTRA.h
8de088d320d4b28d2b61bb475bba54503b135ff52368b3d5e120b9404e1c824c  src/asn/rrc/ASN_RRC_FreqBandInformationNR.c
25c7b58f229e6081e4c69c840a01b2e250cfb147e370b062523e392ee0c5692e  src/asn/rrc/ASN_RRC_FreqBandInformationNR.h
f458d69ccd4de02b8db156d9387459d2972816f3ff8dbca9bfff85a38a471fb6  src/asn/rrc/ASN_RRC_FreqBandList.c
a3e5045ca6ed0509976f6e6fb40e5f1847cbe06b118beefc745c6ab3c09fe973  src/asn/rrc/ASN_RRC_FreqBandList.h
828a04dbe30ba9bab0996761fc5bd9ae3772914e70204ad276f0e7417996e98a  src/asn/rrc/ASN_RRC_FreqPriorityEUTRA.c
d46723b02974cf4ee2a79c27e5ada56a2e306c71563cc78d62c64a6b92497d09  src/asn/rrc/ASN_RRC_FreqPriorityEUTRA.h
b204c20430313f7e027d4aab91cac919c59d7c775ba1485270f4cef23d164fd9  src/asn/rrc/ASN_RRC_FreqPriorityListEUTRA.c
987f614a8776e99bdcf8afb750442900415ff57a766888875cde98f0532a0a23  src/asn/rrc/ASN_RRC_FreqPriorityListEUTRA.h
ad7b99e7867d6281149bced4a0ed81bab170c8b3db4478867c5f4500dbd0a4fc  src/asn/rrc/ASN_RRC_FreqPriorityListNR.c
72274851fd6abc709ef0d34627bd085be886b71f34e563c69f5f6fa869bde39e  src/asn/rrc/ASN_RRC_FreqPriorityListNR.h
6ef005364d9398e029cdfeffe0a2b693906e72f7429efb1e5adaf3dad2629f50  src/asn/rrc/ASN_RRC_FreqPriorityNR.c
5e825a7fa5da348de664782de3e098f5e07dd733be15daa67d69b3a6c4c04461  src/asn/rrc/ASN_RRC_FreqPriorityNR.h
a3a63496ed5650272dcf6dee2252436bb793fcd039bf8abdbefb6a27c38dfa7e  src/asn/rrc/ASN_RRC_FreqSeparationClass.c
65f6d9e39d1712f34d4a18aed9f4716bb488828c8035b98a20e007862c7d7115  src/asn/rrc/ASN_RRC_FreqSeparationClass.h
686fb6daff2fca0eddefc3a909af6fa61719a81eb7b67ebee00feb1e6a664e46  src/asn/rrc/ASN_RRC_FrequencyInfoDL-SIB.c
e7c8159ae08f0f76c9c0dd874f60411c3d804084473481f9b39e124e5ff7bb30  src/asn/rrc/ASN_RRC_FrequencyInfoDL-SIB.h
6c2aeff79c9c4ee85530b90b89ae5b1eaa54d97abe2d2ffde5c5bc0fcd0abf67  src/asn/rrc/ASN_RRC_FrequencyInfoDL.c
5f241474ffbfef7f81d3079852d863f0dac23cc99f43a41639dc90158d1df949  src/asn/rrc/ASN_RRC_FrequencyInfoDL.h
7920959cbec974aae56a5785dd7af748a0f4c97ddc3729ec7b797e908f3593bd  src/asn/rrc/ASN_RRC_FrequencyInfoUL-SIB.c
57c2bb96641261255b79ee85f7305cf2486d3d7f9bd00139b782639ad672f512  src/asn/rrc/ASN_RRC_FrequencyInfoUL-SIB.h
13288cdf70ebce634fc1b75eee183274f9cdbe45442d5c76fb7b465d8835f0fe  src/asn/rrc/ASN_RRC_FrequencyInfoUL.c
e70a45193ceeac78f3cc1a779156199bceab66d536939f36de87ddcf8f39e6b2  src/asn/rrc/ASN_RRC_FrequencyInfoUL.h
70bfe7e01c50c0b1c55eecce7a3421bbd5e62d1030b0f35bdf77c6867674257f  src/asn/rrc/ASN_RRC_GapConfig.c
6576d79729582b87cd4a2228969f770d5a14303695762cda0b21b39f926b23aa  src/asn/rrc/ASN_RRC_GapConfig.h
24eaea68770753390e0d6c388ef9a6dafbc9215af34349fb9c0410aa9e60775c  src/asn/rrc/ASN_RRC_GeneralParametersMRDC-XDD-Diff.c
48053927e630f591829b9b7695536dae86a11f03b21443cd8dc82ce7a395e352  src/asn/rrc/ASN_RRC_GeneralParametersMRDC-XDD-Diff.h
06202177cc807d93cb0125e65cd515d666dedc2f0b19e6866bc9b348b2c9adea  src/asn/rrc/ASN_RRC_HandoverCommand-IEs.c
b7888573ed5e53851926bc2e19029a07358c028988bc0198ada3a784fb366cd5  src/asn/rrc/ASN_RRC_HandoverCommand-IEs.h
e0aba8b4fcb9cd8e5038e7c4551e772c595022ed0bec1ec86cdb3131774351e5  src/asn/rrc/ASN_RRC_HandoverCommand.c
35da75431f9a23db18c9ea30d93b9d9faf8f511caa09ca75c43d74f528227d82  src/asn/rrc/ASN_RRC_HandoverCommand.h
a113a3de2c7583f92965ffd0e171a659dee7bab0137cc32f862229d8b14ca44d  src/asn/rrc/ASN_RRC_HandoverPreparationInformation-IEs.c
d6bf5b71949d3ef92af1508eb4ab330561490f23904081ca0e4ea1bf0f6db558  src/asn/rrc/ASN_RRC_HandoverPreparationInformation-IEs.h
02e6f88ab7cf1524e30a342348eded87e2e3c3e0cef44e3ec972684a6886220e  src/asn/rrc/ASN_RRC_HandoverPreparationInformation.c
c4985bd4d9fc7c87f3f55d35db02598f9a97a315e4f968244d6f9cf75d0a7baa  src/asn/rrc/ASN_RRC_HandoverPreparationInformation.h
9412bcdc48833287534f2ae36dd6c893e7387f0f574347afcd74f5737f2ea1ec  src/asn/rrc/ASN_RRC_Hysteresis.c
36110b05e2258e003ef911566165e3cd2cb77ec361045041514507e49c2f92a7  src/asn/rrc/ASN_RRC_Hysteresis.h
240aa74071ce0ff43e2433d697609cd066a0e9cf8bd147207599777b07c33172  src/asn/rrc/ASN_RRC_I-RNTI-Value.c
2105ccc444851b57ed2caeabfcf743db6bb2a0141a43856a2dd428d0059a0f68  src/asn/rrc/ASN_RRC_I-RNTI-Value.h
9bf68e5cdd8e0f789446b0cc1e8b9cf4758ddbd1860a9bf7272b8783c2972d7f  src/asn/rrc/ASN_RRC_IMS-Parameters.c
068c09ff506b7e64f1979929d26057b67dd701070212b122398cb28063b6bd25  src/asn/rrc/ASN_RRC_IMS-Parameters.h
7b6006960e88808408e4ffba2247fe2763129a925fa59550ad91328d44f616c4  src/asn/rrc/ASN_RRC_IMS-ParametersCommon.c
1d920a6909de8d15747e60bed70f298573acc715a8afd8b703a777256c4a3ba2  src/asn/rrc/ASN_RRC_IMS-ParametersCommon.h
7beb8e368801fa29120b94ac971f17a0c51067c2f3d62f99596c157a2c91bfb2  src/asn/rrc/ASN_RRC_IMS-ParametersFRX-Diff.c
d7a7aa18c72a8e8ffa583fcfcac34bd877d5e098ba70b74e4add4655147b2582  src/asn/rrc/ASN_RRC_IMS-ParametersFRX-Diff.h
27d653c472f405e58d2802fd87559a5963d889f31e4800c360d9fb79c56c125e  src/asn/rrc/ASN_RRC_INT-ConfigurationPerServingCell.c
799e5bd9f26116c36bb864bae7f0e9b3576d185867e402ad50a996d320eb07f2  src/asn/rrc/ASN_RRC_INT-ConfigurationPerServingCell.h
0a10f843b376475e41438550ac65908ae4e0c764c2a4c5c31994aecbf8f96eb6  src/asn/rrc/ASN_RRC_InitialUE-Identity.c
0a3039eade0718f4e5a76f0cb9f0d23a3701406ba9301557d2013b69b00444df  src/asn/rrc/ASN_RRC_InitialUE-Identity.h
494da8bddc329800c77146177c552ad36ad64090fbfc4ed108a6f0385b7e78c2  src/asn/rrc/ASN_RRC_IntegrityProtAlgorithm.c
3c1c36dd887fb23c545050820e651275fa143cd3d6b993d596815a29db77c1e6  src/asn/rrc/ASN_RRC_IntegrityProtAlgorithm.h
18860ea4c6f0efa742372e4f8436e9f79e480362a61c18dda8d42befa6b2f6a4  src/asn/rrc/ASN_RRC_InterFreqBlackCellList.c
76fcbc6e1b402bdc59ebd0789e37a1766036fe5aed17ccc87dcf52d6a489b6c2  src/asn/rrc/ASN_RRC_InterFreqBlackCellList.h
2db634a213e137cb93a0e66e09dea76da5b512b851bef07550db6596a7ca1af5  src/asn/rrc/ASN_RRC_InterFreqCarrierFreqInfo.c
2932806a498b7b0eda76f66c458290077c9d56792450c06b8d59f99ef3ffa698  src/asn/rrc/ASN_RRC_InterFreqCarrierFreqInfo.h
242c66dcffc4ca8caddea1ddaa8d588d8dca34c4e7b69c644ba9458afc405583  src/asn/rrc/ASN_RRC_InterFreqCarrierFreqList.c
b72a57b4b59786bb83e9335cede8e1509cf701a3be7b44503bd6683501ff6944  src/asn/rrc/ASN_RRC_InterFreqCarrierFreqList.h
36ac5bd305af0e6e6d6f067b5be4ec373d2c6873c56df00dd4c3d8f0078e4515  src/asn/rrc/ASN_RRC_InterFreqNeighCellInfo.c
506d66e6e0edcb0e5dca595a52bccabff696fb33ff966c6482e12146f5ff1936  src/asn/rrc/ASN_RRC_InterFreqNeighCellInfo.h
4d42344dce3315ae2eb13d7bd25816e6b433afdc222079c3b0a71a5fa54c97c4  src/asn/rrc/ASN_RRC_InterFreqNeighCellList.c
1791e2a5e9a5610ca078a1a200e933118800803e2c41ec90723e437b58446269  src/asn/rrc/ASN_RRC_InterFreqNeighCellList.h
05d3672fa6e584ac775df9a46de3f33cff2d99d6b3ff7b9adcafd529f17e91c5  src/asn/rrc/ASN_RRC_InterRAT-Parameters.c
22d9e33e39af58adf6c29d6c880bb928deee1a7f8981520e6b857f2673fd5146  src/asn/rrc/ASN_RRC_InterRAT-Parameters.h
23a9aba7e93a51ee506e15b5c8d9437271f8801b4e05091345b8e5c3466a69bb  src/asn/rrc/ASN_RRC_IntraFreqBlackCellList.c
d98cd9301a4934fa202bb75ec071579f52c209989ae049f8439fcd8885c6e4f2  src/asn/rrc/ASN_RRC_IntraFreqBlackCellList.h
08d887bdfa5ece861adead2e953d76f0f217b22ff1fc3fa46607345cf4bf6fb8  src/asn/rrc/ASN_RRC_IntraFreqNeighCellInfo.c
0f810df49d8ccfce3bc4d9402162b6df4ba0889bf99dd894ce4bc6390cea789f  src/asn/rrc/ASN_RRC_IntraFreqNeighCellInfo.h
5d8fb78339ecedb7d08d19051de6286bc592308a09fcfd9c8f5bdafbdb203556  src/asn/rrc/ASN_RRC_IntraFreqNeighCellList.c
8feadc23daa062ad5a667d75f3e0f9c9836fe143443962881e6abe8df28cfc1b  src/asn/rrc/ASN_RRC_IntraFreqNeighCellList.h
f699cdfddc4e2ea5a38f7220e51e6b5c88d39f1543096c0d922a3754a2ca356c  src/asn/rrc/ASN_RRC_LocationMeasurementIndication-IEs.c
39cd7358c527962de34e074e4fc22edf2da75b17268b98725bc30937a8f28332  src/asn/rrc/ASN_RRC_LocationMeasurementIndication-IEs.h
26f4b3afb7890b55eb45ef8f72d0db8f98101c46a612f6a5c78517f3b0d5a351  src/asn/rrc/ASN_RRC_LocationMeasurementIndication.c
bc5c38f240eb849bf9abb62c55c3c536bbfafd3806b3eee0b749560f49aec2b6  src/asn/rrc/ASN_RRC_LocationMeasurementIndication.h
e79b6916b9b6a7b467e79313d399be3f505436608becadf99f4065267d1c19c8  src/asn/rrc/ASN_RRC_LocationMeasurementInfo.c
f52bfe3fb03655145bc1c1e98c2d3b8414598f73b54fef3e786a870d9885a4de  src/asn/rrc/ASN_RRC_LocationMeasurementInfo.h
bf7907e4288d4e014d607acfad0f131128b7cba3ee523515221dfb3cd7864506  src/asn/rrc/ASN_RRC_LogicalChannelConfig.c
5923c57d250f8b0bbb73a9b900b2317cf73d6a8edf2758b5e7e2e5037c0650be  src/asn/rrc/ASN_RRC_LogicalChannelConfig.h
07129e7df405410efba122fe35b77f5d02b1d8a67b6ab1b44a746a0d8d540b7d  src/asn/rrc/ASN_RRC_LogicalChannelIdentity.c
c16530d702538262b820b189b6e14ef2d3e2126bd5e3e8094697e08e4ec71fbe  src/asn/rrc/ASN_RRC_LogicalChannelIdentity.h
03d64bae0f2adbdbe568ff07a43a15911841dbbd25c4ebcd7eece244e1f8ef92  src/asn/rrc/ASN_RRC_MAC-CellGroupConfig.c
89b866f45f632e0197fc7c43cd10c0f70f41e06e1bb44d2d8eb67d9dade652a3  src/asn/rrc/ASN_RRC_MAC-CellGroupConfig.h
4bbd080bcca22788c858ec9b6791dc91060a749fd2b8b0e3dc5a0955c027201e  src/asn/rrc/ASN_RRC_MAC-Parameters.c
4f7f2b3f2c2b1ab29f9af40d81f008ffdd8365013be9416dabf76fadb24ab132  src/asn/rrc/ASN_RRC_MAC-Parameters.h
19a54f33ad2a84228a71e451490bc0f7dd0dc195d8c9115442c99c8cd99f65ec  src/asn/rrc/ASN_RRC_MAC-ParametersCommon.c
f8b68e2dc28223755294294c86168618d5fc14f6da7109c1137fcdc0e20d5d73  src/asn/rrc/ASN_RRC_MAC-ParametersCommon.h
b766385689c937f64a1e0edf27623b02e28c4c005c77a484877b63a41ece6de2  src/asn/rrc/ASN_RRC_MAC-ParametersXDD-Diff.c
00825feb3b17a9dba4ff17c386b3f717cde01d98920cda543530661f46fa9311  src/asn/rrc/ASN_RRC_MAC-ParametersXDD-Diff.h
c923016fad0fdb4c92f0bdab2a18159270dbedce5bdd8beee470ba4e57a4d4b5  src/asn/rrc/ASN_RRC_MCC-MNC-Digit.c
8ffb0ff2dba89f77bdb333e7a8ec47fa2baa5eac993981e6ff585fe0bd0fff09  src/asn/rrc/ASN_RRC_MCC-MNC-Digit.h
7e8f1147b7d096ba9e38d3e4fac5df8caa8eeef5e94dfa321d049b97b9e7c368  src/asn/rrc/ASN_RRC_MCC.c
fa93316ce30de94f770853818d27e925201b13cb0dad501b6754ce0254463cab  src/asn/rrc/ASN_RRC_MCC.h
0f5cc5d3a32e8b55a57ef2985a537a38669e078ac7d8824a9707b37434e2ff4e  src/asn/rrc/ASN_RRC_MIB.c
ece251b00a5136de94694a75bb13941c85bcdf2f1dba1124627023463011d784  src/asn/rrc/ASN_RRC_MIB.h
2ae0baba08915a43a5e1e5b84c3d86741c48be227bc8befca97d8f99a468b6a1  src/asn/rrc/ASN_RRC_MIMO-LayersDL.c
9acb0edf3efac924fdd5b4d12e2bfa36b87169c79a404741a6ed1bbcc86ce8f2  src/asn/rrc/ASN_RRC_MIMO-LayersDL.h
292eee9134ae3f2738573e590378ecbbe4accdf4488aeb5936effda56e48f71a  src/asn/rrc/ASN_RRC_MIMO-LayersUL.c
dbd03a87f8d823a165ddde461089ccd72f897c820a9d47f1539acc2c4b059930  src/asn/rrc/ASN_RRC_MIMO-LayersUL.h
49dde41d80b60b064eb0796a2b255fdb242ba5803b1f641b36c1cfcb7ee38c87  src/asn/rrc/ASN_RRC_MIMO-ParametersPerBand.c
16e15e0c5f14a5f4f98f2f9322034c663df6156a92552c268d0b4cda08620c47  src/asn/rrc/ASN_RRC_MIMO-ParametersPerBand.h
0a02e7752b4532a65fefaa9046932a6ed76d546dd0369399df86637e6bf81e31  src/asn/rrc/ASN_RRC_MNC.c
fbf6f1eab5a8f3e0f017d79e0dc1d64f6863eaf90b2a9d1b4663296b02c45e2f  src/asn/rrc/ASN_RRC_MNC.h
539f96ffa4542bcd79bbfe354810757c0e1ef28d4479a434ab253699210a0959  src/asn/rrc/ASN_RRC_MRDC-AssistanceInfo.c
2899e9733247bdd8201f03f006489b353cb821e075ea4688dc3d951e5c487ab2  src/asn/rrc/ASN_RRC_MRDC-AssistanceInfo.h
86c29da0cca5caa44a434b46c0a74adaf490d234f763267d1d030c58b0d37ff5  src/asn/rrc/ASN_RRC_MRDC-Parameters.c
1ba1163c14fa490a5eb01ffa71e3e8ac7577932cd016d876a51d24dc0aacdf45  src/asn/rrc/ASN_RRC_MRDC-Parameters.h
723f98d77d3153ebbcf2b9f05f010345e56c7833419cb7e624e9a78d9a373ab7  src/asn/rrc/ASN_RRC_MRDC-SecondaryCellGroupConfig.c
d2600f9de1038b861984e1238d5f714677959a610d552c80a5098b96ce3ffa58  src/asn/rrc/ASN_RRC_MRDC-SecondaryCellGroupConfig.h
9031d30af72185fabe6bbcafe78db7ee7815bf04b7eef0fde0eb91c0b7876302  src/asn/rrc/ASN_RRC_MasterKeyUpdate.c
47210f6cee3fce899d4b0fe3056732e896d575be2691edaeaf2c2ad4909873da  src/asn/rrc/ASN_RRC_MasterKeyUpdate.h
b756752c3082d1a0da1535768d0222420e74f4be5f506a2e9515723949458630  src/asn/rrc/ASN_RRC_MeasAndMobParameters.c
64a9220091779b0c4f3791ecac48d2d6e7580743aa1da45d497225abf227c6e8  src/asn/rrc/ASN_RRC_MeasAndMobParameters.h
2c0fbd7efa59e8dc9e37a512647059c2177217d8116ea024fc9692c8557bc37c  src/asn/rrc/ASN_RRC_MeasAndMobParametersCommon.c
8ecf6dcc8aaff2a6dc17d70abaffa9315d9cf0bfdc363304c88a49582eaed40c  src/asn/rrc/ASN_RRC_MeasAndMobParametersCommon.h
7db1859e2751050a1055a46cdd435c46283bd046f8b9f59b7a00dc2bdaa2b234  src/asn/rrc/ASN_RRC_MeasAndMobParametersFRX-Diff.c
eb09e497cd7faf54abef1c86e0adc8399f64c8e2d15a51b3ec369a7b812e9800  src/asn/rrc/ASN_RRC_MeasAndMobParametersFRX-Diff.h
5db2bac54310c917715d320478a5a6ae3b455efcbd9397f3ec276db1e97786ea  src/asn/rrc/ASN_RRC_MeasAndMobParametersMRDC-Common.c
a5e8c92d299167f3ec06100418cecc0788f94ecda999782721346e27fe03a72b  src/asn/rrc/ASN_RRC_MeasAndMobParametersMRDC-Common.h
9233497dae034884d5257f3b87da9b8f9ea3eed7448ef94e97fdbfa094adba3c  src/asn/rrc/ASN_RRC_MeasAndMobParametersMRDC-FRX-Diff.c
e045539d757f79eee75e9d09f42b880552b7c98c4b244362b810ec3d337288bc  src/asn/rrc/ASN_RRC_MeasAndMobParametersMRDC-FRX-Diff.h
94cea4fb9e605feb0921932ba37ad1cea6344a930e1f240cd9dd669b41786a11  src/asn/rrc/ASN_RRC_MeasAndMobParametersMRDC-XDD-Diff-v1560.c
952a28dee502e535016646324fa8789ecf36a7e62b74d4ad0d8e665667e6fc97  src/asn/rrc/ASN_RRC_MeasAndMobParametersMRDC-XDD-Diff-v1560.h
f2913ef15a77ab1d270d597b6c5089ca36a617d3a6656e9565170bd140f2577a  src/asn/rrc/ASN_RRC_MeasAndMobParametersMRDC-XDD-Diff.c
c90b1050e2b14448c14ccc77c1f78d6491bcfc98d99d14f7c109e82f33208faa  src/asn/rrc/ASN_RRC_MeasAndMobParametersMRDC-XDD-Diff.h
96842bb5c30a9e698945ec1b7fbebbfa1f4e5b9c303a3c82b69674b7186977a2  src/asn/rrc/ASN_RRC_MeasAndMobParametersMRDC-v1560.c
69be9deb20c30d514f3ce4b7a2b2ece8658dc7d2a2e4d2b38cf537ba4b711718  src/asn/rrc/ASN_RRC_MeasAndMobParametersMRDC-v1560.h
112750f0e8aeb34b32cf85eb16c7d4ef48f05fea9532e5ec9151d7a140bd278d  src/asn/rrc/ASN_RRC_MeasAndMobParametersMRDC.c
56e1ef47afee0db046e8b9dd397d42e8122458fec37d4de6e6daa54b7114f438  src/asn/rrc/ASN_RRC_MeasAndMobParametersMRDC.h
8e76dcda8b62012890ff0e1346ecb2611f7c4249146526ad0807db14cc9905f1  src/asn/rrc/ASN_RRC_MeasAndMobParametersXDD-Diff.c
6e28794dcce40fcff2e8434f537ffe5f85e2431ac805ecf1b73ad4e669954e81  src/asn/rrc/ASN_RRC_MeasAndMobParametersXDD-Diff.h
0b8606a1b3897356495f0b85e766d1dc9ed396d1039584e6cb6724b65048d2dd  src/asn/rrc/ASN_RRC_MeasConfig.c
abd430426c28ae02b4f588ede51a9d01c4c2cff8c33a7af3373a00c7dc078d73  src/asn/rrc/ASN_RRC_MeasConfig.h
bfb2f7693435f63c3544e50601814be87a7aba338cfff90855944a1f7eff9f32  src/asn/rrc/ASN_RRC_MeasConfigMN.c
92aab179f0545db6800ef181551a6125d5fe93d781d08ed535435032e34699b4  src/asn/rrc/ASN_RRC_MeasConfigMN.h
f86e9276c45f8225ca4495644bce5e582d18186c7ec8ef382ef639db0325d9c9  src/asn/rrc/ASN_RRC_MeasConfigSN.c
9bcf9ca2868b28534a603e41d98f5e9ab4c3c28e947f29f75b8e6a89041f7834  src/asn/rrc/ASN_RRC_MeasConfigSN.h
8cece868dfad3ce3821528909ad5272e10fca6a60b0f0e79b5b958b21aa1b9ff  src/asn/rrc/ASN_RRC_MeasGapConfig.c
8548de107d708b1bb608f978038b3f69d14d43002eef1ce202a28947f4f6d584  src/asn/rrc/ASN_RRC_MeasGapConfig.h
5778f620a8466eef30718f18489ca8512c7e3f47d4762bece2770dcce167193f  src/asn/rrc/ASN_RRC_MeasGapSharingConfig.c
e4fc74ab60695f3e146b6ede9634c1d3240457dc883894def1f711dbe46a81a6  src/asn/rrc/ASN_RRC_MeasGapSharingConfig.h
0725f4096d0a6d30c8d923a7315d04771189459c8041fa60d65e91cbb5cd571a  src/asn/rrc/ASN_RRC_MeasGapSharingScheme.c
feefc4864fe7d4f904875365d7e0da961f9d9831fdcf765be90b9514cf977320  src/asn/rrc/ASN_RRC_MeasGapSharingScheme.h
075d3188bea1f64bf85e0bf87793365efc494d71b030b2e4a211505cabcce08d  src/asn/rrc/ASN_RRC_MeasId.c
51a8f037e2da46cfe75ceedf6ef09dbbf57640298aa6103d60a37d2eeaf4f3a5  src/asn/rrc/ASN_RRC_MeasId.h
d2ae853dfa060d6647d1693ce3d5eb612182dd4e0fdd202ec9dcd7085bd909e5  src/asn/rrc/ASN_RRC_MeasIdToAddMod.c
7e43b5350dc4a3852c5efecb7cc8edaf9795a6c97f9fcc010c7ccd4131a33f2d  src/asn/rrc/ASN_RRC_MeasIdToAddMod.h
89b2ce89a441b3e6a252a0f5f98fba93ab43f09a6565e008ea0652dec0691061  src/asn/rrc/ASN_RRC_MeasIdToAddModList.c
5343c53f8adfc6528a0983c18953cb28a9325dbabbb0d10db86d4180ba0453f4  src/asn/rrc/ASN_RRC_MeasIdToAddModList.h
064cb61fc2fa66154abd0f9d4759e20248b98561ccae78a22703c94f6516b671  src/asn/rrc/ASN_RRC_MeasIdToRemoveList.c
30bb12f99b5a5bcfa89cb3048ff704343812e72aea30b3aa6291710e14ed6796  src/asn/rrc/ASN_RRC_MeasIdToRemoveList.h
87b2c0a688a31d0c2dbb4b33b060fab97b199729197f9a56c771ac633ec9454a  src/asn/rrc/ASN_RRC_MeasObjectEUTRA.c
63feaf238593881490572c829a5675b18ff4fc4b0bbf7dfa879b642f38131f63  src/asn/rrc/ASN_RRC_MeasObjectEUTRA.h
4f34f281a8194cb82a2c66fc7615182405ec10a62b8b2d4cad39237e8f767113  src/asn/rrc/ASN_RRC_MeasObjectId.c
9ddb83dda93bbeea1d917c472e8aeef1906c0834e967aa67e0cb24418c9b81db  src/asn/rrc/ASN_RRC_MeasObjectId.h
7f5d69a3e703d9a21910f7e4ec9450ba68aa12c1ccfc37fc7f17e38c14d639c2  src/asn/rrc/ASN_RRC_MeasObjectNR.c
28b180bd4696ffc423470f8d110f0bd342591219d9f796d21081d118893f984b  src/asn/rrc/ASN_RRC_MeasObjectNR.h
2b857f0616099770afef33e0b307ad0b0c3073126d6474ac4d7ec9bb7568ea29  src/asn/rrc/ASN_RRC_MeasObjectToAddMod.c
0252f904cb7f36e1ef712cfb6f74b807e84785f4b796ac91e27b7b18bce7484b  src/asn/rrc/ASN_RRC_MeasObjectToAddMod.h
a076f1634e8222ed259e507d08af33e864e640f9475a65f4356e09fef44798c5  src/asn/rrc/ASN_RRC_MeasObjectToAddModList.c
f86e17fa24afff4bf2ab119d6ae9e942af99675a7300ba204649d162509e211d  src/asn/rrc/ASN_RRC_MeasObjectToAddModList.h
60d0f54ea36f3607149498f3aa701cedd1c0f556e139f299d76ce193e1ccb0ce  src/asn/rrc/ASN_RRC_MeasObjectToRemoveList.c
676fa4787f4957ff28f6a492b903d7a6b3c0c3c4091f91e06eccac684c7faedb  src/asn/rrc/ASN_RRC_MeasObjectToRemoveList.h
8a27d7b02f2615c06831ed39630561d120c2581d88403f0baef052d10aa1b15c  src/asn/rrc/ASN_RRC_MeasQuantityResults.c
4660b37c88b31b046765f554d4064432b88e67e1d2eac02f13a5a8ee59260de4  src/asn/rrc/ASN_RRC_MeasQuantityResults.h
8d1a1eae33b797d7958ebfe0046e46a37b3326829690e23921aa5cc7254ce8b7  src/asn/rrc/ASN_RRC_MeasQuantityResultsEUTRA.c
831df78a4483ed67a4ac746ddda74b7c2470f6c591839c9c72753ec7cdbb3639  src/asn/rrc/ASN_RRC_MeasQuantityResultsEUTRA.h
2038d858896b4610a46b5e4d59f533f5e6b285ff9492294dca6e2f5503b0f7f7  src/asn/rrc/ASN_RRC_MeasReportQuantity.c
4bcaa355e3ba6480cade39b42a5976de0c85cae761dfbb1d16a1f82679cf0412  src/asn/rrc/ASN_RRC_MeasReportQuantity.h
8813a50df3559ae3bca216a67b53ea63d720dab120e5a23ff77739349b56d8b1  src/asn/rrc/ASN_RRC_MeasResult2EUTRA.c
68b9d7a8c509bbc810e6ce17aa047f9cdfc469cb0aa2e0109315e3c910f54979  src/asn/rrc/ASN_RRC_MeasResult2EUTRA.h
7276d2b2dddda0c3668da0e270b02159f487dcc6ce0bc9edd7e4bb8afd0b35b4  src/asn/rrc/ASN_RRC_MeasResult2NR.c
c059b42b4eacc31161ca9701b877cc98e0b620f084599c138a3586f1aaea5e69  src/asn/rrc/ASN_RRC_MeasResult2NR.h
190f066ca08a0c32583edd19f18b252e73ec1ce064fa109f40eef1e227249755  src/asn/rrc/ASN_RRC_MeasResultCellListSFTD-EUTRA.c
3bc0e61b139205f49f98314b6e9e5a542f0eff8dfba6824c91e71462bd50d36e  src/asn/rrc/ASN_RRC_MeasResultCellListSFTD-EUTRA.h
f73664a78e2125ad3e6a99cc411436f50f106feb785ec6f96338068373c1c0c3  src/asn/rrc/ASN_RRC_MeasResultCellListSFTD-NR.c
e7f7590d624c65b9e7cc11b8a16abd57c962ad1e8e6ec419b143639982a98b86  src/asn/rrc/ASN_RRC_MeasResultCellListSFTD-NR.h
a185e9519826e80d7e240accd7a31de2aaccf32e1a40e2285a55d8defa09f527  src/asn/rrc/ASN_RRC_MeasResultCellSFTD-NR.c
599c7919bb40ab9ba722451d8c0bba62ab043f25395312eb99676b6b56eacd6a  src/asn/rrc/ASN_RRC_MeasResultCellSFTD-NR.h
e045eb762356a04518c0c81bfe142d73f553044d6eb06e0fa14f22a0e14522a6  src/asn/rrc/ASN_RRC_MeasResultEUTRA.c
9a8a25e574ff5a971d2e5436ec7610fac0ed1616f945034c69c01bff82462602  src/asn/rrc/ASN_RRC_MeasResultEUTRA.h
076aea91c0fd7f69bf8564db8de8d03ef0125eb8980b7e49c2290dc4ac7079f5  src/asn/rrc/ASN_RRC_MeasResultFreqList.c
92562059a8a822fef31b5edc020f4dd2a061bb9eae2eb0867903d4ef030b1bba  src/asn/rrc/ASN_RRC_MeasResultFreqList.h
b941c65e772e3715e035f07444f2a8b4f5bf9840e6d12e82dde7ae04a31843dd  src/asn/rrc/ASN_RRC_MeasResultFreqListFailMRDC.c
f664bb5efa5f8d58446349cf82c8f4ebd62dcd89c9f7fc5d471c374ec7841a34  src/asn/rrc/ASN_RRC_MeasResultFreqListFailMRDC.h
c5d3d4ddb06db3c3c2e8ecdbb74557a962fc639efa50fa31998e5e5346bf8e5c  src/asn/rrc/ASN_RRC_MeasResultList2NR.c
133ef4a588d2a71f760cb237f2abddf8b4fed69d0657553fc8c6281246f7a54b  src/asn/rrc/ASN_RRC_MeasResultList2NR.h
3274f3689c6ba5a6c6c73c3081e4a1011acad50307c260566b7974dbb490a7b0  src/asn/rrc/ASN_RRC_MeasResultListEUTRA.c
89c8950f603f8f63ed6e7269a3c3629fc7d4052354e8207609d358ca10d3260a  src/asn/rrc/ASN_RRC_MeasResultListEUTRA.h
e4dad475cea578bc98863d1be465e9aa1c1362f53e946d749227110095835d80  src/asn/rrc/ASN_RRC_MeasResultListNR.c
c331811109f3df95b7afd31d2957133590d2ce9c5962b96d85898527ae30a20e  src/asn/rrc/ASN_RRC_MeasResultListNR.h
6aa50f1810841fdf669a8a4693d6d1a34f8d1af9b6afbaa73e3803ed7efec0bd  src/asn/rrc/ASN_RRC_MeasResultNR.c
2351fb0334ea3b302c7d4ea9636bb7650596beb27654d9cb1677ed0020b113f9  src/asn/rrc/ASN_RRC_MeasResultNR.h
a23e4218c4b994053c34b9ebd8dcb5080c2db6a21a9dd7691b186cce1c2cf9e8  src/asn/rrc/ASN_RRC_MeasResultSCG-Failure.c
f4a3df8142dce9461c376030b3505bc9ff999b25e7b9bdf91f7f08676d676713  src/asn/rrc/ASN_RRC_MeasResultSCG-Failure.h
71214c8f7bdb937f911f3adab2b27fb8120b7e74e23e4f07b1bc51bd25f11d41  src/asn/rrc/ASN_RRC_MeasResultSFTD-EUTRA.c
47c1518dd6ec43cb24e99ba1d37c4c4553b9780827e3d04f5874775e24aa1d63  src/asn/rrc/ASN_RRC_MeasResultSFTD-EUTRA.h
0de84ea748510e0608a78cf484654fc0f3dbdf7740bc3f6c0291bccf7aa21e2c  src/asn/rrc/ASN_RRC_MeasResultServFreqListEUTRA-SCG.c
acf12f9a81a5c14daf83718871b52b37bd285297874d71dfba2c276a92bb412f  src/asn/rrc/ASN_RRC_MeasResultServFreqListEUTRA-SCG.h
1a676a80a40c0b1aa53f774adfd313bf0375c74a5cd3dded33269379ee56ea8f  src/asn/rrc/ASN_RRC_MeasResultServFreqListNR-SCG.c
4a6b9840b03f2fcc0669079777b2f285b8a4b72004a8f986309f041575324b7b  src/asn/rrc/ASN_RRC_MeasResultServFreqListNR-SCG.h
0448ff778b9dab833233cff2cc331de1f67b577ff7d0d1c1041aa53afac57dcd  src/asn/rrc/ASN_RRC_MeasResultServMO.c
dafc0a880bb6964859228abc1d3946902add20006c7fc67c5a0af69d24eb9c2e  src/asn/rrc/ASN_RRC_MeasResultServMO.h
3b556e2477874fbdf4b8d7ba9a991b0429aedf1908f9798038fe47395e08f59d  src/asn/rrc/ASN_RRC_MeasResultServMOList.c
db7562c2c181e1ee2d6f8eef6200b479a81bd254c6ce3a234a483f3eae421f98  src/asn/rrc/ASN_RRC_MeasResultServMOList.h
63b65e15428667b52cb75a6d74a6e4746adcdaf144c69407e83f96f79b213de6  src/asn/rrc/ASN_RRC_MeasResults.c
cb2d484e26c256e302168a77e67f68a75bd6e616eaca1f7305abde2b3ebbe588  src/asn/rrc/ASN_RRC_MeasResults.h
f63982d05abad557e0266ea57720e92cba846da6b53ca3e0ea5bce3f013355e5  src/asn/rrc/ASN_RRC_MeasTiming.c
8001cbe0511b12ff2cff5407144396096e792fe09d6b00e9536fa6fab25a949b  src/asn/rrc/ASN_RRC_MeasTiming.h
7224dd3c8fb2e27bf0a3623023f926342d5d79586c8ac57be8ccb4a8c05313d5  src/asn/rrc/ASN_RRC_MeasTimingList.c
fbe78345a101c69bc1cff4bc108752bb6d44d63c6cf9f526d29f0ddb73421a69  src/asn/rrc/ASN_RRC_MeasTimingList.h
1db8d0470073dd4b4a66c0f8215963a33a4dd3e141a01f09b143e2aef43ad986  src/asn/rrc/ASN_RRC_MeasTriggerQuantity.c
d3044c97692c2d53050aefe6e2382208f91e7473cc0f4501a60906a311aba65c  src/asn/rrc/ASN_RRC_MeasTriggerQuantity.h
22c02f53f8922ee32b1cf38c428e4a3cae27ca309a93c129002f74541b79f1b9  src/asn/rrc/ASN_RRC_MeasTriggerQuantityEUTRA.c
6f45fdc99dba07d42edd53cce4fc401c08d7b181fdcd54f672b0e9f5004c14a1  src/asn/rrc/ASN_RRC_MeasTriggerQuantityEUTRA.h
f6dd1b05a0f410c3f11ddaf5bc0c66b88fc2a2f2677506d87f255a5cab1737d6  src/asn/rrc/ASN_RRC_MeasTriggerQuantityOffset.c
e53531c2564c3ebdec000c22a4395bae62ed9dc172a25b3c1c0f44e4d0a08880  src/asn/rrc/ASN_RRC_MeasTriggerQuantityOffset.h
7c63d2c4225494459ae4aa99dbe061f82589b7d3946830ec330fbf066069f5f2  src/asn/rrc/ASN_RRC_MeasurementReport-IEs.c
548fbcdddc79eafc3855a07599defa77f9e0a50181ac58b82ddf785f44f981e6  src/asn/rrc/ASN_RRC_MeasurementReport-IEs.h
f29b96aa9af7b4b13c8b4710776629f8a156935baef99fb71ba3d89dc8e573a9  src/asn/rrc/ASN_RRC_MeasurementReport.c
a922a0cd079f75217188491f6910bd1d070afaa5523e35dd2d68fe153c0e15f3  src/asn/rrc/ASN_RRC_MeasurementReport.h
c78230c1222754076aafa7cf1b64bc34e65d604e3358d7cfd5ad48024f07fc34  src/asn/rrc/ASN_RRC_MeasurementTimingConfiguration-IEs.c
9c83242eb742e5abadbd4396c3384efe8138c1f0c9337f0191baccf7d32168ee  src/asn/rrc/ASN_RRC_MeasurementTimingConfiguration-IEs.h
7170321be98f195eccffb2fbecca4b0bf31d9e653e5ea7ca5e5bbcc9263f4410  src/asn/rrc/ASN_RRC_MeasurementTimingConfiguration-v1550-IEs.c
370a1b11eb0ad3b8514ee1770cb5f16b1b642da99601948ff7725807f15f1367  src/asn/rrc/ASN_RRC_MeasurementTimingConfiguration-v1550-IEs.h
ae387e51334f799ce9149e5ad078ece4734b95d1cb7666e34d37c5fbd6af9211  src/asn/rrc/ASN_RRC_MeasurementTimingConfiguration.c
21878e32b8a020019631884f2cfdcdfac107a274ec9b1c06776f2cf1ab8b0738  src/asn/rrc/ASN_RRC_MeasurementTimingConfiguration.h
62db8deec234fc3433be007bf0062ac73e48c7edb03900cd775e3ba0a61ce331  src/asn/rrc/ASN_RRC_MobilityFromNRCommand-IEs.c
10e847d21756fbbba846cda466426a53b7035d2c5948204d7eaf6db0c7998583  src/asn/rrc/ASN_RRC_MobilityFromNRCommand-IEs.h
bb3422ef2032d086597d0993578df02e93907ec3571f401bea16afc8e3de6abb  src/asn/rrc/ASN_RRC_MobilityFromNRCommand.c
96f96d09c6023d53e65a050fd1c2dee6f5c6d768ad3452c0a619ef05e618ff45  src/asn/rrc/ASN_RRC_MobilityFromNRCommand.h
4705cf7be2a7535fc2dc581f6057caaac196e662bdb06155647232fa28b3e1e3  src/asn/rrc/ASN_RRC_MobilityStateParameters.c
a7a75df5ff5534ab74829e5c61ce1ed4ac1f6355d85363d713aa7d73994c8950  src/asn/rrc/ASN_RRC_MobilityStateParameters.h
74a38cb576028df9596fe65bb1e4f350b304dc4cecbae94f4fb52e956d61a50c  src/asn/rrc/ASN_RRC_ModulationOrder.c
1c9e5fb23583ee5f5728c18c3d3e03c05aaabc75405446ce41771e4264638ec8  src/asn/rrc/ASN_RRC_ModulationOrder.h
90b92b767b36ea19d83c6fe6f201e5604cf5e3653a2bfd8e6555efe853dc2f5c  src/asn/rrc/ASN_RRC_MultiBandInfoListEUTRA.c
645f0045387a2f13a8008f419cb443d034509971753e11f04abba96d437300aa  src/asn/rrc/ASN_RRC_MultiBandInfoListEUTRA.h
a13467fc6c077715cff819e95464100cfa739254ec085b08051ac83c79bb63b7  src/asn/rrc/ASN_RRC_MultiFrequencyBandListNR-SIB.c
3c7b27808bcda96b4cf66d35c67518b9f98a979c449cd6cd0cb841e94df21fe5  src/asn/rrc/ASN_RRC_MultiFrequencyBandListNR-SIB.h
888ca421dd705e7dc5b223681dfb0e222e9492159f971bd7575b0d865f5330bb  src/asn/rrc/ASN_RRC_MultiFrequencyBandListNR.c
9475f9d89af1648fc1c036d3ee55fb9d1e776f359fd009e8e580c864c1b1b12b  src/asn/rrc/ASN_RRC_MultiFrequencyBandListNR.h
24060890c6c3f8b8b387bdc17cc4d3eba985acdb4a2c84818db6b180b4ed6dae  src/asn/rrc/ASN_RRC_NAICS-Capability-Entry.c
0171c7127e25a7d18dce303e2dba0bcef493c6b20cd2961e98ad53200bbd755d  src/asn/rrc/ASN_RRC_NAICS-Capability-Entry.h
0abe1469806cfb40e6a3403760f9fdb73ea1b4d4a6dc861efe0cfab348af70ec  src/asn/rrc/ASN_RRC_NG-5G-S-TMSI.c
770f85c0c2313752db374aa3d9d767c03dd92a8c3dced11cdee7ecfd170f252e  src/asn/rrc/ASN_RRC_NG-5G-S-TMSI.h
28987af06fedc2bc4e65d9d1b4ea6821be19a83366cd4ecd15290d0352308bd2  src/asn/rrc/ASN_RRC_NR-FreqInfo.c
2e1a66d3757740e3bff1bb8475e8eba1c5d29cb5a71e8a548375719228a65126  src/asn/rrc/ASN_RRC_NR-FreqInfo.h
bff8844971fd82ac09dbbc2a849c40a78e579e7ef1300a9fe3ded59c5de469a8  src/asn/rrc/ASN_RRC_NR-MultiBandInfo.c
6020be7e1a514eec58cc7190e95e93b5c7a24aa86415adbdde9c259c5d90309c  src/asn/rrc/ASN_RRC_NR-MultiBandInfo.h
4dcfea7b6bda00327947a7b3ec8a251bd285ffab07c385f41b3b7984a7cb2eef  src/asn/rrc/ASN_RRC_NR-NS-PmaxList.c
59141eb622129c29190555ed4ea81b78ca554d85b76c7e25e4733c1a44ab8ccc  src/asn/rrc/ASN_RRC_NR-NS-PmaxList.h
df9f09d63a7fb3f5c6b0ef10d3250f98bfc08ff9bc7241c1d24e88c050f1bcbc  src/asn/rrc/ASN_RRC_NR-NS-PmaxValue.c
c7e39494e0beff1d02b02368edd5c8b00876358e3d8e46e706e5131adf9e90df  src/asn/rrc/ASN_RRC_NR-NS-PmaxValue.h
7693fe9b7b6ca2b6b1eaa433681611d0a8ce521079b4e7ad543375bc6127c28a  src/asn/rrc/ASN_RRC_NR-RS-Type.c
696f441cdad3dd67fc629c2305dad76427cef4acc2894bc073b3125f63597fc6  src/asn/rrc/ASN_RRC_NR-RS-Type.h
ad2e5aca320482a835d2ef7f85037d80dafa7f6d8832fb20aa3fba1d86cff334  src/asn/rrc/ASN_RRC_NRDC-Parameters.c
ae2651feaa86c5a63575c118fbada2415c093a156abb7a64c44c5d5f56db2a62  src/asn/rrc/ASN_RRC_NRDC-Parameters.h
04363539bc7215161de21d35cd596111abd537246280a3a72a8678ed9ba08377  src/asn/rrc/ASN_RRC_NZP-CSI-RS-Resource.c
f8065fb794ebbaa6ad03b2ff27c3ec7e650d551691a5fd8613b8cb13673304aa  src/asn/rrc/ASN_RRC_NZP-CSI-RS-Resource.h
d850680408e6b5bd48ddc0a61e4ae9524853127aa52d514c8490308411480c4e  src/asn/rrc/ASN_RRC_NZP-CSI-RS-ResourceId.c
0be4657fc86ce3ce72ac7a14aa77ecb21ebc0c5c4504c3af0e7539f6f3b15676  src/asn/rrc/ASN_RRC_NZP-CSI-RS-ResourceId.h
2ce95086d689dfab04c2c20df8b34f025be914b1db9fe380269c071ec8c9507a  src/asn/rrc/ASN_RRC_NZP-CSI-RS-ResourceSet.c
b9f275813f3bd81cb6ee5b1fa936253aa35b1b0c220a9c2e58b1f7cd62bf2008  src/asn/rrc/ASN_RRC_NZP-CSI-RS-ResourceSet.h
64f56842d3180c93e171132c94b177b13dfae5a7c9780b797c8564dbee6dd6c6  src/asn/rrc/ASN_RRC_NZP-CSI-RS-ResourceSetId.c
5284cb086a3acca04924cc68ee94eed94f0c544069ff643678f4bc0ec0397db1  src/asn/rrc/ASN_RRC_NZP-CSI-RS-ResourceSetId.h
7c404289fd42c492dd71696be60e350f877822ba7d15f525701975caea978c93  src/asn/rrc/ASN_RRC_NextHopChainingCount.c
da3594922a961e556a835f1ba0dbdc405ac931343b843d8cbc7cc91ce5c2cb77  src/asn/rrc/ASN_RRC_NextHopChainingCount.h
77beff37c6995386c014011b8475003464aaf7043b49959cc653e2ad35be92b4  src/asn/rrc/ASN_RRC_NumberOfCarriers.c
8e96ec1051a9d9c6689750e1711f998a050b9e09140597d7e70c7495554332f7  src/asn/rrc/ASN_RRC_NumberOfCarriers.h
739ab946f63bba2d527c410b26d76602fe2264cbbf42178b8390a4d62cd98453  src/asn/rrc/ASN_RRC_OtherConfig-v1540.c
2ad49bf330867dabb2532cc5a9d5b75d256b75552a868aa998095efb01a00a3e  src/asn/rrc/ASN_RRC_OtherConfig-v1540.h
8bce5404fa42f00c7828b4bb3b682fe3ba0bc18fe173daef4fe877bbc14a883d  src/asn/rrc/ASN_RRC_OtherConfig.c
63126322a50d0fed219879f539b1b937e655b4a1b0a116c66b4ea3afe25821b8  src/asn/rrc/ASN_RRC_OtherConfig.h
993ec0d9e370beef6266a23e4ce1f7659fd7276c3b08380b0300ea1ade83880e  src/asn/rrc/ASN_RRC_OverheatingAssistance.c
2003dc2fbbc1ac1c9154421b04a4264456e4112dc33c9ccb46213b1702f90d66  src/asn/rrc/ASN_RRC_OverheatingAssistance.h
b442362be93726713200900a59120327da35245e5f8e4a67fa701d1f51a325f8  src/asn/rrc/ASN_RRC_OverheatingAssistanceConfig.c
83b7a3566f297edaeb8c8c0a54b9273dea8429c1db3af93bc8323b4cdcafbd29  src/asn/rrc/ASN_RRC_OverheatingAssistanceConfig.h
da2c483f86b69c32312886ec0f56d395673cd804fbfc093369df5955d60e60b7  src/asn/rrc/ASN_RRC_P-Max.c
997917f2e76aef5c09582650d11af0ba4b67c955375a55547be225216eb539d0  src/asn/rrc/ASN_RRC_P-Max.h
068e89c48a28a5db898783fb8e405ad425912dd1ccbb6dc2c663d98e8eaf6b61  src/asn/rrc/ASN_RRC_P0-PUCCH-Id.c
e83b98119cf21b2240bdd14d3c7faa905c3a3edb6642f16ed1c0730542e11b57  src/asn/rrc/ASN_RRC_P0-PUCCH-Id.h
15e2c7241df21dcfc1dae1d57d4706b8ea86773df571bb91e631ca4f541810a1  src/asn/rrc/ASN_RRC_P0-PUCCH.c
663a9f534fc106c1309f6192afeb63e37a0e32965be4ea2784b58669a7f5df81  src/asn/rrc/ASN_RRC_P0-PUCCH.h
01d39171991da5abb757d2d0276fec46831580e454075019b344c402639df433  src/asn/rrc/ASN_RRC_P0-PUSCH-AlphaSet.c
51f0bf60bcd04b8bd9f6c81a1f6b9b98ffdca52b66e0559c1c14022f6ce49acf  src/asn/rrc/ASN_RRC_P0-PUSCH-AlphaSet.h
213c1ed2e2073a33b05d170e6bcf94f599775cd2a8aea9b08d24c69bdd032dc0  src/asn/rrc/ASN_RRC_P0-PUSCH-AlphaSetId.c
84916c0230f1299c313509a68cbbd029e975c31a09069d8423ac21ca65b63f8b  src/asn/rrc/ASN_RRC_P0-PUSCH-AlphaSetId.h
e327d60f46eaf6fd1df3bd885d9a2ea4d429322a63715ebbb3852008c8614e1b  src/asn/rrc/ASN_RRC_PCCH-Config.c
1840d5312af7c3f2d1c71232bc2d457fd137585ca32ab3a6c0c6c63606f94674  src/asn/rrc/ASN_RRC_PCCH-Config.h
93021781ec0f6aa16e3067a17500989b60fc848ba3357f04486266ceec7f54a5  src/asn/rrc/ASN_RRC_PCCH-Message.c
37dd9fd329e9764b858dce743c5265fe218e60a8fc08795de80b52353e00289a  src/asn/rrc/ASN_RRC_PCCH-Message.h
315894b0999c0c9a13e705ed8ce0418769eca3f015be5c76ed9631b58a9dcf4f  src/asn/rrc/ASN_RRC_PCCH-MessageType.c
61da48ef6812e87d04ecf2797d6c5032c0a3c1d5fa39db3c7ccfc53390946052  src/asn/rrc/ASN_RRC_PCCH-MessageType.h
2900843de203bccfe47732cf2cfcf6495fc118d676240accba27a48b60a32553  src/asn/rrc/ASN_RRC_PCI-List.c
4140964936b08cf5ae9b279df00770650d7e74da1de756f3250c9043f7065544  src/asn/rrc/ASN_RRC_PCI-List.h
b58c8cadd8932ebb2878ab6960e918d81c1025d8c0f63312d88859eb38c80572  src/asn/rrc/ASN_RRC_PCI-Range.c
95c7b38913d39983ca256eb7066348c4773830af980041fb66fdf5e70e72a2e0  src/asn/rrc/ASN_RRC_PCI-Range.h
31f936813452f1fbe0ecf5642fb367f109af3847050d7ae9161e59d5cab68057  src/asn/rrc/ASN_RRC_PCI-RangeElement.c
cf92d11cf79383875ea9bc0f4da561462a68a49a5a8c5de44d98f1e382a91925  src/asn/rrc/ASN_RRC_PCI-RangeElement.h
5007c384ed4bb08185c31bd1421bb68b8b9d99e6db6c4ed054fef32fac7341a3  src/asn/rrc/ASN_RRC_PCI-RangeIndex.c
251048d85f4d6f4461334e08585249607c13c2cdce821bdd68ff0ae3846713e6  src/asn/rrc/ASN_RRC_PCI-RangeIndex.h
df326e5f4825fe6de3eed5a451cdcb5491301ed3fb555a98f40c6d6fff506b7f  src/asn/rrc/ASN_RRC_PCI-RangeIndexList.c
ceb2e083e05b0b7d2f5730d59e8d5694381ee8f155ba5b23759f88bd01064b21  src/asn/rrc/ASN_RRC_PCI-RangeIndexList.h
8a65762ecf2776ebda828363f9e62e030222f448226eed1fc3412713de839961  src/asn/rrc/ASN_RRC_PDCCH-BlindDetection.c
837cb72e836565c83bb39a814aa619ab9c797f5e99cdd1e008d00ae8fd085d30  src/asn/rrc/ASN_RRC_PDCCH-BlindDetection.h
7d22fc08aa89fa2d6f7a51e15e1a7b8591bc5491d15338454d29249e56af3a49  src/asn/rrc/ASN_RRC_PDCCH-Config.c
47464a641650b26717bdf355fe57427c82b7adc390c741a7751f69f181349a3e  src/asn/rrc/ASN_RRC_PDCCH-Config.h
cc79c2b8f15d0ff762e3e28c397e4404363dac8d6bf1d9f77bd665ed645818d6  src/asn/rrc/ASN_RRC_PDCCH-ConfigCommon.c
1d39bb676dbbcd2d10a231b7c0761c43408fc881bc6775fb56d51edf5e0625d1  src/asn/rrc/ASN_RRC_PDCCH-ConfigCommon.h
726103a4e8c9cd992084a6983f8b5e58df87451cc4389a3b15368a62ac13074a  src/asn/rrc/ASN_RRC_PDCCH-ConfigSIB1.c
e2692acd70608b20c2b7bcdf021ca8430a342836558b390a2c7d6ae563b5263b  src/asn/rrc/ASN_RRC_PDCCH-ConfigSIB1.h
b04ad240968ca4555332b4735084336973f376d8c1c796086982765ade2026aa  src/asn/rrc/ASN_RRC_PDCCH-ServingCellConfig.c
ee2f34ef0230e34c60a3477b2a0bd7271997e115ed5e70e3eeea36b8c35d9b37  src/asn/rrc/ASN_RRC_PDCCH-ServingCellConfig.h
538d880550a15ee2be427f9a68d4ee3c5b0aefde616ab959b1289c08662ca294  src/asn/rrc/ASN_RRC_PDCP-Config.c
cf110f7ea61e03a6c8afbddee9fc54bc9345c1d368b0f1bdeb5e52ecd24fe023  src/asn/rrc/ASN_RRC_PDCP-Config.h
205081815bd9e9371e03c3f720e5331f8fe7aba38b080074b49cd3d8bff6f06c  src/asn/rrc/ASN_RRC_PDCP-Parameters.c
d5ca98a54b823b5590e29eed4f4d8c1b1b28eb3bc14f706e6d6844a3629b4b89  src/asn/rrc/ASN_RRC_PDCP-Parameters.h
af7918b1d365db0cc8344fbc096c0e4dd354f9df75fa37071307d984cd7e7a62  src/asn/rrc/ASN_RRC_PDCP-ParametersMRDC.c
1985db25c9cc141b96e4049a533e7ac4928338efb5987b3cbfcda14872e9c962  src/asn/rrc/ASN_RRC_PDCP-ParametersMRDC.h
d063bbe821b44f1c7f3518fe7b71cfcd3859ecca2b3b2f4b3b3811d673f999bb  src/asn/rrc/ASN_RRC_PDSCH-CodeBlockGroupTransmission.c
b69d3ab699d10f8c5977c1e9936b49343c01213c3b635ae077d95c6d4fbfd61f  src/asn/rrc/ASN_RRC_PDSCH-CodeBlockGroupTransmission.h
dd63d98fc564ef8027634a1e4c958a5c703ef1bbaa62f3e0acdda06aadc5c12e  src/asn/rrc/ASN_RRC_PDSCH-Config.c
513e05f4bbe256d17c7326cc8c307d5ebf58367a14b89096a4c130737c66c435  src/asn/rrc/ASN_RRC_PDSCH-Config.h
2545088f17d9bcd27a8caf7b3a917e6982697eae405be42c5154c07d87ea58fe  src/asn/rrc/ASN_RRC_PDSCH-ConfigCommon.c
d9a4a017c1bd442acc9549976ff476664af915e0fbc47a3897ca8871a801d847  src/asn/rrc/ASN_RRC_PDSCH-ConfigCommon.h
1be44ccdf7e4ce868281fb3114292e4706670601d788c9d7a8307e6fb4f55c3d  src/asn/rrc/ASN_RRC_PDSCH-ServingCellConfig.c
67f15cf5d2fbb66e55a20cceb623118f595073f0795a4188dcee9cd2cbd32ace  src/asn/rrc/ASN_RRC_PDSCH-ServingCellConfig.h
a1f4c9f041efe162bd878657a511a4798f53f9cda776b0b07499976f392f2048  src/asn/rrc/ASN_RRC_PDSCH-TimeDomainResourceAllocation.c
cc45a76ea256b91178a1d7478c21b61ffa494a10aec0158564707e1d82d6f776  src/asn/rrc/ASN_RRC_PDSCH-TimeDomainResourceAllocation.h
93ba0d8c033a61051fc6c64c05c4735c79e4bf0a5bbdd0f7c115f46cb5377ad9  src/asn/rrc/ASN_RRC_PDSCH-TimeDomainResourceAllocationList.c
c1e6623b04cf145aa91d4c2ce6c4501cb659b751c7079fe2f3f4b9ef04c298e2  src/asn/rrc/ASN_RRC_PDSCH-TimeDomainResourceAllocationList.h
5d3f5c6012836d04601973eeef544e1f882d9e578f9b46c2890c8034924b8efc  src/asn/rrc/ASN_RRC_PDU-SessionID.c
cee885eed5004804c939ae8e32e54cf14c1be731a26c4cf463ce4f65828225b9  src/asn/rrc/ASN_RRC_PDU-SessionID.h
ab9d42c5b995971d5ad46b4f925d7a582af46973b39507c7fef87a21b05b4528  src/asn/rrc/ASN_RRC_PH-InfoMCG.c
c13f9025d3f01fd8875024b209269b7ea416f6cc885c1c3ef57f0a249a572dac  src/asn/rrc/ASN_RRC_PH-InfoMCG.h
8f185ae7192b36738cf954e9be7c5391caf38576d66f2836ce0b36b270b82284  src/asn/rrc/ASN_RRC_PH-InfoSCG.c
68291dc0fcd80430848e24d09d03fa1143d6403729ec1e32881185b5e4abad57  src/asn/rrc/ASN_RRC_PH-InfoSCG.h
71949377a27ae305586aa4d61192987da845f7d9fce36fc05415025622877139  src/asn/rrc/ASN_RRC_PH-TypeListMCG.c
5c6dd33d41f9b86612fa0a19338e81da4a1f961358cbade573aed8986b0fe3fc  src/asn/rrc/ASN_RRC_PH-TypeListMCG.h
d5889ee13270ad8374553848ee19d05089061f6b6e32ae63412f421aba3e9247  src/asn/rrc/ASN_RRC_PH-TypeListSCG.c
2a25616f0e1e37b1aa9eaa855a463c672e90e95b57f628385f59573bfb87b58a  src/asn/rrc/ASN_RRC_PH-TypeListSCG.h
882721a31b7e53a86b13cb93f36326dbfd631b02f6497e5f9dbf62fd3e428442  src/asn/rrc/ASN_RRC_PH-UplinkCarrierMCG.c
61d1695e6294b17c205953f5fc0681d26d87664b869ecb5b98a0b6dfcc1a7c33  src/asn/rrc/ASN_RRC_PH-UplinkCarrierMCG.h
14a616df99371a08636a8d23d3651bcc39880ac5d9e3135c26bb6941f87c3fd5  src/asn/rrc/ASN_RRC_PH-UplinkCarrierSCG.c
5c56b0f9b148503f04a8824f5690dd8bb2e8b2c4b5c0e8b88eec208b9a42db3e  src/asn/rrc/ASN_RRC_PH-UplinkCarrierSCG.h
5f930c93304154ef7921458660f0f8e6eff38501c0fd72d72c9c6d2a31be6df8  src/asn/rrc/ASN_RRC_PHR-Config.c
fe52eecd5191b5e39e8530013c1a43623b7c6b0cca0a3d7d5aa188587a3dc984  src/asn/rrc/ASN_RRC_PHR-Config.h
f3971c957e1982b5f778f5f296d235b6c0825e2c264b5637fc2d86451972f607  src/asn/rrc/ASN_RRC_PLMN-Identity-EUTRA-5GC.c
382dc3da2040ffd632629b9ac5e357fd0a6247f25730ad40dfc07073438c48c8  src/asn/rrc/ASN_RRC_PLMN-Identity-EUTRA-5GC.h
2db2ea6b0d433f80a35ff4633b78e764f9571e0524fe9d9db842e3ba6751e5d7  src/asn/rrc/ASN_RRC_PLMN-Identity.c
b82f424004fac688fc1cac09f9f391ad17ba089fdbb9ab1aac9327c400405f83  src/asn/rrc/ASN_RRC_PLMN-Identity.h
28c6cefca82ddf08fbd92d0f65036ffed963ef69390a0112b727ab31022565d1  src/asn/rrc/ASN_RRC_PLMN-IdentityInfo.c
95e576eb5d999fd52c3563c605b0fbe7420364ea77f5b47fe857ea34e4a4a6b3  src/asn/rrc/ASN_RRC_PLMN-IdentityInfo.h
7a2764bfe54446a6ddc14f4d80c68e95c16e230fe4ed6f0173eb59d856507d9d  src/asn/rrc/ASN_RRC_PLMN-IdentityInfoList.c
21f35893e056ee0ef3c062e5762d2faca1648f24c48a66035243303edde1d6e6  src/asn/rrc/ASN_RRC_PLMN-IdentityInfoList.h
76428ebd88927471fb4ef51d9dd300d57bcf43dcbc99ddce4b7d86b8a9463ce9  src/asn/rrc/ASN_RRC_PLMN-IdentityList-EUTRA-5GC.c
fb884419445cc84c8b5085330703898b40d119947c8ca63605ddc2e26d8229d9  src/asn/rrc/ASN_RRC_PLMN-IdentityList-EUTRA-5GC.h
379dbdbe11070bdb4e9f9da7d23fab3ba0eeb105cc0ff5445d717ca09e2e073f  src/asn/rrc/ASN_RRC_PLMN-IdentityList-EUTRA-EPC.c
2a6115fb3356b4ca01f7012a3498bb9b17683b8c51543b07680e740c7d5d57e4  src/asn/rrc/ASN_RRC_PLMN-IdentityList-EUTRA-EPC.h
946ac46461a8dd95ccac13df2cc5cec8d4c882870e9774270bd55a4419e712d4  src/asn/rrc/ASN_RRC_PLMN-RAN-AreaCell.c
1659390a36e3e666588ca5aef08b1bbc38957f2a869c16f1bce0f5feb12ecaf0  src/asn/rrc/ASN_RRC_PLMN-RAN-AreaCell.h
ec28b881f2f0029d8ca58d30530dc7021541da35387e1bd83b93b04dbd3cb5e8  src/asn/rrc/ASN_RRC_PLMN-RAN-AreaCellList.c
a0e710f8e16bb3de6e089e011ca2128cd87d7fbbfbd616c254590995821bfa42  src/asn/rrc/ASN_RRC_PLMN-RAN-AreaCellList.h
a9c0cff6f7a72bfc68dd35f3764872e96c3c6ba8fe09df977021a96d8af88208  src/asn/rrc/ASN_RRC_PLMN-RAN-AreaConfig.c
ce102a5ae9820d84d58908f8a0c768044f18cbeb580067b95c5ca795f0416e09  src/asn/rrc/ASN_RRC_PLMN-RAN-AreaConfig.h
7706fb5afb81f5429eb79fdca4b8f09eaab2a3c5eda93bbd0b7d36b2b1d94d09  src/asn/rrc/ASN_RRC_PLMN-RAN-AreaConfigList.c
5208dc9e776f122f59ddd048f79997f9a21b190022a3aa71f76278fd9e916dd3  src/asn/rrc/ASN_RRC_PLMN-RAN-AreaConfigList.h
27d30564e86ef5591b328edb9490112c7bd3f31312612edcfdfaa8f2ee6acbf1  src/asn/rrc/ASN_RRC_PRACH-ResourceDedicatedBFR.c
74642374f116cea7bcbf1f435e63d991b225049a9a686c528e7932ce2cb657b4  src/asn/rrc/ASN_RRC_PRACH-ResourceDedicatedBFR.h
fed749088177e057621af59a1542924e2825f970576c9fcb8cc6301665bae57d  src/asn/rrc/ASN_RRC_PRB-Id.c
2655dcbdb4c458f6c2acb6ddc22a2da7eebe2cde4119cb2d4cd40775f5e9c751  src/asn/rrc/ASN_RRC_PRB-Id.h
95b3a2ea7cb429ccb583a96b1e752a8945f2b5fed105434e47279c7761dc8848  src/asn/rrc/ASN_RRC_PTRS-DensityRecommendationDL.c
57a6766c1963ca87aef96473623a3e2bf5a3050c579b6f088d823c42ef420a4e  src/asn/rrc/ASN_RRC_PTRS-DensityRecommendationDL.h
8b7b2c48b33d4e6438082f06d713f9ea307646306711abdf0abca03aa33efda8  src/asn/rrc/ASN_RRC_PTRS-DensityRecommendationUL.c
706ae633051d3720b865e74b04a88978243f4fa3387b81244bead3e7b764de7b  src/asn/rrc/ASN_RRC_PTRS-DensityRecommendationUL.h
ce82c46a9d6a297ce2e19b19a46dc97b8ff33ed29ead33c12565318cb004a79b  src/asn/rrc/ASN_RRC_PTRS-DownlinkConfig.c
b3a1829668c566925827bad6dfba2f29e825a656255539b9e9fff511c2809efe  src/asn/rrc/ASN_RRC_PTRS-DownlinkConfig.h
524defc74ff803f78679f16dcb8930d75fedc52df7397bbd1f6291bf17997a01  src/asn/rrc/ASN_RRC_PTRS-UplinkConfig.c
9a5a273dcfc3c9a25d3e018001f70ad1987732cc8da1377cfc09cbb62c5ebf90  src/asn/rrc/ASN_RRC_PTRS-UplinkConfig.h
0e9cab52eb3e659b4405b16444e272ec87b37cc448acbd1a4638bd5458777cd9  src/asn/rrc/ASN_RRC_PUCCH-CSI-Resource.c
beebc5e1866f8c102b2f7ad70bd2a1f61a263056b1bc0c3b1f2afeaae5f692bf  src/asn/rrc/ASN_RRC_PUCCH-CSI-Resource.h
9b96b032f9c6c35c3c548793676bb59b0ca16127cf77be524e93eb8af7b33ec8  src/asn/rrc/ASN_RRC_PUCCH-Config.c
2d4caa21b945ef7ee13cf5984aaba509a5ff084126869c12871acebf37618cd4  src/asn/rrc/ASN_RRC_PUCCH-Config.h
3e53b300bd0a90e1df0bf565eb5616b1c374d867c874ff16cf6c9590b9978889  src/asn/rrc/ASN_RRC_PUCCH-ConfigCommon.c
f458c9a74c788c06f6bc6711e2d6f4e52f64828e18028466906de7f77571ec3d  src/asn/rrc/ASN_RRC_PUCCH-ConfigCommon.h
6ddcf1f3a276d4af6f42a468ddf268ec4a53d29579cda6a2a1665f725544a9eb  src/asn/rrc/ASN_RRC_PUCCH-FormatConfig.c
11eba18e199553e048acbae3741e9a6e615187702dac9ee998d09f7a7b85e3e4  src/asn/rrc/ASN_RRC_PUCCH-FormatConfig.h
79a8a6de32a5dad25dc081291b904bea69192bf04994ece0e75946aced1e5221  src/asn/rrc/ASN_RRC_PUCCH-MaxCodeRate.c
118712b1469d95f032ea150801a31a8c3ebc05c02feb6d84b3c0de651920a7f3  src/asn/rrc/ASN_RRC_PUCCH-MaxCodeRate.h
b8de5a66d3fa064fd532f79ff47b4a1d3f5d3def065d20d087cfee7311ec5618  src/asn/rrc/ASN_RRC_PUCCH-PathlossReferenceRS-Id.c
f525d20484aeb68fce2d58fe5e06898d14b1c656f9910330788ce6e373fa2e4a  src/asn/rrc/ASN_RRC_PUCCH-PathlossReferenceRS-Id.h
b1e28688147ff68202741bade6066c870ad322e1a9b9704714242d74134ed5af  src/asn/rrc/ASN_RRC_PUCCH-PathlossReferenceRS.c
90ea519030f41e4f936938019f945b31771864f4bc614523c44f0e5f5ea12f7e  src/asn/rrc/ASN_RRC_PUCCH-PathlossReferenceRS.h
d24ac802919b4d66f8176e046e975f9ee60b25a42d91e2b5c0e7023f5185cbfb  src/asn/rrc/ASN_RRC_PUCCH-PowerControl.c
0e2e8a59b8e6b73fb872d6d93cda6b3064fb9af06e3dfce4019091b43c2862f4  src/asn/rrc/ASN_RRC_PUCCH-PowerControl.h
becdb830c988ab810d02f822abaa236e0171f7435e53d23ece9eee88502d2dcd  src/asn/rrc/ASN_RRC_PUCCH-Resource.c
27639880519be16ad2aab5362c88d68413943cf4521cfa0afbb2a32fa0659413  src/asn/rrc/ASN_RRC_PUCCH-Resource.h
90957c3c691c43c46fa1495a642229c1da98c5f6f1d9cf353a7ec48f42cb8a0f  src/asn/rrc/ASN_RRC_PUCCH-ResourceId.c
732ad81bb52ecb100b31a74732babbc2a837a2f93db00318c3271ae71d21ee77  src/asn/rrc/ASN_RRC_PUCCH-ResourceId.h
9fc3a1a4fca3c17cbe2bb4ffb1037e04b1e184d7a31f853b8e75862d5065896b  src/asn/rrc/ASN_RRC_PUCCH-ResourceSet.c
66bd0462943fdcd4ca838cff9216659ad83857ae4a8c4fc91c3348657ba2c8d2  src/asn/rrc/ASN_RRC_PUCCH-ResourceSet.h
dd0f47968ae39defe2ed743f01e37c5fc4627c45a7aa253f53acb3e4abbb30ee  src/asn/rrc/ASN_RRC_PUCCH-ResourceSetId.c
f27f0a849a434bad3c1570d291b224894bc7f65c67f43aa737eb4711376256aa  src/asn/rrc/ASN_RRC_PUCCH-ResourceSetId.h
a3ed7e5b7cd0406e15bc837153a9a4889dfad280de09a59eddf93e2480823424  src/asn/rrc/ASN_RRC_PUCCH-SpatialRelationInfo.c
c44d3d1b4bbd520eb7fa266fdd9fbbcbc9922f5498e81b92a75b9f8975d5ac18  src/asn/rrc/ASN_RRC_PUCCH-SpatialRelationInfo.h
20087fd85c5d3b265e4779390f1e52f928be70f4e2641f19a707ac30dbf16113  src/asn/rrc/ASN_RRC_PUCCH-SpatialRelationInfoId.c
64194c1119c5751a08055862a00c64d835d96563411aaa4f74669de7e60b140d  src/asn/rrc/ASN_RRC_PUCCH-SpatialRelationInfoId.h
050e589c3c3778a034cbfea2f0d27e4b2d18ae8abf70f0fa1ccc74121f0ffaed  src/asn/rrc/ASN_RRC_PUCCH-TPC-CommandConfig.c
9486c19ee582eb3a955e47ddbc2a39ec2c429cf3772dcbe13efcda2d90318eae  src/asn/rrc/ASN_RRC_PUCCH-TPC-CommandConfig.h
bc9515a2a6b6de6151b33491b248dc67bb867da0a1d61e24744e70ae2b388a9d  src/asn/rrc/ASN_RRC_PUCCH-format0.c
ec32ad3616e7f266a335c83fc97bf8ff65fd16533bb88823ea0bf8dabd1b4459  src/asn/rrc/ASN_RRC_PUCCH-format0.h
ccd69822b09ef8caae5a213ba8e85681ae9d895baa502cdda9c18ad79f85b44c  src/asn/rrc/ASN_RRC_PUCCH-format1.c
10455e031f9be0e595db704cebffdfcfeecc4b2f64c2aad39e5ea656d596ecae  src/asn/rrc/ASN_RRC_PUCCH-format1.h
33f3c2a7d6bfab9f9ba3c26080767940a69db8a95d53ff7ca1ea48bc43e2c7a3  src/asn/rrc/ASN_RRC_PUCCH-format2.c
15149158385fa1a76925303b53f254d6dd2ea6a221102fefd6ab7446aedeb89e  src/asn/rrc/ASN_RRC_PUCCH-format2.h
6ff2283b9306cc928c9d2d4729442ac0549c7c7f94affaf8115ff42780ff6a50  src/asn/rrc/ASN_RRC_PUCCH-format3.c
6dd44c7b98bdec9c6e7cb2e62095b74d51c35962559770b3cf2558cc304b9b45  src/asn/rrc/ASN_RRC_PUCCH-format3.h
26e22697e05606196680f546ba338e57c15271180a9ca7e748dff98020a64ad8  src/asn/rrc/ASN_RRC_PUCCH-format4.c
7d0df777b3e142c91fba0566aa3a7bf7c158f29d0225544e793e41c6850f587a  src/asn/rrc/ASN_RRC_PUCCH-format4.h
40e2cdaa38d22c54d1fc55a1f34fc4108afc6914238643e2495734d1ce2f2275  src/asn/rrc/ASN_RRC_PUSCH-CodeBlockGroupTransmission.c
39829e28369bb7b9bb2a8e7fc4928409be418cebc1aa83113a3a479861688199  src/asn/rrc/ASN_RRC_PUSCH-CodeBlockGroupTransmission.h
c27ffbc6eb0629994a81f4c645073467b9cc4f91a85073390f39c62530c3e050  src/asn/rrc/ASN_RRC_PUSCH-Config.c
c9a315e00f484dc94c591e68bcefcb5074dca30c5c6c3ea608b959d6e9c0bfe2  src/asn/rrc/ASN_RRC_PUSCH-Config.h
63f078be6f5d07719032966433b775db9f19fa363f636e4561748a1fc71d30af  src/asn/rrc/ASN_RRC_PUSCH-ConfigCommon.c
20ce73f274fd205310bf0e7e41fcb68fbfdb664dedb2edc0feb804746076e726  src/asn/rrc/ASN_RRC_PUSCH-ConfigCommon.h
45a1413ec9684add27d4d0effbb0b55c31dc096e0e604863fea8c3a246267c46  src/asn/rrc/ASN_RRC_PUSCH-PathlossReferenceRS-Id.c
d74c8025e802358ee29df5290444c70f75baa565ac1f0e2af08ffc81bcfff767  src/asn/rrc/ASN_RRC_PUSCH-PathlossReferenceRS-Id.h
8f1c933d22f8c528db4811942b513def05d33a08cca45c7ef8d99b4748f64abd  src/asn/rrc/ASN_RRC_PUSCH-PathlossReferenceRS.c
7a6d1bd8917c343e3ad3f502239109b3e466b18ab21d674d24203e1571bdbd2f  src/asn/rrc/ASN_RRC_PUSCH-PathlossReferenceRS.h
c9fcaa6e9e3bd8808038f4f1a5f736afcbb87c4d9aee3d159e7b7c71051f9d27  src/asn/rrc/ASN_RRC_PUSCH-PowerControl.c
eb14b9412b16464e9b750f4f1c98df8cc58de8252b524f88277435a9ffa79961  src/asn/rrc/ASN_RRC_PUSCH-PowerControl.h
843826bab713bded8c6d43f68944e20a47b17dde54d2f62ce50ff96d0d59ebf0  src/asn/rrc/ASN_RRC_PUSCH-ServingCellConfig.c
605af532bee7f4abe2f05cf251e0cdf8f8231126e5b89d5fbc4d5a4020d0328f  src/asn/rrc/ASN_RRC_PUSCH-ServingCellConfig.h
b0d1e44caa04953395ef642382fe9e89e814c6b40c3824a1a6f986ebdf229bb1  src/asn/rrc/ASN_RRC_PUSCH-TPC-CommandConfig.c
34e9642181ceef7b84a07e6254094f6e6c4947a9dafb994b0bdabf3b1eadec0b  src/asn/rrc/ASN_RRC_PUSCH-TPC-CommandConfig.h
edd88dc39de0e5c8dd3dfd5e0cfede1417f4224de64530e07f4a932fed7a4e94  src/asn/rrc/ASN_RRC_PUSCH-TimeDomainResourceAllocation.c
94a6421b252dcd752022ddfe228be7d65cb0985daa1e0ca565bf1c0e5b9583eb  src/asn/rrc/ASN_RRC_PUSCH-TimeDomainResourceAllocation.h
ed81faf54c7bbe6d104b054d256549944c7ad0f251af4170e276943ae28ef268  src/asn/rrc/ASN_RRC_PUSCH-TimeDomainResourceAllocationList.c
0d5af1591597b5d5f7ab11973d1905e26c879c87d957e6c94c35821860525121  src/asn/rrc/ASN_RRC_PUSCH-TimeDomainResourceAllocationList.h
0d6ddcf2e9771dea83b69783ec9cb477e152876573241269ed3ef06b41dee35c  src/asn/rrc/ASN_RRC_Paging.c
2c5d569b98d28ad4354ac7fe69a742001396e47b5829e7d1bca2d3fb80aed2e2  src/asn/rrc/ASN_RRC_Paging.h
5ac2376ca05c6331c54a0aeccae5f16d1e0d8dcd3c13a15d97e09fda766a72a2  src/asn/rrc/ASN_RRC_PagingCycle.c
48e4963308479e7ce892edb49208d33a248b44b487c62cc86d3245b86a44140a  src/asn/rrc/ASN_RRC_PagingCycle.h
91dd80e29e5bcfdcd97fb6b93c99a19a64ad333eae8d53595908b1da09314158  src/asn/rrc/ASN_RRC_PagingRecord.c
cffbae41994bfc21bdeb08fe99e3ccb2635b24891941404cea38493b5b4156b1  src/asn/rrc/ASN_RRC_PagingRecord.h
16b9e20d9db9acbb63705ae9614cc5320c7d9f6fca41626e39edce8b192c4b5b  src/asn/rrc/ASN_RRC_PagingRecordList.c
b9d209c2605fa7868c7450711205111a23b98519389ff5884d7144fff2b549b5  src/asn/rrc/ASN_RRC_PagingRecordList.h
1ccfc2a6202bab5bc7ef78caf82787e4da05ffb4f1ca2133adf8e03c05e8b49f  src/asn/rrc/ASN_RRC_PagingUE-Identity.c
9e0815a334a9ffc03da77aa72402cc68d4d0968944155f050b95d003fe33485a  src/asn/rrc/ASN_RRC_PagingUE-Identity.h
1499a5908b0a18d333a0711d8c05f6bbcdac2e89aa589d08295619203ed2db6d  src/asn/rrc/ASN_RRC_PeriodicRNAU-TimerValue.c
60a7bafb5baa51fc832e44dc1e6822a3e691503b3da350eb38aef3026f480d39  src/asn/rrc/ASN_RRC_PeriodicRNAU-TimerValue.h
871923680e2da1d4abcf16c3dae76666e6d58fefa2806368a7a54ad874765550  src/asn/rrc/ASN_RRC_PeriodicalReportConfig.c
ffc4a21452dd7431e84f4dd931940df888fe97d14400eff7ee3f74cc5b280d5b  src/asn/rrc/ASN_RRC_PeriodicalReportConfig.h
7bb503195bd6ba3242db6caa4a72c01446e582ded0969a7bc27d80814ba9b820  src/asn/rrc/ASN_RRC_PeriodicalReportConfigInterRAT.c
2b86a26d8dacf0ebf70b434ad0b9ea84859f6bc190b437b26079d0e27945ad44  src/asn/rrc/ASN_RRC_PeriodicalReportConfigInterRAT.h
d6d9eda066fd708a40db435dd787545c2835aa70fe23a4182032b2d406c763e4  src/asn/rrc/ASN_RRC_Phy-Parameters.c
677a7461fa6750c05c1796921f022ad2b291f490145465e6ace4856062639aed  src/asn/rrc/ASN_RRC_Phy-Parameters.h
03ac4b971e8e7132a1ac7db8c53b3fa1d6deeb6e1892fca2d720ec7c04749bfc  src/asn/rrc/ASN_RRC_Phy-ParametersCommon.c
23db68ce951718cc2ddeb14625862c019c9a5b1f402e91331db2bf563c1b41a8  src/asn/rrc/ASN_RRC_Phy-ParametersCommon.h
d0882bc32cba342c05e8ff3208737436500f0d4795a4991f32d399a0bd93ef97  src/asn/rrc/ASN_RRC_Phy-ParametersFR1.c
889068fb6070dc0ed43cdf97eef6399a1cf06490286af23990df6e9dd38f2057  src/asn/rrc/ASN_RRC_Phy-ParametersFR1.h
686fd6a050c4808dfcd4c7a12d38e003510728e9f13095d367f7a6a6d63b535f  src/asn/rrc/ASN_RRC_Phy-ParametersFR2.c
da66b8ab9bbfd91d64a2a421c39f6ba725643862b2e2f2c8bfe82ef75d838c1b  src/asn/rrc/ASN_RRC_Phy-ParametersFR2.h
5b4bc7aaf01d9bd3b10201535d8a3daa226c9af8da9485f6e056bb6a63e5999d  src/asn/rrc/ASN_RRC_Phy-ParametersFRX-Diff.c
ed4c65bfe034f89911333970527882f962d6e0ba50cd50057feb6a594e128e1a  src/asn/rrc/ASN_RRC_Phy-ParametersFRX-Diff.h
6a8999e54221e6b1f6529d594e322977f274354de5d3cdbef898e8d3dfa8ca51  src/asn/rrc/ASN_RRC_Phy-ParametersMRDC.c
2e27104db4729fc991dcd528e1252a825b27c76376ca0ad769c8bdf2c3877f61  src/asn/rrc/ASN_RRC_Phy-ParametersMRDC.h
8bb4426fe554d0b42b1d1c00d0b229917cf4ba8a2b01e0ce1d7f28ff7a7b7f6d  src/asn/rrc/ASN_RRC_Phy-ParametersXDD-Diff.c
76edec2070a9caf7430d11ddf0f295bdea09b1eea7f2ae93d671353b47e5d684  src/asn/rrc/ASN_RRC_Phy-ParametersXDD-Diff.h
7f1c4d8820a0aa4585bbb417cb92fd794eb34a273bd067e915d85cc23447ac04  src/asn/rrc/ASN_RRC_PhysCellId.c
adbe945a6feccd6ac29ecd64c326f7aa734594a893e358bb28739931d37aebd4  src/asn/rrc/ASN_RRC_PhysCellId.h
532497e9ff75c92a728cf8070dc5b6c730ed672a61ec26a3e16eb008abc01773  src/asn/rrc/ASN_RRC_PhysicalCellGroupConfig.c
16dbc419e17dc4d2834d1393ccc14c8555d47bd2c9f7707ef360c499dad63521  src/asn/rrc/ASN_RRC_PhysicalCellGroupConfig.h
c2b2ac62808fc15053f44ad9d3d149dffc968a18639224a428a1e99ce8e1b80e  src/asn/rrc/ASN_RRC_PollByte.c
2cdc13c67655843364341e4e7bb20e33419ce6898b2be03840567067bcde89a1  src/asn/rrc/ASN_RRC_PollByte.h
fc1fddeb71a466d7648bc40beadb5873d6be4fab0661e99df29d76f7decfe9f6  src/asn/rrc/ASN_RRC_PollPDU.c
103c15e5c1cbcc7bf0b73aab445638e8fbbb23050553acf9ff86e48f382bf175  src/asn/rrc/ASN_RRC_PollPDU.h
aef7991c7e9811068d1fcf9408a4bdc0873b62b80f459798b7b8f69f3f2f10e6  src/asn/rrc/ASN_RRC_PortIndex2.c
4d9f1c6accceae6fbd8dae71a5563855f85d7149966329a247528bde2dc62e7d  src/asn/rrc/ASN_RRC_PortIndex2.h
678247285ac78cc03b47906929c77f2bd6e031add5ba5b8ddfe18e74ff7834fb  src/asn/rrc/ASN_RRC_PortIndex4.c
54ddf03b135b02d9f87633841aae6f9a3a0c51246e6228581a77535d6ba0a182  src/asn/rrc/ASN_RRC_PortIndex4.h
5e70aaa2f7fbada38f8848a08226b5d3cb93a75f8281ec73a7ae9579fe27706d  src/asn/rrc/ASN_RRC_PortIndex8.c
e1e47dc7eab104e9b16f8a2347d98b1b4593d425181fbe5c7c6e04316820024a  src/asn/rrc/ASN_RRC_PortIndex8.h
97d8048209386fe70184b921d9bf234a5d840e935f2683382a10b7aaa6255c74  src/asn/rrc/ASN_RRC_PortIndexFor8Ranks.c
5d437f3474acddcd3c0a542084de46da4ad9a021df1ad843aa0062c093eb1e03  src/asn/rrc/ASN_RRC_PortIndexFor8Ranks.h
11c54fd57a98e83b514367ac4ed53ab74c4c0292ed5453b23daf11f314e0c825  src/asn/rrc/ASN_RRC_ProcessingParameters.c
22cb2e65badfe5b5bbe60365c508670ebf2f98653e52544f6e349b12a65c3b42  src/asn/rrc/ASN_RRC_ProcessingParameters.h
a6e6c5b55106c37725ee6101f31afd72bfba659d8e3db9a1972f9c3ee761ef6e  src/asn/rrc/ASN_RRC_Q-OffsetRange.c
8d4dc8ff6691fd285948ddd3b25cb1256d0f89f0bc3d29960f9b0bb242b0103b  src/asn/rrc/ASN_RRC_Q-OffsetRange.h
6be8f119ac852a093267c83bf3af75540e39b135ba692615e1329fba85503cd8  src/asn/rrc/ASN_RRC_Q-OffsetRangeList.c
7108b299845da2e5bac9cf7abd3984c47ecc13a1d055e679efbabf5d3dfb03e8  src/asn/rrc/ASN_RRC_Q-OffsetRangeList.h
29e5e8150f35103064b3155dca18e07d2980190651acab947af8830cdd630cf9  src/asn/rrc/ASN_RRC_Q-QualMin.c
fb41f0c0f40c28ca2ee325b2ed748c2f962cb17b6affb698109712df418b7bff  src/asn/rrc/ASN_RRC_Q-QualMin.h
7bb4bf0c64c851186411273ac9156793981762137241ad98bd5a851f3a1143c7  src/asn/rrc/ASN_RRC_Q-RxLevMin.c
ed8ff072e3066c76d64bce12ca4d7ce8522f1406e1e4a3b95c70df74dcb684eb  src/asn/rrc/ASN_RRC_Q-RxLevMin.h
768210fb11eed93d72bf0c74ba0d2290a2540605e88a42f4501dfe0bdc873975  src/asn/rrc/ASN_RRC_QCL-Info.c
c0b5024bc90f2cca8cab670aa2324058244efc6512b46b04e66ddc8cacc43c74  src/asn/rrc/ASN_RRC_QCL-Info.h
e2e51ed39225f119a2c0bb353275174280679a64660c81686a407c4d78a8087d  src/asn/rrc/ASN_RRC_QFI.c
59824f8daa30798a654102741a8635ea22d912d65a70df6b938e2e12fc5509e9  src/asn/rrc/ASN_RRC_QFI.h
227bbb386087431e494fbc9835165f373f3e020460f428952a16971089470695  src/asn/rrc/ASN_RRC_QuantityConfig.c
f662bed5cc07c4947cc16ac1a8d8644ea601b53516ec4edeba93cbf647aeb37e  src/asn/rrc/ASN_RRC_QuantityConfig.h
cea7e3358b1e9546bbff94cd32d2390b50c3c38adaa6126f95bbe61c491d46f2  src/asn/rrc/ASN_RRC_QuantityConfigNR.c
90f39f840712fac345889fb85e580789ffe384ed7254dce1e92654c0c0e7be0a  src/asn/rrc/ASN_RRC_QuantityConfigNR.h
4a37ae5116dfc8d14291a9196cb20d19ea3b6487d1e64a8df0b5ce227246c1db  src/asn/rrc/ASN_RRC_QuantityConfigRS.c
5dff94070340b6e5c14075bd517ea2dc89d15b226971f8bb1d9e440c7af3bbb5  src/asn/rrc/ASN_RRC_QuantityConfigRS.h
5d923746d032507731a5248fed95dde5134312ebe8dc85f5a2f2d9a4aa3e3d4c  src/asn/rrc/ASN_RRC_RA-Prioritization.c
3acfe5d4ae7a3a47f358b0488ce33fa868aa9d7a7ccd107f8801f66906adb3de  src/asn/rrc/ASN_RRC_RA-Prioritization.h
d8e5068edb8ea5fedd94e97fef7087f158dc0cc296f3a5639af5ff1220728830  src/asn/rrc/ASN_RRC_RACH-ConfigCommon.c
2109425b587bc74ee53a6f3b93e1e6b7027642269ff658380f3f40865bec9d2d  src/asn/rrc/ASN_RRC_RACH-ConfigCommon.h
495c40163a510a2b4e179b7a1e30a372280f38c67f5d34dd2e65644a7f74045c  src/asn/rrc/ASN_RRC_RACH-ConfigDedicated.c
43938e514d1269dea9c7ec12e01ef94e30f47cd1c35b77a893dbded48055b39a  src/asn/rrc/ASN_RRC_RACH-ConfigDedicated.h
42b04b6cbe92872fda2df0b7d181679d17e227df7be70995dc80cb75423f8cac  src/asn/rrc/ASN_RRC_RACH-ConfigGeneric.c
f1737f047fc2a5c4f931cad610c8e51333d49f067928f94ed741a7375c27cfe8  src/asn/rrc/ASN_RRC_RACH-ConfigGeneric.h
4c6d51c8843357782d0fdd73921153048204672266ef74930d107b04e131a4ea  src/asn/rrc/ASN_RRC_RAN-AreaCode.c
d1ef0d29960df790531bc0cbe7d6ccf18c86a03dd2d7993dc1a1d6a206eb7254  src/asn/rrc/ASN_RRC_RAN-AreaCode.h
2d50db7a40855a508f820d6a79fb20d846df61953780d6cc164cdaaa809aa003  src/asn/rrc/ASN_RRC_RAN-AreaConfig.c
d79d60200c60c621ea9cd4b48f9c17dcf87aba13f7d3cb216139dfc3a281de27  src/asn/rrc/ASN_RRC_RAN-AreaConfig.h
b6e8812a51a74205bc916d5509c7a5eed46d99cec265f7a540d940a1c3b68864  src/asn/rrc/ASN_RRC_RAN-NotificationAreaInfo.c
d054cf05b4f14d320736d58b73c013edbf22ee0b2669dd1edae8f9d687f68025  src/asn/rrc/ASN_RRC_RAN-NotificationAreaInfo.h
65db29ee6d28828ac65112be32037e1e5690e5409566e156cbec751f1b99c5f7  src/asn/rrc/ASN_RRC_RAT-Type.c
c68a058493fb0b84ac2ece98540b2807ebeade89563e2c60eaf2124939955108  src/asn/rrc/ASN_RRC_RAT-Type.h
3fcc6f91dd1c9220c0fad1ad06b0acd9d3c5ec7f3a5a83a69eb2ff01ff224f90  src/asn/rrc/ASN_RRC_RF-Parameters.c
dc2067f37d3be575d53cd2c69667163f40276840269c4d826816aea3d36d2d83  src/asn/rrc/ASN_RRC_RF-Parameters.h
ab99a4a11c666e9999a912eae2d1e74e3314f8efac87dbed7931bcff8e1d9ca4  src/asn/rrc/ASN_RRC_RF-ParametersMRDC.c
fdf22f32459f248bdf00bc36275566debc652d3b460491b8319e2a92c7982a12  src/asn/rrc/ASN_RRC_RF-ParametersMRDC.h
25c1429dd72506036b2af294b90e9be290a87794bd6ca2d97128f71834f915d7  src/asn/rrc/ASN_RRC_RLC-BearerConfig.c
0eaa739d60d8249951e14c062f30659de343fbb9703508794bb8210f6063c5a3  src/asn/rrc/ASN_RRC_RLC-BearerConfig.h
0e2ea573de8b15310bcff1f7d9afacc14964e751a1af78bf1243ae7b54f6b2ce  src/asn/rrc/ASN_RRC_RLC-Config.c
1f70257da185b4f53ed1b708df41173dcab25629c76d3fdab662c32c2f146d10  src/asn/rrc/ASN_RRC_RLC-Config.h
c86c55eb4aa462cffdf4220f4ee8c0a95b3d7709be837f6206598c05c98e6b27  src/asn/rrc/ASN_RRC_RLC-Parameters.c
6e0a6cdddb486e6a9c9438f426eadd0cb2c88b1a8e7a8b35bb70b8477032b149  src/asn/rrc/ASN_RRC_RLC-Parameters.h
fe85676bb506e78a607d7e42fc83c1356d351d24dd749feedb0c61b357e195fb  src/asn/rrc/ASN_RRC_RLF-TimersAndConstants.c
6c12fe7461587ff21fea78b6f711e604910f1b477a0bd88f944cfb57c2f0e352  src/asn/rrc/ASN_RRC_RLF-TimersAndConstants.h
03051cad86c8df6ca2b8c1501e59bdc023c1ddba2e1d3196704ae77eb03f2438  src/asn/rrc/ASN_RRC_RNTI-Value.c
adb113884cff036774693fa9ed702ffe72e0187e2a8e163fdfe7d14523334dd1  src/asn/rrc/ASN_RRC_RNTI-Value.h
d0aa0d7ed51b1ba38eb4736da991035d131bcf0ae7f86fdf7e6cdff2a403e7b1  src/asn/rrc/ASN_RRC_RRC-TransactionIdentifier.c
990f8876b9309d8d905b9ecf96d649385c0476486f946d376efdc0af33c33576  src/asn/rrc/ASN_RRC_RRC-TransactionIdentifier.h
4fdd911c99e2f476d60832f0f321a9f562cb76e7a484329b315376b1a5dd231a  src/asn/rrc/ASN_RRC_RRCReconfiguration-IEs.c
8433f9a28216b7c04e30f41f0a8938350c25591b434b4dd055fda949dfd11f8b  src/asn/rrc/ASN_RRC_RRCReconfiguration-IEs.h
07337fff03fa488b5089356c98b471fd27e0bdec422b7d4ac4293a72025bbb72  src/asn/rrc/ASN_RRC_RRCReconfiguration-v1530-IEs.c
97523f3c60e2f3aa00b0ad18454608bf2fb6ff6eccd7b91778b6f56797443565  src/asn/rrc/ASN_RRC_RRCReconfiguration-v1530-IEs.h
5330959d61ce91eb2287a7a552362e56c02bda4457a13d2db85061f9d7b901eb  src/asn/rrc/ASN_RRC_RRCReconfiguration-v1540-IEs.c
65541b4721b0247120a26bab0709353a0082b4a419fc90e9e6b3e480f6b02999  src/asn/rrc/ASN_RRC_RRCReconfiguration-v1540-IEs.h
6521c41b7f3cb4205f6012bff69201ca816fd49c957fe164bc816982c8e78613  src/asn/rrc/ASN_RRC_RRCReconfiguration-v1560-IEs.c
3adbbe9b94afd5e584ebc953cb004abaf281f24f2352ed357a2b73a40d14851f  src/asn/rrc/ASN_RRC_RRCReconfiguration-v1560-IEs.h
8ed17d4b393e01aa37558a9303ee132c377fee9040fd9b6d046c284227ea009b  src/asn/rrc/ASN_RRC_RRCReconfiguration.c
19289bc599cedb3217fd8aea25e3f2d85f8310856b6eb405930f57eac713982c  src/asn/rrc/ASN_RRC_RRCReconfiguration.h
96fa5db7910d34ff7f919a4b8c5a9dadaa3ff3f78eaa6d990e44d31fac872713  src/asn/rrc/ASN_RRC_RRCReconfigurationComplete-IEs.c
e6ca3660e6ba74dfb03bff246cda54dbac51be48aa61ccca3a56779fb4de1557  src/asn/rrc/ASN_RRC_RRCReconfigurationComplete-IEs.h
47b7c597fb133214a2cee677420aede10072326386e57ed4b16a7648dfc9c0d2  src/asn/rrc/ASN_RRC_RRCReconfigurationComplete-v1530-IEs.c
cb4c23530ac228b1b2c5f72721ef408c4bc126b1352a969d5cfa41dced353cf8  src/asn/rrc/ASN_RRC_RRCReconfigurationComplete-v1530-IEs.h
c2992d0b600595b6cc4cb12369236851dfdcd64e781f00d0486c31dc52d3c447  src/asn/rrc/ASN_RRC_RRCReconfigurationComplete-v1560-IEs.c
3287fc8e15a9739ce4116a580d367e5652dce2e15dfa9e75e52b8951bd6a4176  src/asn/rrc/ASN_RRC_RRCReconfigurationComplete-v1560-IEs.h
2c933aa1ee51fd42ed02bd37efc3759e282f50e6bd6eda17cfdac6be441a1b38  src/asn/rrc/ASN_RRC_RRCReconfigurationComplete.c
e96f4d59f09d2fe0c569ec087938a6dd108c7ac004e8dc8f6b530a4562369296  src/asn/rrc/ASN_RRC_RRCReconfigurationComplete.h
167d8ac89a3c4a5df5dac1966faf6aa96188dcab6d856c0fe9bf2edb18a7d839  src/asn/rrc/ASN_RRC_RRCReestablishment-IEs.c
a1414959217f8d8cfe60e04bccecaa1fe06595382a0bef64cee909c2715e3303  src/asn/rrc/ASN_RRC_RRCReestablishment-IEs.h
6558b08a151840dba924edf8dbf1f0c6c3e80ee31197b6c84b8d16b6234f4eac  src/asn/rrc/ASN_RRC_RRCReestablishment.c
c8d089064919580102da5274f53cde4fbead424d76be6ac8662666518d19264e  src/asn/rrc/ASN_RRC_RRCReestablishment.h
b5d8cbee4b66da83bf63614068e6719226004045191ed72f19877e7facc3af55  src/asn/rrc/ASN_RRC_RRCReestablishmentComplete-IEs.c
83ff09fa8b64890a68c3117e9b42045f794db5ecfb3c548052fa2d718a4c5b0a  src/asn/rrc/ASN_RRC_RRCReestablishmentComplete-IEs.h
d40edf015ef9f67c68f4948d530e85972ac2f8b51d58bf18d5a50b47a8e675c9  src/asn/rrc/ASN_RRC_RRCReestablishmentComplete.c
b4fb7c5d5ed20a7fbdda5c38df8a93c2ec67dbbc090b89e5e19282db195eca2f  src/asn/rrc/ASN_RRC_RRCReestablishmentComplete.h
b7863ec462b420652e355b3199d29d2f8bf6d1b2ec1d2cbb61af054a2df0cb1e  src/asn/rrc/ASN_RRC_RRCReestablishmentRequest-IEs.c
64d626b112eb8012bbc0cdb0786ca9cbf8e9ff189099aa4a03df002595d84323  src/asn/rrc/ASN_RRC_RRCReestablishmentRequest-IEs.h
08fb44d1067fa6d7fdd4834694d06e999dd7ea3a99517e02a08a1f73e684b1e6  src/asn/rrc/ASN_RRC_RRCReestablishmentRequest.c
c4599e0ca9e85e48baa02259bf99c6ed8d1f7760fdbaf9e9c017006b0f572b7c  src/asn/rrc/ASN_RRC_RRCReestablishmentRequest.h
2b5f5794e4d538d834b6edfce48038abfb4880e984794c6cdadd7885aeae81a2  src/asn/rrc/ASN_RRC_RRCReject-IEs.c
23544a7e54f404c58e0b8cfd23caba01649425a0ac8be7f3e9f0f5586cdf8c40  src/asn/rrc/ASN_RRC_RRCReject-IEs.h
24d81288f920c7dde89e4bb53cf5b5e53bf39c05b1295fdba275e25b05321b5c  src/asn/rrc/ASN_RRC_RRCReject.c
da9396391026af5d1992c83a6c48fbc59e5f3214f69554ff94ddfb1357f3c1ac  src/asn/rrc/ASN_RRC_RRCReject.h
7b5c0f10063bd50b9151718014f133dc052a128d4f668585dfeea1738c0a9f4d  src/asn/rrc/ASN_RRC_RRCRelease-IEs.c
fd1a0b6a8e03d32b1ae9f210c8a48970c653cf5158689cb36500da3ac8bf9800  src/asn/rrc/ASN_RRC_RRCRelease-IEs.h
779f69f9500ed311d3a200b9c1f7834ab7603569833ec9ad7c6f25fae030f274  src/asn/rrc/ASN_RRC_RRCRelease-v1540-IEs.c
6d567b08e2eac705947866ade757cb2afc9fe56a8fded869c7fbd320ef63b95e  src/asn/rrc/ASN_RRC_RRCRelease-v1540-IEs.h
9f6e87503231594e22ccbd80cd7722f5432c5fe007e74c90764e07d9db00cb80  src/asn/rrc/ASN_RRC_RRCRelease.c
991d3511ca6c72bc7dd8e77c1bb277a85d37f489454e4794c38891b39159bda8  src/asn/rrc/ASN_RRC_RRCRelease.h
eb1ec35e2715a44c6ef0e047260a2efd76c6c0fb15b9233d5de8608b599322f2  src/asn/rrc/ASN_RRC_RRCResume-IEs.c
e7a76388b855d28d611ea8798200ca74600aa2cd44943f7e9f3a080b167d3387  src/asn/rrc/ASN_RRC_RRCResume-IEs.h
f9882d12fd2e577681810f6bd337d149a8d0cbabd003c642b8b2ceef22c4239a  src/asn/rrc/ASN_RRC_RRCResume-v1560-IEs.c
b837d2b2ae44c43bfebf4ae159861034bfacc7fdeef0fbb1fddf0d34526611f7  src/asn/rrc/ASN_RRC_RRCResume-v1560-IEs.h
442777532b54a1fccaeb1481cffe26887462e8be7be2458fec5fdb4021c75193  src/asn/rrc/ASN_RRC_RRCResume.c
3439ca8e117612c9e10a4540106b43b4d317b26e2ae1bce0da84c8a1790dbe37  src/asn/rrc/ASN_RRC_RRCResume.h
397b7c67a9b73ea132609f95a146fe2a9328db4b41902d68fb3fa0a09dce8b47  src/asn/rrc/ASN_RRC_RRCResumeComplete-IEs.c
f625472846a2448511f688268f7e0c951a3e7b15943902eb93bc32c6c4f49536  src/asn/rrc/ASN_RRC_RRCResumeComplete-IEs.h
c37f455fdeb96a2c3616f6193c1607d27c049b11cef6d217e5b03cfdba8301cb  src/asn/rrc/ASN_RRC_RRCResumeComplete.c
13878647daacf70e3616581c93f8f56baedea2722b5f82cf60cce6df85efe149  src/asn/rrc/ASN_RRC_RRCResumeComplete.h
2f372e5006db38e2750f94ce29411cf982b922e1ef51d925e543804ee0f3f7ad  src/asn/rrc/ASN_RRC_RRCResumeRequest-IEs.c
bf2e8b940e3caaed68177b9d227be3364e120468c683af5e9d584eece8516e96  src/asn/rrc/ASN_RRC_RRCResumeRequest-IEs.h
f0552da896c0f92ad32c7e175e9f61b34bbf3e19c9eddfcbd724d9c6ebd1619b  src/asn/rrc/ASN_RRC_RRCResumeRequest.c
23a10deba4764a216072e67d3b7a5bfd117d4f14ecf6a0e92c88e9c2704cdc7e  src/asn/rrc/ASN_RRC_RRCResumeRequest.h
26d4c749067f559840ba938b953a2e676b6f594c2fb8d65f596fbc6e3adcd427  src/asn/rrc/ASN_RRC_RRCResumeRequest1-IEs.c
64364761c3cd5ecbd89525b5de12318d5fb0a4447d39ec97913818b9fe2a82bd  src/asn/rrc/ASN_RRC_RRCResumeRequest1-IEs.h
3ce8e57abaa7e0b92c31f610d31bd212ec1104b1358eb7aeedbfe5c1696ab480  src/asn/rrc/ASN_RRC_RRCResumeRequest1.c
645dbec8408340f463c54147a1e22e74ccca6ada00946113eee6c7988d436fdc  src/asn/rrc/ASN_RRC_RRCResumeRequest1.h
08430eb90a714b601ed78dd8d1da87993a64bf92c187a083b111636101ddf9ff  src/asn/rrc/ASN_RRC_RRCSetup-IEs.c
f94286df32d78c5f414b6db064226bb737b0d250da940cda6c3b3b44593d8163  src/asn/rrc/ASN_RRC_RRCSetup-IEs.h
1e021dc004902097e74d2cdf96f2c4ebfe504a2640696506139340f4044e7534  src/asn/rrc/ASN_RRC_RRCSetup.c
e36600953a601cce7a87b297fcf9bb1c51bd3996ae9c7c3c7cb571facb5ff63e  src/asn/rrc/ASN_RRC_RRCSetup.h
26f05ed102ec521a968237d77d3137d2b41c83edcf17736d4f1c754bb711fdf0  src/asn/rrc/ASN_RRC_RRCSetupComplete-IEs.c
2b906dddb809a500cc2bd673fb74e41a1ce36196ae478d4343516d1ede575ec3  src/asn/rrc/ASN_RRC_RRCSetupComplete-IEs.h
4184d0de9d5916416d95afcc0fef1c8005ef92dc1a9bb081667a126873c6b92c  src/asn/rrc/ASN_RRC_RRCSetupComplete.c
b8d742c7148c3fb3e76030388629d2fea1669c9e762b9bc8ca270e1c29003791  src/asn/rrc/ASN_RRC_RRCSetupComplete.h
e99e25bd17b3dc45586470b3bcca11896bc2c235de03efeeb9a310cb395446bc  src/asn/rrc/ASN_RRC_RRCSetupRequest-IEs.c
a06458d72278381b5c2087a4b451dbbdbe43e605ce1048bafc47663ebb22599e  src/asn/rrc/ASN_RRC_RRCSetupRequest-IEs.h
ccbd52b51e54246dbcde8503685b894dd72a533a404b364c8569e96e63fb8ee8  src/asn/rrc/ASN_RRC_RRCSetupRequest.c
280c035bab5615eebe791e2ccda36f0cd80b7f02d6afc6752419bc2cdc192f46  src/asn/rrc/ASN_RRC_RRCSetupRequest.h
26833994e1f570fd6ae3e23929625b63365da9258394c68544df4e0d68dacf90  src/asn/rrc/ASN_RRC_RRCSystemInfoRequest-r15-IEs.c
e4e6f1cb548d29346c72c188adcf408cb1507d7c5fe020239d5f989105045b7e  src/asn/rrc/ASN_RRC_RRCSystemInfoRequest-r15-IEs.h
b52202d530d988b0e57e01806201f0fd290afbeae5259857b6f28b35848d126b  src/asn/rrc/ASN_RRC_RRCSystemInfoRequest.c
15b04fd425838fd442cd81d03c419d77324dd996f1f06600de54b10cc5296033  src/asn/rrc/ASN_RRC_RRCSystemInfoRequest.h
8242e7437937148f25aff04aa7d05d801ce586d111325834a6a77125bc6cb6e4  src/asn/rrc/ASN_RRC_RRM-Config.c
3d343d92872956a452307eab631430049327c3656c364b974aff2e7dedce1484  src/asn/rrc/ASN_RRC_RRM-Config.h
87bcef7abaf2e77812335e6039f660c1b1591760cd8ef77985d67768375f558b  src/asn/rrc/ASN_RRC_RSRP-Range.c
a85d9af5a703176539ec29ba489c2c9fad65274abd1c8465c97694e0b6c11af1  src/asn/rrc/ASN_RRC_RSRP-Range.h
37a73d51046ae0a94049a8f95fc437ae8c8aa448bfce2ef9613352e5c3f94623  src/asn/rrc/ASN_RRC_RSRP-RangeEUTRA.c
fa975c3db03974acb03c2c73c32f47d6069747691c08deb9222d28c10398d74f  src/asn/rrc/ASN_RRC_RSRP-RangeEUTRA.h
38de06fdf84617d4f34935f2245b976810cc50b98f7b04cc38a57c76f3f3456d  src/asn/rrc/ASN_RRC_RSRQ-Range.c
91ef44ba4efb351f1fbe6e35e9db31c821c2e6e7d1285e31ab8ec3311886ba06  src/asn/rrc/ASN_RRC_RSRQ-Range.h
f3efa5c2ac94facf0d3201f16198a9654cbcc0f8bdd99754065e4d899e308230  src/asn/rrc/ASN_RRC_RSRQ-RangeEUTRA.c
fa908ace79e7a58a1565d4bba4bc1831088b85d4d8a4dbbc565159b8679cbfc7  src/asn/rrc/ASN_RRC_RSRQ-RangeEUTRA.h
ea95387ff21bf092589b6f117d0f21faa4e55984d0b235754dba1725df453f89  src/asn/rrc/ASN_RRC_RadioBearerConfig.c
e0f448aaa9ab09751c47f229733c89853ab645983718056e0ee289cd623c1d15  src/asn/rrc/ASN_RRC_RadioBearerConfig.h
8811ebebf83e1d18e60a2d61127c4d729c28a5408942fb152895a47aaa966202  src/asn/rrc/ASN_RRC_RadioLinkMonitoringConfig.c
a1d46c4b23926ef5229129bb806c40410893468d87242ea25a0f729266b0c1a9  src/asn/rrc/ASN_RRC_RadioLinkMonitoringConfig.h
faba58f303e8a18d17bad6153238f5a5d7ad48d06793dd3ca96eb38573f02292  src/asn/rrc/ASN_RRC_RadioLinkMonitoringRS-Id.c
cf034a4e53868237f158fbe126c69a803f4d308bb8e2ce67b4b88e95e5d4afae  src/asn/rrc/ASN_RRC_RadioLinkMonitoringRS-Id.h
336ff249166c5cdc309f814b76d4699cf91daf89e3725b17eb49aa0cc45bae6e  src/asn/rrc/ASN_RRC_RadioLinkMonitoringRS.c
cf4f55b6e0c77a64a6212797d50fedb423399a9d4e1688b89c4d117891713356  src/asn/rrc/ASN_RRC_RadioLinkMonitoringRS.h
494eb81cd8e5500036dba397528b445c893627c407f6556dd86bc36d1aa9a408  src/asn/rrc/ASN_RRC_RangeToBestCell.c
99a6d5f2d2a42d7df99851bf5822fe27558431a259c6265319606e8abeedd94d  src/asn/rrc/ASN_RRC_RangeToBestCell.h
5ef7df9aba91e76a345aa9d0c53ce52370538c2b4e3d7679c27306e2c47fa0cc  src/asn/rrc/ASN_RRC_RateMatchPattern.c
1f5ccc5a129000e72d270fb045c713af10cd528def7bd2726c32d68418f24181  src/asn/rrc/ASN_RRC_RateMatchPattern.h
c81590a9680da837e61d893952204dba91b77be03fea082e9ab27586e17f6983  src/asn/rrc/ASN_RRC_RateMatchPatternGroup.c
d3007401c477d99f9a064766df295ce475f89c876a2b6e0dae730c95eda57a62  src/asn/rrc/ASN_RRC_RateMatchPatternGroup.h
a41ac76fc8ac21242d74a5192b3b9d4f5c5daa9916e556b1638e684aa8770f92  src/asn/rrc/ASN_RRC_RateMatchPatternId.c
9e8103b5e7514ac3d42ceb5b3a49d386efea86ec6f6f4bf1836a04f040702730  src/asn/rrc/ASN_RRC_RateMatchPatternId.h
e2ae2974081dafcef81491ca8c0829b8cc117d9db91549eabb99bc8c744dfa68  src/asn/rrc/ASN_RRC_RateMatchPatternLTE-CRS.c
d79834849e29c36c34449a3c7f40851936469a9f6488f0856f837b2b5d6d6183  src/asn/rrc/ASN_RRC_RateMatchPatternLTE-CRS.h
a384084ea39c08d6be75060e884b7f0d160a2d4802d2f1075b1d8aa38bc6a151  src/asn/rrc/ASN_RRC_ReconfigurationWithSync.c
57f55d1b5cbbf63161b7bc3cd1e45706ad4351eb80d7e6f577f1be568a5bca12  src/asn/rrc/ASN_RRC_ReconfigurationWithSync.h
75c94be92ce589158637994bd77f9ba3aa784b54bc5f243d496c36d3c984d0b6  src/asn/rrc/ASN_RRC_RedirectedCarrierInfo-EUTRA.c
1a48c6b741f74905cdb0e8e0fc6cf566e4f8302711142709aab3948e20ad1abf  src/asn/rrc/ASN_RRC_RedirectedCarrierInfo-EUTRA.h
86dbbc4f1bff548207209bfa89db6fa84143c6e1a0318957947e655cd4a1051b  src/asn/rrc/ASN_RRC_RedirectedCarrierInfo.c
d0d0868e8b26b7d3480176979650b9a072a8506125eca6f84e6667ca018d50f4  src/asn/rrc/ASN_RRC_RedirectedCarrierInfo.h
d6a3be77b60a1cd5b1232a193b60d60a941fd897fd7dce8d5ccd895ea73e4019  src/asn/rrc/ASN_RRC_ReducedAggregatedBandwidth.c
a27d9fecf0deeec096c1082ed5b768dcf4a5c0d610c4f11d5afbe6d0380c7e87  src/asn/rrc/ASN_RRC_ReducedAggregatedBandwidth.h
84d472bdac7bef2551274794f85821686edd51b9dcfa525e6bf25cfb99284356  src/asn/rrc/ASN_RRC_ReestabNCellInfo.c
4d8986faae77a6f01e0813fe5b9981430a8d54ebe050482218b35f0fe75a194b  src/asn/rrc/ASN_RRC_ReestabNCellInfo.h
f92c7f2b8e7bb4cc54237319af285ae51ede29e44d4eedc1ebab35197f559ba2  src/asn/rrc/ASN_RRC_ReestabNCellInfoList.c
9ae31cc57d5fd27efdf16067b4292411617cce29edb6bb2e3e994b2e7d9d4d79  src/asn/rrc/ASN_RRC_ReestabNCellInfoList.h
97de90044dab769b5376a23e00b50cb73a1bf60a5c42ac4b9e81d9790bdddbaf  src/asn/rrc/ASN_RRC_ReestabUE-Identity.c
83f4327588ebad5da9ca6089287a64b0593ab84008e38dcce70e327f2add97b2  src/asn/rrc/ASN_RRC_ReestabUE-Identity.h
08d4a976ee26ece07154dd63a10cb4234b9b50c7bcbc6570f3eccb73ffc559c5  src/asn/rrc/ASN_RRC_ReestablishmentCause.c
385ebee9514918ed8e2fb8e74239d2a6bf310122ae17abb832d8cd7fe78d06be  src/asn/rrc/ASN_RRC_ReestablishmentCause.h
4832fa829cd6ee9eb2d401054ca7d3fb22115d7767a1f5b82385088701d93168  src/asn/rrc/ASN_RRC_ReestablishmentInfo.c
fb22533e0b1f43308a36c9ab4ffa7b523e33d4cafd25f60272f8eae4e186f893  src/asn/rrc/ASN_RRC_ReestablishmentInfo.h
6028afb05afdec30d85c77321652fb3c1bf28dd49e9dd83912f78b76de111bf2  src/asn/rrc/ASN_RRC_ReferenceSignalConfig.c
f735dce190a027b24548bdcb90a53639fa05e42abf1a1901e6e3df8ea4fdf28a  src/asn/rrc/ASN_RRC_ReferenceSignalConfig.h
2457fc462217b2b30cc2ff96d92dcb1f3be5dca9ed63cc4b99814232c0250d8a  src/asn/rrc/ASN_RRC_RegisteredAMF.c
f77d0e1e9581657743f3859e08192c62f3bd9272d3503b0ae389a1ad520e7b03  src/asn/rrc/ASN_RRC_RegisteredAMF.h
e87ccdc7c32fb99276c90165293df97bcebbe96255e8e9d7aecd925af1ed28af  src/asn/rrc/ASN_RRC_RejectWaitTime.c
196c6334efbc5e4cb1f4cfd5cb5dec828aaea6cc5a7ea812f7911bbc49532855  src/asn/rrc/ASN_RRC_RejectWaitTime.h
8f8ccc935fcd080933772bef9be4991804f9cc8aaba85bb8fa56bf9fba69c6de  src/asn/rrc/ASN_RRC_ReportCGI-EUTRA.c
ae66ba397704e89b172a29c3a82b003f007be0eb4496a791e6123099b6d8a41b  src/asn/rrc/ASN_RRC_ReportCGI-EUTRA.h
6f9cd23e2ed13de63514ab978b9428e3d280e51f95857d7ff9eb86bb1f57a343  src/asn/rrc/ASN_RRC_ReportCGI.c
f8f940b3e157e9a2348dff973ef10bc6bc1eb3ff634ec2ecb6c86c47c332a2ae  src/asn/rrc/ASN_RRC_ReportCGI.h
16fb97defa1bf78a35f3ac0dd3a78666a0232affc86cd2d1e6752a5ff19abafd  src/asn/rrc/ASN_RRC_ReportConfigId.c
39e2c1bfaf92443444e04ffc4a90a1467d1b38986ff1acaf853c26e993539385  src/asn/rrc/ASN_RRC_ReportConfigId.h
34611fd6577c062d4371c7a424b65fe8985a7773f7f60968a4a584ec0da353c9  src/asn/rrc/ASN_RRC_ReportConfigInterRAT.c
5d50e6a32cb01d4afc981597dae5a77f521098576a3a33ad15aac086a70d2528  src/asn/rrc/ASN_RRC_ReportConfigInterRAT.h
ca427f24898eb0994f440edc7737ff6f0a09112bd465206e3a6c975bd48c0ed8  src/asn/rrc/ASN_RRC_ReportConfigNR.c
9a6729edf6b713297160f3827dfe4547a603a594583f9324d5dd9265a6fe4c32  src/asn/rrc/ASN_RRC_ReportConfigNR.h
9ab66c45237b006ca3d5a1aa7f3c20b03656142b7a21e1e0bef89eced344e725  src/asn/rrc/ASN_RRC_ReportConfigToAddMod.c
825a21d963d1ba5635d1c6f4e36e15ce523fcdb85d499743b97abdf05e8c1a66  src/asn/rrc/ASN_RRC_ReportConfigToAddMod.h
e43351fe294443fb94091f690d9901710ac96378de004bb4b32bf1d6ce8192ae  src/asn/rrc/ASN_RRC_ReportConfigToAddModList.c
8efe85d7df35af638da8b89a31fb947a754f56e913a975480f1bd4cdf83050f3  src/asn/rrc/ASN_RRC_ReportConfigToAddModList.h
5e02f5d5dfdf1a668a735a7681c430c1dcf4c2638945b9bf07598af69cbb6d6d  src/asn/rrc/ASN_RRC_ReportConfigToRemoveList.c
bdbcff44a7e4bda1322ccc47511830eff098adbdf2a37eb76078c4f0f76cda43  src/asn/rrc/ASN_RRC_ReportConfigToRemoveList.h
acb72a10b6d27f85b7b86e3c3e09f56bcad451bb317a1723e5c3be4f031093bb  src/asn/rrc/ASN_RRC_ReportInterval.c
720f9233f767317b56bfc06ef8f71a12c334bf0272b2b3f02a2903cbdf729eec  src/asn/rrc/ASN_RRC_ReportInterval.h
a7a64eccd348da56c94b65c0c7db4bed489b0d8ae4a08935df5a9b833293e8eb  src/asn/rrc/ASN_RRC_ReportSFTD-EUTRA.c
9eb2abcd896858a01f157cd802ee4a001e81cf7ff08b14003bd611a51692a5a6  src/asn/rrc/ASN_RRC_ReportSFTD-EUTRA.h
90e6d2a73f1a0ae2b86b5093ce53cd643acca46750503a4c9aa209dbe90458f9  src/asn/rrc/ASN_RRC_ReportSFTD-NR.c
8132bd1ff8547fd3520d3184d18d00a6cf74c4c36d363752bbc81c8953e44dcd  src/asn/rrc/ASN_RRC_ReportSFTD-NR.h
9d15d6b5053ac038f67e2b81e0aa7b249a8b80af68dd58dbdbec7ccea2d59228  src/asn/rrc/ASN_RRC_ReselectionThreshold.c
0a27002376be588b5fb0723dd87ce724c24c73de12ed072220f2d07d14bc41aa  src/asn/rrc/ASN_RRC_ReselectionThreshold.h
5b29c8fa72c98be67dfaadb016e5b7aebb0b58332d2378c5af31bc4f97ab1092  src/asn/rrc/ASN_RRC_ReselectionThresholdQ.c
a53752f3b04b0c554810577e2ee69b8e4143eff2954f3b78c88456be8b4bcfed  src/asn/rrc/ASN_RRC_ReselectionThresholdQ.h
aa80f1e1c3ccf085d7723c55b4f4c48b8adb356c851d5cd11a7ab9e2f0e123d1  src/asn/rrc/ASN_RRC_ResultsPerCSI-RS-Index.c
b62d3774edc32dce8e4f73e270e73d9daa5bf34281d759e8e4042930ad7b92f0  src/asn/rrc/ASN_RRC_ResultsPerCSI-RS-Index.h
1582e8c50810ad80f400e31341cffe491dbfc4c85c931de321f49a03dd4bf21e  src/asn/rrc/ASN_RRC_ResultsPerCSI-RS-IndexList.c
e55e7e15390c78ff2556c1d8c6726fbaa1a6432ff32e02c31b151fd40ab63f59  src/asn/rrc/ASN_RRC_ResultsPerCSI-RS-IndexList.h
f100287a1e5dad664c690123cf63bf58031512340ffc4e8a8e81b6ffd5251926  src/asn/rrc/ASN_RRC_ResultsPerSSB-Index.c
5431e1f2599d4ff0315922f456064c54f469a14cbbe90618c08c7cb5c6efb42c  src/asn/rrc/ASN_RRC_ResultsPerSSB-Index.h
0c0707da073ffd63f18db929d525d46c13c6d904cf25b639bcbb2bc06a7839b6  src/asn/rrc/ASN_RRC_ResultsPerSSB-IndexList.c
a78f0fd8c8b09a196201c8d669d99bdf6289a81935824660f0a1be7dc4adf516  src/asn/rrc/ASN_RRC_ResultsPerSSB-IndexList.h
b1bc1e98573fdd92197ca90f0cb029ae8fe353dddb826c850ee8a9170142ec77  src/asn/rrc/ASN_RRC_ResumeCause.c
b126bb8ae0b8af4e34019434c13b7c9aafce397ed6d40b8a852303f56ddfb280  src/asn/rrc/ASN_RRC_ResumeCause.h
e6b96147fe7a94a1213a831080c22f9229c65463d86280ace4ea814a9333ecc4  src/asn/rrc/ASN_RRC_S-NSSAI.c
4e30cbbf76a3e3a7dd89ae696166a8ab966fc45bfd68376404cfcae9e35381db  src/asn/rrc/ASN_RRC_S-NSSAI.h
21adf12c2291432223ed154a13fd717014baca2164bb2660286435b226597f71  src/asn/rrc/ASN_RRC_SCGFailureInformation-IEs.c
70507802799920125b750fd3e6787d947ed9b6572ab7ae342e19fc54c27664c0  src/asn/rrc/ASN_RRC_SCGFailureInformation-IEs.h
d53537ea9a28a9355af206867746aedcfa455f477adedf0c3aea268b2fc9b549  src/asn/rrc/ASN_RRC_SCGFailureInformation.c
d62456c99f4086e1ae32cec8e7e2e74adb94a0ce729c34c813f7a6693bc5c824  src/asn/rrc/ASN_RRC_SCGFailureInformation.h
ec316fd397d1e0d4d32f80c17d21cd9e5b8006dc26de2b6b61426fc3a8a16607  src/asn/rrc/ASN_RRC_SCGFailureInformationEUTRA-IEs.c
b533efbd4a0d7fe929ecb1d716a1381deb0abba4de2c23849252fe8c5bdadfb5  src/asn/rrc/ASN_RRC_SCGFailureInformationEUTRA-IEs.h
42057d9abd1453e83b8f13d0488903ebad09d5f626a869b0df1e15d021db8453  src/asn/rrc/ASN_RRC_SCGFailureInformationEUTRA.c
a84d534f0333b66d34be413657bb42f92c2c5a44a31d64ae270b3a4cb91fe2a1  src/asn/rrc/ASN_RRC_SCGFailureInformationEUTRA.h
d32521796085a58db8437f61e5f7ee2fe1370de99737929da481cffb884cd48c  src/asn/rrc/ASN_RRC_SCS-SpecificCarrier.c
d323619b29061a72a4debd6fbc3c72d368c3f4064b8d1264869de4ab034198ab  src/asn/rrc/ASN_RRC_SCS-SpecificCarrier.h
57fa2aced0a98ce528d934f57050e7084d329dc0d7dbb09fdc6b8c090934822d  src/asn/rrc/ASN_RRC_SCellConfig.c
900c43bc9e5cb925ddd37c1c698598ea8347222485904f9ef945bbf10fbc1abf  src/asn/rrc/ASN_RRC_SCellConfig.h
b51b866ade43d42a6caeb96fbe29f82b86203aef12393439700d44915bfd08c1  src/asn/rrc/ASN_RRC_SCellIndex.c
ae7e3c38c2824098d133f7b31b85e975f7c5ac9a2cd6e372575f92f48178c73e  src/asn/rrc/ASN_RRC_SCellIndex.h
0990a6d5e04d47307b39dbf64104a8a01bbe5289d0c042bc27633fcaac604176  src/asn/rrc/ASN_RRC_SDAP-Config.c
80ce9bc21f8b03b64a8a09f8370be041249bcb8a0d9b1055ae0a8e8e6df70d9a  src/asn/rrc/ASN_RRC_SDAP-Config.h
5f8f42150e4eeec8c7c551d475a4a2e81fa6118fbe2e43213f1759bb7d70c7f6  src/asn/rrc/ASN_RRC_SDAP-Parameters.c
7c54a0c030f7c947878cb1f72476467cec67f01128f7dfe9cab2020f0d9ae3fb  src/asn/rrc/ASN_RRC_SDAP-Parameters.h
7aaa3c779109d967739c4d892018b7ef3e7035aab576f04ab525afbf56cd28f0  src/asn/rrc/ASN_RRC_SI-RequestConfig.c
d1dc535234ab22e81649d49fef3918c229624445ecc5e836f6ac2d145e8a06c5  src/asn/rrc/ASN_RRC_SI-RequestConfig.h
deb7621f1170f8a21f6e69681f6edb1c8e010d0ad398462d31d6cedd10005f3e  src/asn/rrc/ASN_RRC_SI-RequestResources.c
382abdd32cdcfc7a7a263063cd82db68e05b0deee3cc31bf07539cd670c94956  src/asn/rrc/ASN_RRC_SI-RequestResources.h
730ffd2c6db2d0ad10d364d83bcb850387db898932569709b123f17d3f5a608b  src/asn/rrc/ASN_RRC_SI-SchedulingInfo.c
0eacff71e699b049999659bbbeab28a6f438ed523f5004cbc1c85c7ba6eb4559  src/asn/rrc/ASN_RRC_SI-SchedulingInfo.h
77fb9bc40a61d21a5335369e5b2cdfa87e812f767cdc9e7cbf9a62f9855a6f17  src/asn/rrc/ASN_RRC_SIB-Mapping.c
c676bd5b3faf7f5ef0cebeb3c5e1457535588f822d34ebec05f5da81632a7315  src/asn/rrc/ASN_RRC_SIB-Mapping.h
5899078b3168a9feecf333d3bf1c90cb17c3033021b43720b06d276b6ecbf530  src/asn/rrc/ASN_RRC_SIB-TypeInfo.c
6a8e5f1a244fcb123cd1140bc119b430d2665b0f509ffa5eb0d7bd4bbeeaf5dc  src/asn/rrc/ASN_RRC_SIB-TypeInfo.h
ce0befacc9c1fd781f173d0613645ce56281e959b31341d88ae5573be3ac4751  src/asn/rrc/ASN_RRC_SIB1.c
3b750e8abe6f1cff41825c9db9b6bfeab0058c2327e268aa250882baef087563  src/asn/rrc/ASN_RRC_SIB1.h
445fa3bd41409b851553e4c110b1fc11fac8972ac31980c2789e88ab479a0640  src/asn/rrc/ASN_RRC_SIB2.c
b579f0f3198dd26ced582b3f851a0839fbc097558531394c62d52ebe9890eaa5  src/asn/rrc/ASN_RRC_SIB2.h
48699f31dd7baa81b9731f038c5f7ebb44e5a66c20f3f77a4356853bcb4ed0aa  src/asn/rrc/ASN_RRC_SIB3.c
eb3ebf87387e659c4af858af7f261bfe0d11246488fdc7b09aa5616563355489  src/asn/rrc/ASN_RRC_SIB3.h
07119015e70b0313a6b7900728694d803db8111df3528f5d07dd903aa5509c13  src/asn/rrc/ASN_RRC_SIB4.c
f4bb513c59b4854f3d9cf82a1a177aeec6d2769d9db48a58b711cd60f18c15a3  src/asn/rrc/ASN_RRC_SIB4.h
29c18c3536aa0b02e13b253be858d8b50625ccc6d6a14b7eabcf141ce7e44cbf  src/asn/rrc/ASN_RRC_SIB5.c
37556581af6838d17b5a61baf2176c56be88c1fff5db1043d2303e9d0a3d0fe5  src/asn/rrc/ASN_RRC_SIB5.h
14c70747a1b4b4545c168260e58a9d7b554a49662cde32a72bd82c648f929524  src/asn/rrc/ASN_RRC_SIB6.c
f4f9af86c3fbd6d92ba9fbf67937b874b41b50f5b80908a7d134f6e6297114ce  src/asn/rrc/ASN_RRC_SIB6.h
2f1269b987d9f14cf74f8522ba8520e1054f5d46b4dbdbae36114da7142a8e8b  src/asn/rrc/ASN_RRC_SIB7.c
540e0445cb99f3a89cf499dd795f3fe15d20c07abe28e5e8fc70f0cd0ff58a11  src/asn/rrc/ASN_RRC_SIB7.h
0da1625664ef267f7fecaed15d90f6d84c058896d8a3923055d3bf439409dbd4  src/asn/rrc/ASN_RRC_SIB8.c
819db7e29270734e7b6d363c805f4981dd1baa29f8b176c021705c728c4ecbed  src/asn/rrc/ASN_RRC_SIB8.h
40fc16c9cf30a0cb1faf9603d10ffe9a99cb84837cfad19527e7f6e78c08af81  src/asn/rrc/ASN_RRC_SIB9.c
7e71d953b8f3d36def2f0a5303773ba5d65be8c45d17c89f97ab4bfb5e6af1be  src/asn/rrc/ASN_RRC_SIB9.h
9f936584d19bb9fc1cf87e055a18a65038943c14befd50a392b3634f4981e84a  src/asn/rrc/ASN_RRC_SINR-Range.c
cedb9c22bec6b10951b0819857d9c8e8ea31aa00e28737142dc2be96ab5ed208  src/asn/rrc/ASN_RRC_SINR-Range.h
32bad1753914dcbe38e7f3ab976c67255c4065487f202d9f38ecdb09a4192969  src/asn/rrc/ASN_RRC_SINR-RangeEUTRA.c
6e7b27967d745a244ae8c3b2ed0e35442121ae80a05d97adc915d85a3862f561  src/asn/rrc/ASN_RRC_SINR-RangeEUTRA.h
6f1b86249014a485923f88c9006fadc6951ba6fac6f7f69b159492be48dddd97  src/asn/rrc/ASN_RRC_SK-Counter.c
340b9b45da030d6c7464d9586316c7190f23b002dd97074b11b347e3cf526fdc  src/asn/rrc/ASN_RRC_SK-Counter.h
256617022d7b43a1f8f4caa5b69e23516a5c808b96af1d18a01076e4cf699c72  src/asn/rrc/ASN_RRC_SN-FieldLengthAM.c
98476e88f9237c38db3cc2487babea5aa952016393d217d81430de2c94b1add8  src/asn/rrc/ASN_RRC_SN-FieldLengthAM.h
fe017799c7ed0b4a8cf53038034b0796d50e2980135239dfd9d5096e3a736593  src/asn/rrc/ASN_RRC_SN-FieldLengthUM.c
2aaf4288dbd3ae62b46b1a3d41dd11f2030b8b17472a4f51be183c57f622b68f  src/asn/rrc/ASN_RRC_SN-FieldLengthUM.h
164ca0b495ca561ab80e5438f21219511db703547af0c185a54b51867d74aeae  src/asn/rrc/ASN_RRC_SPS-Config.c
3ff1a7d4e58441e0ee4e788b8d4375f21afa9caf538651fedd4a00e91e5db376  src/asn/rrc/ASN_RRC_SPS-Config.h
e3da9a94c7d958467691dc548889b5e197804b1047012812a627f4d3adc1bce3  src/asn/rrc/ASN_RRC_SRB-Identity.c
06bf98440b93ced8d3668ad7a303cf7a48e7bebdad19009aad25ec61b20dcfbc  src/asn/rrc/ASN_RRC_SRB-Identity.h
5e53854022c2488f60881fabd0db9f41d7c91ec583ec9c351a2f13041d916026  src/asn/rrc/ASN_RRC_SRB-ToAddMod.c
76a54aec4fa34b423694cf5e70f7076518b3791b3b76c507db313b5f5858faa6  src/asn/rrc/ASN_RRC_SRB-ToAddMod.h
0fb22e3f37b8fca667f4d093d72528b0f5f2f066385f5043d5b390a9733dbc45  src/asn/rrc/ASN_RRC_SRB-ToAddModList.c
7e4cfd60d568a6fde9d0bf2d8a7dfcc7b64dfaee66bf199632b68a77d7fc4da6  src/asn/rrc/ASN_RRC_SRB-ToAddModList.h
ac01768c302b4cbcc59e5476d29c60f3e5f3fed9061bc144a817848424da347d  src/asn/rrc/ASN_RRC_SRI-PUSCH-PowerControl.c
dd544450705996f1dbfefe5de253195cab3c2e92b5927ace45a9e8379374f1cf  src/asn/rrc/ASN_RRC_SRI-PUSCH-PowerControl.h
4123d3a3f457946c1c102e4c542f22ca1cba9208b813cf934d14569f1f33d0e6  src/asn/rrc/ASN_RRC_SRI-PUSCH-PowerControlId.c
7164ddd3ef37942ec290ade6b3c8d79c9b46085044f71aee535520ad01c1e003  src/asn/rrc/ASN_RRC_SRI-PUSCH-PowerControlId.h
92ddf745cf8f589d013526538e623912b37578552daf8d33006c313b67927ce2  src/asn/rrc/ASN_RRC_SRS-CC-SetIndex.c
0d919b096008be5cb0869546b3cbb6e3b5288b29d909b5ed86e353737636cffd  src/asn/rrc/ASN_RRC_SRS-CC-SetIndex.h
51d3269c49f3eda1abe646c509da615d51d7df25dc3362ec36016c13b698fab7  src/asn/rrc/ASN_RRC_SRS-CarrierSwitching.c
49ca7ff514b5f3403cd6a2763594e8faa3d7e322109a0d7724c3328afc3b0f40  src/asn/rrc/ASN_RRC_SRS-CarrierSwitching.h
b0e92fa51192f7122a1ba748030056f704a8b7d5c1680821687c2bf93a45c943  src/asn/rrc/ASN_RRC_SRS-Config.c
63510428caa256fe8440898f8c1c61e307a8faccbc38650dd299c25a1f053b18  src/asn/rrc/ASN_RRC_SRS-Config.h
c8aa62405dfc4ccbf4777a5870b4dd76bc78ce26bcba6a5ba63aafa093c929fb  src/asn/rrc/ASN_RRC_SRS-PeriodicityAndOffset.c
527f17dff3beecd9c95bb55f754dfb61765ac6c93df813fa187e90deee867ce0  src/asn/rrc/ASN_RRC_SRS-PeriodicityAndOffset.h
7841f584c298c36b3883452076419589ad7e6f2dcbb1322cf58f71e30fbd8ce0  src/asn/rrc/ASN_RRC_SRS-Resource.c
b3a8a7cfeaf7aa4b0661950fb0fae0378c740e60ae9b5864995200c5db237797  src/asn/rrc/ASN_RRC_SRS-Resource.h
5b911367433a9d1a2ce732df1865756300131101c9526e6e1996a1514150835c  src/asn/rrc/ASN_RRC_SRS-ResourceId.c
028e34b844070efc5d81103bfd2e7fbe96bcbf89e1caf5f4010ecf1f73ea659b  src/asn/rrc/ASN_RRC_SRS-ResourceId.h
eac1da26a5b2aa0f5b336544857b6509ce90bbfd6ef4e7ebcdfc3e8ba75fe2bf  src/asn/rrc/ASN_RRC_SRS-ResourceSet.c
4170966d074f45a84bf335aea576a8ee52e7ce627851133ca023ef808c4e4635  src/asn/rrc/ASN_RRC_SRS-ResourceSet.h
ec94129c5603aa57072267cfc3704736503b56305658727378796915c822b1ea  src/asn/rrc/ASN_RRC_SRS-ResourceSetId.c
b3f4e19a77d28be7b6ee7ee075861e7d2ffe717556c63204c663c28f8726315d  src/asn/rrc/ASN_RRC_SRS-ResourceSetId.h
79fbaf7eb0a719a6d2edf01bf6879ab786a7f403522d4765487b19671aa28669  src/asn/rrc/ASN_RRC_SRS-Resources.c
1792e95cadf16f4d67fbffeee67577958da64c3aa6ab32b95fe7e3ecd6d0bdec  src/asn/rrc/ASN_RRC_SRS-Resources.h
aaf4eb9133cac8d28b419ce48b09728d10f594f06e5124d42f242133b5472bd9  src/asn/rrc/ASN_RRC_SRS-SpatialRelationInfo.c
d16a009d6bc136906442a4187df120c617eec0708cc68c677f2f9ec60ff1c1f3  src/asn/rrc/ASN_RRC_SRS-SpatialRelationInfo.h
1d794dd0a216b8e6a2c671e7f61228b9394ec4f30821096467c9748ba7d5bacb  src/asn/rrc/ASN_RRC_SRS-SwitchingTimeEUTRA.c
a40bd9aab1cea17e2f3cccefdc281732f926bb0f4238f909d3e126953aca487d  src/asn/rrc/ASN_RRC_SRS-SwitchingTimeEUTRA.h
635cec8267033835d91abbe15a00761be3cc2d938da13ca6dd1520ce35116f43  src/asn/rrc/ASN_RRC_SRS-SwitchingTimeNR.c
6dd04eb2f07acb608f79fc84d71bd92cd20b3d290f82edc47f273ff94368dfcc  src/asn/rrc/ASN_RRC_SRS-SwitchingTimeNR.h
a4b313977714029f176d9e9876075b997233203649ef544273923d8ec0a2d2e6  src/asn/rrc/ASN_RRC_SRS-TPC-CommandConfig.c
f137ba37b560049a283780206836ca426d3afcfa1498f50344bb033e346f228b  src/asn/rrc/ASN_RRC_SRS-TPC-CommandConfig.h
da885be729a545f12e32a07e0f24fabcbe7966eba8f90874c6897687254358eb  src/asn/rrc/ASN_RRC_SRS-TPC-PDCCH-Config.c
eb4515832d8152bb737098dff1c93835067ab7fbda6bc42044ae0f9ebbf253ad  src/asn/rrc/ASN_RRC_SRS-TPC-PDCCH-Config.h
50daa1db0eb8f8ae3a1c4d1b11ae701584e215e60b86e935a23c2dc20290f6f5  src/asn/rrc/ASN_RRC_SS-RSSI-Measurement.c
b49d8b94bbd801c949c7c6bf5c9a631438d3fbf729ee121c301fbe895e199264  src/asn/rrc/ASN_RRC_SS-RSSI-Measurement.h
24a76fa2cbc001c02d0ffd05fff9bff0698b39a1d37e998c49f5131e23837c40  src/asn/rrc/ASN_RRC_SSB-ConfigMobility.c
77d3ef4cfd305df6df6504e97eb940e3ca2d2c8df66735f0376e20970d4ce853  src/asn/rrc/ASN_RRC_SSB-ConfigMobility.h
f93b8646de4c1bf16ed46bc78b56b27f45bd05036372b66ddd5f69bfa4dfbb2e  src/asn/rrc/ASN_RRC_SSB-Index.c
2d1fd2d9369ba80f74fc33d298b05e6b858f911add1d99be20f01cf58262865d  src/asn/rrc/ASN_RRC_SSB-Index.h
a81d80e475735086cc9e0ce342532b98742d2441d959319424dc9bf7aacb50e2  src/asn/rrc/ASN_RRC_SSB-MTC.c
4d03c529696ac1673c020b6da26165ee8dafd35a83498d9d716c86109f4315ff  src/asn/rrc/ASN_RRC_SSB-MTC.h
84d4e6e1016fb9cbff746a843059af64c4c0aa253a94c6fa2e7c1861ed13d8ce  src/asn/rrc/ASN_RRC_SSB-MTC2.c
352e59a8fd741f28c4e30bbb3b9f89f323dcf4e156845b24203e0b1d5b59235a  src/asn/rrc/ASN_RRC_SSB-MTC2.h
68fe2660e9f7026cbd478f16e4d2c2816f404d329986281dfb04ece8a43c733e  src/asn/rrc/ASN_RRC_SSB-ToMeasure.c
6cd7b53a0bafa5c780630a60ce9dce4d1b4f4b2db1b3f775a79576450aa6cc31  src/asn/rrc/ASN_RRC_SSB-ToMeasure.h
82bc128353f91fca14761f10f2967c37a994c3e4fe5dbf27456ae3ea3f201c8a  src/asn/rrc/ASN_RRC_SchedulingInfo.c
27b8adea288e4206f9558195843fc32cddf0558b2e71e69aff9bbd9ac918d85d  src/asn/rrc/ASN_RRC_SchedulingInfo.h
10d233e0b98926514fe30c3a8c04eaed50ed0fce9e79b26349b31d376d754135  src/asn/rrc/ASN_RRC_SchedulingRequestConfig.c
857e3e47c871bcf8d2b9b9b4584f1a6696f04ad11c26aa7a681ced748ee24a09  src/asn/rrc/ASN_RRC_SchedulingRequestConfig.h
0e3dd6ca44e0cc4ef6edff465b6c325012ffbdbc790a092597c010d79324d345  src/asn/rrc/ASN_RRC_SchedulingRequestId.c
98eb0d7fb4a719615535a597be4f9e9a169fdc97157b9a326f080837f890a4ef  src/asn/rrc/ASN_RRC_SchedulingRequestId.h
4001137aa9c64ca7693ca659ec6b4ac50c979fa04f0c65fb865589b51d4173e6  src/asn/rrc/ASN_RRC_SchedulingRequestResourceConfig.c
d6c4f8ff5f1330590cd141eadb38eee2a0870c60dfa5691f432a30c30234acbe  src/asn/rrc/ASN_RRC_SchedulingRequestResourceConfig.h
99d1f49f52b3cc261742efcbfb0ac0e528981384ae600c616300ef13f7c9de5b  src/asn/rrc/ASN_RRC_SchedulingRequestResourceId.c
3a90a9cf0724f6033c55e78d71b40514c7e5beef2000da83b28146fadd7cb4a6  src/asn/rrc/ASN_RRC_SchedulingRequestResourceId.h
c6656e982a88d5a0e5d57a682292ad105056c0aed76695e0552d9dd0deb5ce3e  src/asn/rrc/ASN_RRC_SchedulingRequestToAddMod.c
b4d9fc7175f074fa9feadd892adf76942167c021e3e0881ea0de6d17430891c2  src/asn/rrc/ASN_RRC_SchedulingRequestToAddMod.h
3c50b091c16478f104f17ae4de2db9abaa08a87eef8e87cb6c7c5c4b0d091e39  src/asn/rrc/ASN_RRC_ScramblingId.c
a22d5a8dedc24e71fb535c6b21bd5b5512eebc367ef8134418df28f290d01463  src/asn/rrc/ASN_RRC_ScramblingId.h
3d44a48a5c90452a0dd6f05c9bc3c0cf25fe941c60c3eb003802c7aff09aa8d8  src/asn/rrc/ASN_RRC_SearchSpace.c
cdb4284c0cc3586c22fa290587167c6b0897366d4715dc43377d7f0194af8a23  src/asn/rrc/ASN_RRC_SearchSpace.h
f786f9bbf9a1efdc87287bf2c2d9a44211f9959a82e5745d543b1035f2257aea  src/asn/rrc/ASN_RRC_SearchSpaceId.c
768ece9c79f3a5f1696014426d2ec05d582de27f408557a5afb0fae545fe3c59  src/asn/rrc/ASN_RRC_SearchSpaceId.h
caeb609427a09c7d3c928aba4ccb8badb1e0e1e68a83d89657896d71b20edea6  src/asn/rrc/ASN_RRC_SearchSpaceZero.c
09e48377f9fe72a6ed937071ce59598bab81f68f841d1f605f9cb2e58c3d35e4  src/asn/rrc/ASN_RRC_SearchSpaceZero.h
9422818ff3d1860c52feea1b87d849702137884b288e8204d6377aa50dcb15d8  src/asn/rrc/ASN_RRC_SecurityAlgorithmConfig.c
1e7c35e1d5dbc2691306efabcd5cf2680379d27ace3509c2e030986d8f43fbf7  src/asn/rrc/ASN_RRC_SecurityAlgorithmConfig.h
145e4c492c714ebbd6207e21791a616e3a1a84b710c11a17eece66010223bd76  src/asn/rrc/ASN_RRC_SecurityConfig.c
c09d2205930bf614d24c877bf8d6dc182fe680664ce4f24fee61f26719c40f56  src/asn/rrc/ASN_RRC_SecurityConfig.h
520e1a91c2c08b278c49554038a3c863782df2256b0cf6edb4d0f1b67ad995db  src/asn/rrc/ASN_RRC_SecurityConfigSMC.c
da5b6738bc95415a8400b14d4aedf4561a4c4e7175925939c6842f5f99c5ac98  src/asn/rrc/ASN_RRC_SecurityConfigSMC.h
99385836b9e6d6bb66eb3a9a4001151063299a0b4a00f47d2c5df65dfc43c585  src/asn/rrc/ASN_RRC_SecurityModeCommand-IEs.c
1ef323a52ece87dd2894063bc51abae3acb85e9f44d0371e4fbb94f7735b84c7  src/asn/rrc/ASN_RRC_SecurityModeCommand-IEs.h
12d414cf54dd2c2ad23c0290e6298e52cef83314757bcb8da17364b3938aaec5  src/asn/rrc/ASN_RRC_SecurityModeCommand.c
8a7e2ff32a02df6e2e61a5beac0cab3c9e215fdfd3c61ff6b5491cd8eb261cde  src/asn/rrc/ASN_RRC_SecurityModeCommand.h
03d59e396419a84ecfeb49f9f295fb61a7ee59cb44a68e885c98691f09d05f15  src/asn/rrc/ASN_RRC_SecurityModeComplete-IEs.c
52c2eb74c0e784bc9a7ddef1bb29bdda7ac70cd9c16ef36beb72ee7c3ddf224b  src/asn/rrc/ASN_RRC_SecurityModeComplete-IEs.h
4586e5fd8899c099d531b03d63ade25f22d10ecb0e5046d1bb3bd7e11ce91f40  src/asn/rrc/ASN_RRC_SecurityModeComplete.c
781dcd0a67777d67a2fa6e52126e1d86bc80d34eceef3f0f6d459651ea39cd14  src/asn/rrc/ASN_RRC_SecurityModeComplete.h
64921b7e37f039f1da96300ea04286fa33c10008c95df686eadc16b8afaf4141  src/asn/rrc/ASN_RRC_SecurityModeFailure-IEs.c
7d5a1b3b76e4ed77e8bf69a3ad8a9a7702bd3a80d640f996dc3cefae3fdad31c  src/asn/rrc/ASN_RRC_SecurityModeFailure-IEs.h
9a81a56eddf8cf5446d495e9991105cabe4616134098af51f8934bd724b26cd7  src/asn/rrc/ASN_RRC_SecurityModeFailure.c
fdd0987f9793cf6e818bdcae854f62c785f50ee31be67ae48f091bd6e6b2549a  src/asn/rrc/ASN_RRC_SecurityModeFailure.h
1f4158bc009d35cfc021795148b95b560cec617920927cf094c23ba515fca0e5  src/asn/rrc/ASN_RRC_ServCellIndex.c
75f54086eb2bc076455fe9a99341aa1c628c6fb4934416c47747c62c067d0d7a  src/asn/rrc/ASN_RRC_ServCellIndex.h
8ae8e9ebeab62441cbe45b59b146b8bf9fcfc145e14776fee40721e6a15ce7d9  src/asn/rrc/ASN_RRC_ServingCellConfig.c
e71b78b88fb1285a8d7d3fe4dede7bcfea3d113cc12bcb847495293d203b5d38  src/asn/rrc/ASN_RRC_ServingCellConfig.h
99e8b5b8ce9414e253a3b9429501c5c1e304a2001509b5e46841310933a585ae  src/asn/rrc/ASN_RRC_ServingCellConfigCommon.c
6bbec22258da0d3f33d9dbe7aec7cbc7e0a684890995bd7f6a74ae741dbe910b  src/asn/rrc/ASN_RRC_ServingCellConfigCommon.h
522e1d94c31bd177fb4f34d82eda6baea6e1d62577aa9797af9cc2c28f36de4b  src/asn/rrc/ASN_RRC_ServingCellConfigCommonSIB.c
fbdb9d9d4ac27aa96f201acbf70de0df0840d912e147536ab3ea5b57690ac5ac  src/asn/rrc/ASN_RRC_ServingCellConfigCommonSIB.h
a5f62b43c26cdb908f6c3231d9e546ecee8e32c23916bb2b06e4b16e5767eafc  src/asn/rrc/ASN_RRC_SetupRelease.c
0fe7526c78bce1bbfd3163102e19e8ac65249f2b37c2e31471f00cd89c6b9d8c  src/asn/rrc/ASN_RRC_SetupRelease.h
ea91d0dd7a0b287dabc18f1d6fdfb683e9f375d282be0155a9a6ad0ebc9b95a0  src/asn/rrc/ASN_RRC_ShortI-RNTI-Value.c
7c5c3bba02082428584ae5fb5cca34d85c421aaa6b84fb945ddbcc00797d6e25  src/asn/rrc/ASN_RRC_ShortI-RNTI-Value.h
84a904de4f5f8f26928e24bf22423f89d6a618a4dac3b5eb0a2080312396677d  src/asn/rrc/ASN_RRC_ShortMAC-I.c
33341ede7e5d4c44bf3c54b46eae10c0bf0d61465ca04a49597cb9e02a2aa22e  src/asn/rrc/ASN_RRC_ShortMAC-I.h
d46e64f1e804bba1499dca652a88eca4851891f9590612e958c79694d77209ca  src/asn/rrc/ASN_RRC_SlotFormatCombination.c
69a86d98c07de9076a88093cf568faee2131fc0369589d7ef19706695d42ad8b  src/asn/rrc/ASN_RRC_SlotFormatCombination.h
728d24baf10808e621f143fb91487bb75c33bbf209a44857dae08bb298ffd995  src/asn/rrc/ASN_RRC_SlotFormatCombinationId.c
ae863c38b6265b4d86b6ad1dd204cbb9263f9d15cef6ae2c5e177eb1d770b99a  src/asn/rrc/ASN_RRC_SlotFormatCombinationId.h
c3d0df3c1f2c498b64a8b0291218f66ae35147c4adb392bb595741419e166e3e  src/asn/rrc/ASN_RRC_SlotFormatCombinationsPerCell.c
061a75f1aa545eba4b5d4230444f58eb304d1390210d7cbdd54dd819d3a6b180  src/asn/rrc/ASN_RRC_SlotFormatCombinationsPerCell.h
4a11999f3e5a551d0fbe04d55e8996e6992dd288b6d71f8ce19fa392215760f0  src/asn/rrc/ASN_RRC_SlotFormatIndicator.c
31a1de4fb28e553e5e7a4486056db0e34d239f1a007636d0d937400e1cd4c04a  src/asn/rrc/ASN_RRC_SlotFormatIndicator.h
636c2b71632afe971979e8664cfedf9a5c2c96eb33e16ecc8010a071cb0ceab9  src/asn/rrc/ASN_RRC_SpCellConfig.c
3ebda0162ccfefa06dc5607c1b7740216dbee5b60b5c31932f01bc50b0f12e6f  src/asn/rrc/ASN_RRC_SpCellConfig.h
426640e1a31022bd065672964e456acb9b8c4e09614d692e7c4a9d4975bc560e  src/asn/rrc/ASN_RRC_SpatialRelations.c
f6195dcf6bc84bb235e55a8d1b12d92b69846a7e690b23f71ce5d0d7d36bd1fc  src/asn/rrc/ASN_RRC_SpatialRelations.h
9bd5464fd43f27b89a6648ffd3c7a849819f0e1686e5741cf85f45d332bc4b02  src/asn/rrc/ASN_RRC_SpeedStateScaleFactors.c
75b757148b7f6248e00abc288ad5dd187824d0f06fdae280d82a5b41e380d8f1  src/asn/rrc/ASN_RRC_SpeedStateScaleFactors.h
e37a153e84359ea578919c9acae0ea3316f9cf439f61914b0398a9b25f075c1c  src/asn/rrc/ASN_RRC_SubcarrierSpacing.c
3a8e9693b32de65f17fffbf1bbb1ff088ce4db9de5e2d5e6c5f83b9e5aad9cc6  src/asn/rrc/ASN_RRC_SubcarrierSpacing.h
293efb9778ad0492dd59f8ee55411eaabda160958d525c8ad779a125756f4ffa  src/asn/rrc/ASN_RRC_SupportedBandwidth.c
70a348fbf8558e20e9d5bdea1e33ab9621b06720aa6ae5b1c0c886be5622beab  src/asn/rrc/ASN_RRC_SupportedBandwidth.h
af8105f3ce472fe72f6d9d2373f141800b52e2ce6fd8f2303cbe1e112fdb767a  src/asn/rrc/ASN_RRC_SupportedCSI-RS-Resource.c
6ddb1f8da1a5207e5cf4456c770d100dad607fee465d595767b4ba61e2d713b6  src/asn/rrc/ASN_RRC_SupportedCSI-RS-Resource.h
2a6f0bce6e7bcbeff22a21bd6f18c4778b3dbe015a0256b189de96f0a690bdef  src/asn/rrc/ASN_RRC_SuspendConfig.c
0be737b4bdf3121d024801486bc3dc72d504118587dee0d08d45e70fad0dfc11  src/asn/rrc/ASN_RRC_SuspendConfig.h
59b08f3eebb52cac8e094462e1d4a3aef1fc19f159e496257ea9b0982256c2e7  src/asn/rrc/ASN_RRC_SystemInformation-IEs.c
8e196025207fc55f5845d6fbcb5891e83ba436dc22cf1e69709295e66b349c45  src/asn/rrc/ASN_RRC_SystemInformation-IEs.h
e97f0ce2fbb60270bbf4fd0d9d038fc1289ed29b797150b933d6da047d7b55ff  src/asn/rrc/ASN_RRC_SystemInformation.c
0739528babad5a498b5010e45e861dcc4219f5d19d1fe9ba7f2f4a663847d4be  src/asn/rrc/ASN_RRC_SystemInformation.h
abd6b0d2ce9ed9f93730d00d1c7382cee727f806427c1f2b49e19cba127c48ab  src/asn/rrc/ASN_RRC_T-PollRetransmit.c
e72f663ad5eb22fc4618ff8ae9ca62143aede0ebf6bf13f2952112c8678121f1  src/asn/rrc/ASN_RRC_T-PollRetransmit.h
7c806049b63a2e40e5dd5986eebe016be23ed902bf6aa8f7ccfdd85d3720f63e  src/asn/rrc/ASN_RRC_T-Reassembly.c
5f78ededf32ff93bbd471ff1ef638268470415c1deaf819ed257973a630fff7d  src/asn/rrc/ASN_RRC_T-Reassembly.h
43b3a89cec5a732da47b41482c8126465ff7f3ac0a31ab95d45fa0dfaa9ee3d9  src/asn/rrc/ASN_RRC_T-Reselection.c
cd90d9af40124d6963e2c6d0b56df2e313664bee2cbdd58868f5bd94fded1fcc  src/asn/rrc/ASN_RRC_T-Reselection.h
a7cfbc445997cc38b0f7941f6e3650200c97a59e9460bfc780e8c210a3304a81  src/asn/rrc/ASN_RRC_T-StatusProhibit.c
698c3b1115ce9bdae8d5b3501f1fc5265b246637e56a7108bff1109abd3d1dfb  src/asn/rrc/ASN_RRC_T-StatusProhibit.h
5feca33173029139bf2f8c742430d58146e5f1556f0c3b48d002aae65af81978  src/asn/rrc/ASN_RRC_TAG-Config.c
d716a18ad4bd494e6d944ddae3bb06c5e7ea1da9b388374a73706a23b35e3cbb  src/asn/rrc/ASN_RRC_TAG-Config.h
4664186f4134b459a3b008992b715ef8d9bb6c114cb192883a866af327c05471  src/asn/rrc/ASN_RRC_TAG-Id.c
b2c53e64e4cebce91eb660618a03269f8d1823946e0af88683c47330dffa6422  src/asn/rrc/ASN_RRC_TAG-Id.h
c981d384ba16853f05b6c8f12b9581d2faf2fdca3f9097cd30403583008301d1  src/asn/rrc/ASN_RRC_TAG.c
45746b0f3e32cb27651c96cb75c4d0484298b89b5e77e5a5da9d9bb0281c6347  src/asn/rrc/ASN_RRC_TAG.h
b50ea6d5167207a7110eb46877e0bb1027927eea25f707bfc038333b1ddcd080  src/asn/rrc/ASN_RRC_TCI-State.c
de93f1fb4a2f91f039911532db942023722616f4628065b9b312033568e9abb3  src/asn/rrc/ASN_RRC_TCI-State.h
5e74b4cd8c74c45199faf3615d031dd7d4d0253fea7dc9345279e5aebb860606  src/asn/rrc/ASN_RRC_TCI-StateId.c
b7018038b768b84a29548bceb9f00dc7b19d0c2aa62e226cb07263900256fac9  src/asn/rrc/ASN_RRC_TCI-StateId.h
66fc375a965431a9056965394170f9fb45b65645f3ca0a4be039c6d6865d8e04  src/asn/rrc/ASN_RRC_TDD-UL-DL-ConfigCommon.c
e55de801d33cb77bbb145610857312b330609b152fd3f898aa4b2808ec58b3f7  src/asn/rrc/ASN_RRC_TDD-UL-DL-ConfigCommon.h
0a5b1bd5cf89d0a24b21bc976b672aafe7a4a760a1a4b7ecf8a30086bcb1e454  src/asn/rrc/ASN_RRC_TDD-UL-DL-ConfigDedicated.c
9a44b51d98bfd32c7a7f87a9f2efe3b922e12671e3e9673d2f72fc7c8ffdf0ba  src/asn/rrc/ASN_RRC_TDD-UL-DL-ConfigDedicated.h
59f8e5781eeb5e6b92f9eb6a4258224a09b3c13c7b165b3ea4b7bbfa20383bc7  src/asn/rrc/ASN_RRC_TDD-UL-DL-Pattern.c
7fa3ababcb201a6fa2359afa31f9ee9e1827e1c62333ab1fa7cc1e1ee5c05465  src/asn/rrc/ASN_RRC_TDD-UL-DL-Pattern.h
9c202d835e13dd17327347601d0dc0f9a67c0a7a90eb96cafbaddfbf6158d8fa  src/asn/rrc/ASN_RRC_TDD-UL-DL-SlotConfig.c
7404a896937f888e10b7f346d312ce68100927fd8c0f4dde9c3e4e3238327d0b  src/asn/rrc/ASN_RRC_TDD-UL-DL-SlotConfig.h
d16327ca858317542175e9159b8bf7b2ff1b9d7a63d1bbcb621a6ba344ca1a9b  src/asn/rrc/ASN_RRC_TDD-UL-DL-SlotIndex.c
5082c53f776800345f9da7a3d1a0e2e868efb8011ebe2b933aa0935f2f3c61c0  src/asn/rrc/ASN_RRC_TDD-UL-DL-SlotIndex.h
aded116d9db58dcae137d0c93e610756d4807e706348f25824cddb3e5d2d14e7  src/asn/rrc/ASN_RRC_ThresholdNR.c
b0d53eb4043b614ed6d916ee1ceeb78fb76370c3e73a786aae71da4686bdd6aa  src/asn/rrc/ASN_RRC_ThresholdNR.h
17c70b6a9b3c7b86637ecb348674d5d4bb49edeea58e618ac31a055b94af636f  src/asn/rrc/ASN_RRC_TimeAlignmentTimer.c
02b0a25e85128f23b9374cec57b7ac28a9cc2b0d902eddde444e8dccbb180c6f  src/asn/rrc/ASN_RRC_TimeAlignmentTimer.h
1abc61985a190862bb7f9efea1b8df80d0c6bfb0601118b0ed0675ef6142788b  src/asn/rrc/ASN_RRC_TimeToTrigger.c
dc83eddd59dbbcd31cf6c49b01c83f2e9c532a69767cb75e935135a70d774652  src/asn/rrc/ASN_RRC_TimeToTrigger.h
a5e7a6b878affcae47669c6468a8b3c353bd91202d8544a6f41d57af407b218c  src/asn/rrc/ASN_RRC_TrackingAreaCode.c
d7603d421e522af3eb98d1e77be6a62de38e60c8542071ec7e9df72458ea43ff  src/asn/rrc/ASN_RRC_TrackingAreaCode.h
3d8aa771eec3ab78a4a884ead054577f8bf4c43aa3f16f9d402f79c09b45293b  src/asn/rrc/ASN_RRC_UAC-AccessCategory1-SelectionAssistanceInfo.c
be512e57a8b8d5adf4dc2d73ceb1a7db40a49e8c7823e6b04e3e76b3940b7071  src/asn/rrc/ASN_RRC_UAC-AccessCategory1-SelectionAssistanceInfo.h
94b38c7e858e44bdf4d1395bf172638b06976e779490380623ebd08545cc1599  src/asn/rrc/ASN_RRC_UAC-BarringInfoSet.c
9577b002264586abc88a01aad4acb620bf3640547c7d4922e9f29149eb9a3a51  src/asn/rrc/ASN_RRC_UAC-BarringInfoSet.h
b286680f044b34f9c5705c27537bddd3d200508bbc5a3c03834c24c1d4bdb1cd  src/asn/rrc/ASN_RRC_UAC-BarringInfoSetIndex.c
8bd8f08ac411383ee0f562dc535eaf2fa68be0e42d9a6f8ce90d067c93104de3  src/asn/rrc/ASN_RRC_UAC-BarringInfoSetIndex.h
ad45e8bff4e85f899122516998b602084e5fb965431acf3aac9905ff30b5525e  src/asn/rrc/ASN_RRC_UAC-BarringInfoSetList.c
0257ade1b9c3b0dc081f5ca0847887191c67c6e2a205d04aa992303a63914342  src/asn/rrc/ASN_RRC_UAC-BarringInfoSetList.h
b9ae9da4d16dc3abfc5118e9e89c842245321408cf9eedf745fc08c218c78d29  src/asn/rrc/ASN_RRC_UAC-BarringPerCat.c
88ee58a76160d65ed5878c3c53e6d5d6e40fdfcbf90168bcbe6d237cb6c3441f  src/asn/rrc/ASN_RRC_UAC-BarringPerCat.h
aded3dd145570a58481f36bf6af50648eb3312870f058dbaed9c7654e30ab0dc  src/asn/rrc/ASN_RRC_UAC-BarringPerCatList.c
c9a5789cb95b04e521e092291dbf77e2cb54dee26896785b4764ac2a63090526  src/asn/rrc/ASN_RRC_UAC-BarringPerCatList.h
432486372f0d91f29817c8c8bcec87024cd4bbc78e49691ac82b4a5a06e5b78a  src/asn/rrc/ASN_RRC_UAC-BarringPerPLMN-List.c
27f28cd62fe6fecaf1871dbe930e6e19965a6a85f76bda4857ff54a1f96b279f  src/asn/rrc/ASN_RRC_UAC-BarringPerPLMN-List.h
2a3503a71ea4961e53b13b9dd5cf59e8bdce2dd03249aff6a42dc8038ce50ab2  src/asn/rrc/ASN_RRC_UAC-BarringPerPLMN.c
234d535cb928e56e9fa79f2c48df6ecd5715a774bb30f8765e618a14ce4911ad  src/asn/rrc/ASN_RRC_UAC-BarringPerPLMN.h
84d4cd7543ac2a03fc2bb11b26630edec0c3873448ed8642923bfde9357bb93a  src/asn/rrc/ASN_RRC_UCI-OnPUSCH.c
adff3732b104a51288c6ea1025530c3e7523c6114e81e668153d9c85b974d1bf  src/asn/rrc/ASN_RRC_UCI-OnPUSCH.h
0c503dce57d773f1b53b88bc0bcbc6b71a9dc6391626c54b47b0079b8da106f8  src/asn/rrc/ASN_RRC_UE-CapabilityRAT-Container.c
2d8bafed2f0e4898a2f4fddfbdac64414cee4ad8fa161354fa894d0537230954  src/asn/rrc/ASN_RRC_UE-CapabilityRAT-Container.h
f749688b45e6e44c5418812d98f8f7161dfa4804e58b7909c62490d7c58e9597  src/asn/rrc/ASN_RRC_UE-CapabilityRAT-ContainerList.c
caeb45a342e821f9e40d7aae12e29c9f0cea27b1bb97de3bc0b445d77c3b1609  src/asn/rrc/ASN_RRC_UE-CapabilityRAT-ContainerList.h
0d91d0f03574c16346f5ffeca7f7be1e3f518397aa2c8f5eaea665555cb23ad1  src/asn/rrc/ASN_RRC_UE-CapabilityRAT-Request.c
084ee1cc9e005a57af20395aeb47c593ff084ab849c44e90aece653399b86372  src/asn/rrc/ASN_RRC_UE-CapabilityRAT-Request.h
57c397e6db0b6b739218db64645864d307c561b129e721ec721d2748468bf794  src/asn/rrc/ASN_RRC_UE-CapabilityRAT-RequestList.c
fbf944616251533635ab78487e0a1e8d8e67ab1a4c4ff28c2b99aab612575aa5  src/asn/rrc/ASN_RRC_UE-CapabilityRAT-RequestList.h
29d396bad78e2d667a2ea21e12700c7992b81e131c8e4ec842ed843f8cc5f291  src/asn/rrc/ASN_RRC_UE-CapabilityRequestFilterCommon.c
b41f8451f7de8e2dece6a0f8dd876a11fcff139a2efb9bc25a10823ed68607f0  src/asn/rrc/ASN_RRC_UE-CapabilityRequestFilterCommon.h
874f698fc84cd51a316dcb8328f387425309908edf89a30c5523a15a254c262f  src/asn/rrc/ASN_RRC_UE-CapabilityRequestFilterNR-v1540.c
378ae16302fc9caba5c29d8fdaa47da102398ccc8a29f60484b897a6453fb62a  src/asn/rrc/ASN_RRC_UE-CapabilityRequestFilterNR-v1540.h
98088d5046a3d6af0bfc5dc973b86869d8a03b32f94cc66310c2c6a0c5827575  src/asn/rrc/ASN_RRC_UE-CapabilityRequestFilterNR.c
591addc682d136f0c3cfc30c60f1c2f1aace92dadc5443f50f49e0ff8c9e40d5  src/asn/rrc/ASN_RRC_UE-CapabilityRequestFilterNR.h
2f75511425b7c1eaabc85fa7f2af3137bc94ca1afce35929cfd5320152b879b1  src/asn/rrc/ASN_RRC_UE-MRDC-Capability-v1560.c
aa3d9c63f63c1b0e28fd1bc9396629b58e248061757f646deae4419cafc57f6e  src/asn/rrc/ASN_RRC_UE-MRDC-Capability-v1560.h
617e892e3afe79c4f5487699927fc23b352b23fa75c1eb7e89a1ea627de14bb6  src/asn/rrc/ASN_RRC_UE-MRDC-Capability.c
e877a0db535880433cc8ca91a430a4709480de02c57071f0f464bb2388cf3d62  src/asn/rrc/ASN_RRC_UE-MRDC-Capability.h
d04286c8cd5bbd5a9901d4d0d216c7a93fb65b03d3abd63ac0f1ed4ed19800f7  src/asn/rrc/ASN_RRC_UE-MRDC-CapabilityAddFRX-Mode.c
873c9cec409cd4485b402b04643a6d23fdd83f7cfcbf0692e5ae1e6288708cf3  src/asn/rrc/ASN_RRC_UE-MRDC-CapabilityAddFRX-Mode.h
6850b27a0b072316f6c464ea967beb25f157f61db5d64faa82c17fd4a038c3cb  src/asn/rrc/ASN_RRC_UE-MRDC-CapabilityAddXDD-Mode-v1560.c
4582a2e1787e54907d880146b6df0b87ad1a962236a99412e3b770c615f80857  src/asn/rrc/ASN_RRC_UE-MRDC-CapabilityAddXDD-Mode-v1560.h
2a6b297d5ea917ae2ea3393a9099c07d9ff30b8ec239a8bf06606c8d37c26a8d  src/asn/rrc/ASN_RRC_UE-MRDC-CapabilityAddXDD-Mode.c
e0991e859a57dd4cba9d308d2452f2163795de8fe3dd63838bb723c1ef1eb0d1  src/asn/rrc/ASN_RRC_UE-MRDC-CapabilityAddXDD-Mode.h
dfe3c0e38ce304cf81440b51f4900dd522369ee1b8e0142a9271b0db31ff14ae  src/asn/rrc/ASN_RRC_UE-NR-Capability-v1530.c
8bf38db64b70764868ddc02cc334c366925d7cf743ee0fa31db52a8dc4aaccc7  src/asn/rrc/ASN_RRC_UE-NR-Capability-v1530.h
6b80f2398b2afba897e2e38557dc40fb16874c5f86bf283aa819cc4d68a3e7e4  src/asn/rrc/ASN_RRC_UE-NR-Capability-v1540.c
9024ef4ff1226fac7ac79c11ed0b719f646fdb5770c46f0fe7200fa8507c101a  src/asn/rrc/ASN_RRC_UE-NR-Capability-v1540.h
1061f5ef9893fdd31574df5adc51dbea951038bd51a7fe55b7b2d7d143a21632  src/asn/rrc/ASN_RRC_UE-NR-Capability-v1550.c
bd884438d163c25a710e573a643b6c614a9886fe8f1ebe36b74e12d9b1e243aa  src/asn/rrc/ASN_RRC_UE-NR-Capability-v1550.h
d4f5d02def944d49d39188895181ebd37ff2f64523f6f53c4e8ffc2a157e6f30  src/asn/rrc/ASN_RRC_UE-NR-Capability-v1560.c
228e095e8e647b1940b3d07a5e458bdc91a83150590cf3f4e221ceafb858f766  src/asn/rrc/ASN_RRC_UE-NR-Capability-v1560.h
9b773275c2346dda4b6d50994010c1115312e0638cb336ec9d1d36670e786dde  src/asn/rrc/ASN_RRC_UE-NR-Capability.c
e19a3327c9dc03f1363fd07c68e500e2f4756c7d60db607fff578faf6ac1a800  src/asn/rrc/ASN_RRC_UE-NR-Capability.h
9ea980635b7c8d465b4a75c3964534ef19833efbfcc2bdd7ded5b20faa7b1bbe  src/asn/rrc/ASN_RRC_UE-NR-CapabilityAddFRX-Mode-v1540.c
42deaa9ad1ad2c719ed4047753b907ca857b270237af4d0e207f092a708a3898  src/asn/rrc/ASN_RRC_UE-NR-CapabilityAddFRX-Mode-v1540.h
47ada58c5ddb980de397c702e7782dc32695beab1d0ff4847017a2aea0c4c4a6  src/asn/rrc/ASN_RRC_UE-NR-CapabilityAddFRX-Mode.c
01f570c65cf63ab2cc19cc58af11794dc72ad2c43ef0de607a15439033235732  src/asn/rrc/ASN_RRC_UE-NR-CapabilityAddFRX-Mode.h
cc0fa3008ef1a4ed422d22ff2e2dd1e133df72fbb4055bb71583618440802322  src/asn/rrc/ASN_RRC_UE-NR-CapabilityAddXDD-Mode-v1530.c
0675bbeb7f0a76e0542ff5d745ec5557926e5359d7158a35fdb5f26336c935e8  src/asn/rrc/ASN_RRC_UE-NR-CapabilityAddXDD-Mode-v1530.h
02f91df7715cdf9bb3d12b7d22d6ab5a280254a4b018d6cc8a39a36d819656db  src/asn/rrc/ASN_RRC_UE-NR-CapabilityAddXDD-Mode.c
5b90d9f4508af03ae6e8f758d6fd9e964145c78bd044c4f442f9691d5bc45c55  src/asn/rrc/ASN_RRC_UE-NR-CapabilityAddXDD-Mode.h
7abf9e400413fab7f428849390f0303697a9998f629584bb2c31f7a9e0138bff  src/asn/rrc/ASN_RRC_UE-TimersAndConstants.c
dfb6a84c0263101f8df9c23c1a435d207575f0da14d4b5711b41f5b3f7ed5e67  src/asn/rrc/ASN_RRC_UE-TimersAndConstants.h
c3f6ae1105058a7df06451f745b896d28164758e3f7fffe85ab245df75548f2d  src/asn/rrc/ASN_RRC_UEAssistanceInformation-IEs.c
e90a6d5b8ac1a9f3604d99dc9200f843873b1de8b9353ad0575d2ffd75c6a414  src/asn/rrc/ASN_RRC_UEAssistanceInformation-IEs.h
af8b4204e062f2b9fdc38ff735608032a0815c126aa8d03b4b8d63952e562a63  src/asn/rrc/ASN_RRC_UEAssistanceInformation-v1540-IEs.c
0376dfe20066a8dbf25b49149bf53776fd3955d03fc1d69b9970cf0ed4f537cf  src/asn/rrc/ASN_RRC_UEAssistanceInformation-v1540-IEs.h
1e7857a19f070485c5db3e3316f86ef7527b21bdac91124917efcd4b1a906d32  src/asn/rrc/ASN_RRC_UEAssistanceInformation.c
dbff2542a79bff2e6cc1c1760feb78a5d11a0ac0ba388f05fcfb8a7796e1d091  src/asn/rrc/ASN_RRC_UEAssistanceInformation.h
6fe8249cfab62b15cc09e49bc1e19ebb01bcf97d8f8f7ce9fecbf181baa8801b  src/asn/rrc/ASN_RRC_UECapabilityEnquiry-IEs.c
52879a577618788424d88beaa2eb48228ce50953930f710437f3b5f843dc3ab7  src/asn/rrc/ASN_RRC_UECapabilityEnquiry-IEs.h
6d355b5238810a9b74b948559a3d35c80328476338cab700a0e0c2503d24e8b2  src/asn/rrc/ASN_RRC_UECapabilityEnquiry-v1560-IEs.c
0546280b382131fa81853f9a9a7c1c9b37624cad02c878d3a36e874845e43944  src/asn/rrc/ASN_RRC_UECapabilityEnquiry-v1560-IEs.h
dbfbaf5e49142530d589323ecffeaff734beac3c07be29820779a2c5e6f521c8  src/asn/rrc/ASN_RRC_UECapabilityEnquiry.c
b0aa61750613867689e77ad6f8dfc3d4a0f3f300c4dcc8312d0ab84f821a8940  src/asn/rrc/ASN_RRC_UECapabilityEnquiry.h
dfe193642c9db814fc035a32306c75b99715fb6586bff9a49e76450d1dd7eb0b  src/asn/rrc/ASN_RRC_UECapabilityInformation-IEs.c
8e47c8e7e438d6a3a60a189a4925bbc3b2e9c9c6f775b0a6e07ac5e7707ede98  src/asn/rrc/ASN_RRC_UECapabilityInformation-IEs.h
b656a8144fa99f02ae9b6d1a0b79340c6f4b001e04e27dc3abcf98d91b6cbf4a  src/asn/rrc/ASN_RRC_UECapabilityInformation.c
d47e34d4e776b705843553803cc17cd864ac8ad8acf3a5dfdfff537ba2fab1e7  src/asn/rrc/ASN_RRC_UECapabilityInformation.h
fbf653a51349da502d069c49af259ac8a51222c8cb4f66a1553239684a259ef0  src/asn/rrc/ASN_RRC_UERadioAccessCapabilityInformation-IEs.c
5811d413fc1cbaa2060b61c528f712c53150150a4a268814f7ae98c81b6f2214  src/asn/rrc/ASN_RRC_UERadioAccessCapabilityInformation-IEs.h
f0aca98443305e62bd47fe366cea0655cc9d107abeb97202107ab8afc633c50d  src/asn/rrc/ASN_RRC_UERadioAccessCapabilityInformation.c
6f7f8a0316204225654af86796a2fa74da710d643c49017ac7df3b0ef89a79a2  src/asn/rrc/ASN_RRC_UERadioAccessCapabilityInformation.h
463907bbbfacea579d06aadf02dd6e2b887df5a2d2194bc925cc7283a6371c89  src/asn/rrc/ASN_RRC_UERadioPagingInformation-IEs.c
db8e9fe8c056de9f210eaa05e9dab7879fbb42095c31320b01739b3301602660  src/asn/rrc/ASN_RRC_UERadioPagingInformation-IEs.h
0e25f1597e3691f0ded0b17515690542b3bc418501d022e495604a0e52610667  src/asn/rrc/ASN_RRC_UERadioPagingInformation.c
29b673ba51019caa439221f250f0169d8b690e65653081fb2cfd5b0fe803f046  src/asn/rrc/ASN_RRC_UERadioPagingInformation.h
ff4344e971642fd7417a1e5575108a83692e5fb229ed183ca891b0b56bb4e64d  src/asn/rrc/ASN_RRC_UL-AM-RLC.c
5fc37ef77e36757e8747c4d86e063be4117da4acfe7ec9821e77a88b548aed26  src/asn/rrc/ASN_RRC_UL-AM-RLC.h
785fc12a13637938e2a0d51e9b5c5a954ec21b158479f318733948773a5cf942  src/asn/rrc/ASN_RRC_UL-CCCH-Message.c
49f1c10ec7b8dde8ad85d0fbe8fc98c4482db59ef435fd0f1a2bc1d98b419dc0  src/asn/rrc/ASN_RRC_UL-CCCH-Message.h
a76df951b35808041df04841a6ac193dfba41daa0407f883f9cb09feca180122  src/asn/rrc/ASN_RRC_UL-CCCH-MessageType.c
3a03459b909166d6797a45bec9c8016586dd42db9c732fb8c9caea630b1a8ff9  src/asn/rrc/ASN_RRC_UL-CCCH-MessageType.h
6f457d0f09b7fa075784a4875ee965e7e6e74e984075dac33e4ef19fb2970a2c  src/asn/rrc/ASN_RRC_UL-CCCH1-Message.c
927c12386c5fa77f3ad6ccc18e65e5205a2678da27e5d8b560f7d451cc2f82fa  src/asn/rrc/ASN_RRC_UL-CCCH1-Message.h
055933d3cf307937abd5903afbbbba42202bdb476ce3dfb6472b5989f381629a  src/asn/rrc/ASN_RRC_UL-CCCH1-MessageType.c
6974d7417ccd888319fd4905bc05522300a650e075c3fbc5857752d40d70c74d  src/asn/rrc/ASN_RRC_UL-CCCH1-MessageType.h
621f33558458d5bd2f96dcf832840f526657c16992b28ab40f8910bb59bed51a  src/asn/rrc/ASN_RRC_UL-DCCH-Message.c
ca6e86bd3f799c82a6a8fda3f520118d6a144139187e0d2d73f6a4ac6ce4c619  src/asn/rrc/ASN_RRC_UL-DCCH-Message.h
636a629441c417aa74c891de10330e8939b70b85014c9571136f4afa8c23fef1  src/asn/rrc/ASN_RRC_UL-DCCH-MessageType.c
13cca87d55b489815557ccda04f2654269a9f3173c0216f61541b46622b829a2  src/asn/rrc/ASN_RRC_UL-DCCH-MessageType.h
2fcb793815525e64f28a4d97c401353e0447aa184ce420e97c43b26e6bfb2ebe  src/asn/rrc/ASN_RRC_UL-DataSplitThreshold.c
90cfd1c93fc172fdf2b691e38f8bfa00da550b6101efb9a1d96dd74bfcdceb18  src/asn/rrc/ASN_RRC_UL-DataSplitThreshold.h
2a738085821cad0a587d0db2e9a28f3a49481b666246c8ede24d7ba86bfe4ef1  src/asn/rrc/ASN_RRC_UL-UM-RLC.c
4ca05fb17f12da8b02aa6ff4c3b7b687f374473c74e28f9d6f581c77ccc05bf6  src/asn/rrc/ASN_RRC_UL-UM-RLC.h
ca35da2ddd8e169bdfab9fa6dca2b1a15ed72a6cad469e2b7baa4b1caba3bb5b  src/asn/rrc/ASN_RRC_ULInformationTransfer-IEs.c
060dc6b905bc201accf4bce44a8260a33ea0b6a9e647c2bfdefaa6b09e7e6ccc  src/asn/rrc/ASN_RRC_ULInformationTransfer-IEs.h
042f10dc4d7129983a2298c8789a0a76b0d80cb03ed613916dbf098cc327d17c  src/asn/rrc/ASN_RRC_ULInformationTransfer.c
4a935d2f8d393382e500a6be133263c1b155117fe7fddba7ddd4fa68bd32a694  src/asn/rrc/ASN_RRC_ULInformationTransfer.h
dd8c74b5bbf38e334541fc4f07277819be1e83e6b9b6b68b40926c14421fe20d  src/asn/rrc/ASN_RRC_ULInformationTransferMRDC-IEs.c
01aec51ea79de28a5b622e9ff95920661ef9807ac04a77c8f0d3551a6df107eb  src/asn/rrc/ASN_RRC_ULInformationTransferMRDC-IEs.h
0c274309782bc431c1469bbb1d934edd8b799dd98723a24a6ea96433e28ccc55  src/asn/rrc/ASN_RRC_ULInformationTransferMRDC.c
c96424b6b81bbba7d8260c95414c07fec960356f89c28299bd2b283039941701  src/asn/rrc/ASN_RRC_ULInformationTransferMRDC.h
eb11915c04489f51a26cb53eae110b4cad3b4357ead1cf1197e9351bfd75bd3e  src/asn/rrc/ASN_RRC_UplinkConfig.c
fb0289a648ab4b2abf5e36c61c7a581e9717f2a9c4f720d4fb013e23c81bdca3  src/asn/rrc/ASN_RRC_UplinkConfig.h
9eb57c896a33e5a53d2af8dac57ed0214c577607446c8150dc9bcd52b7a09d1b  src/asn/rrc/ASN_RRC_UplinkConfigCommon.c
8940a7f323bed90066d404bd26982b3da8915a4cd1720aeff084c81569525641  src/asn/rrc/ASN_RRC_UplinkConfigCommon.h
1530a6b9b01fdcb8849e8ea3937c239d1b982f720ea1e21b551803194f97266c  src/asn/rrc/ASN_RRC_UplinkConfigCommonSIB.c
d8a0cecf0faafa6b2b3662ac101c823a67b36aa361740f1cf9daabfa4c83922f  src/asn/rrc/ASN_RRC_UplinkConfigCommonSIB.h
6b77c87a478f23c9a30a5eedfee7b4dd1a96acb22e161f610795d79cb6b1761d  src/asn/rrc/ASN_RRC_UplinkTxDirectCurrentBWP.c
2bc59a072d597b27d4bb0bbdf25e28fa80a1540f710c6e3166e0e132ddd5db23  src/asn/rrc/ASN_RRC_UplinkTxDirectCurrentBWP.h
2a95c500a7888883b875b58201105c0db7bb71504124074cf893a9859417cd80  src/asn/rrc/ASN_RRC_UplinkTxDirectCurrentCell.c
720543d12fd040db8ac30f5ad238be2aa6ee267bc603f0d688a199df3a036aab  src/asn/rrc/ASN_RRC_UplinkTxDirectCurrentCell.h
690547c3d35b580329812ae24799a3d7e85223b7a502451472e4b254a3f24197  src/asn/rrc/ASN_RRC_UplinkTxDirectCurrentList.c
e7427f3740ce1cc373e270b0cc3c23beaffdeca72d68230d81e3202c447c75a8  src/asn/rrc/ASN_RRC_UplinkTxDirectCurrentList.h
a59cfc2088f67dfc6ae6f51c61bdf24aaf6b2423d6a9a3618596449af9eebbea  src/asn/rrc/ASN_RRC_VarMeasConfig.c
4bb07777897df62ae00b63892fdaff0e8d1d8d59f5245e1467ba6c941e0f2d64  src/asn/rrc/ASN_RRC_VarMeasConfig.h
e2e1e705ac78970c6d7a22a83764153f97f67c137a938ae3069af47d4b30f93f  src/asn/rrc/ASN_RRC_VarMeasReport.c
2f08a1b6312ef05877f161c6ccc92669427b2268cf0552fc2dbc5dc95a8e9f84  src/asn/rrc/ASN_RRC_VarMeasReport.h
d575e0f2bcc960e111c5e11d370760a65c69fae8f5d6f2422dbe936663db3f5e  src/asn/rrc/ASN_RRC_VarMeasReportList.c
7fd84cd70d32d3e72f26db5af7213dd89dea5824e51adde3214a21aec4c48a53  src/asn/rrc/ASN_RRC_VarMeasReportList.h
f3e195db99b2c9091c98a586a778128de42b999cd72f3a7ddafcbd270329879f  src/asn/rrc/ASN_RRC_VarPendingRNA-Update.c
57fa0b33ed68423a8748a08d1d7cf25f24b9afff46f3249789282e9deba16a91  src/asn/rrc/ASN_RRC_VarPendingRNA-Update.h
5bac0690eba8f1c82a598fdd7bbb48520f3e3a5a2922e2f3c8fdc76e59c8a416  src/asn/rrc/ASN_RRC_VarResumeMAC-Input.c
f811e36949dd33767f52b1466082fc59c3696a7e58e693a46cd517353aa7401a  src/asn/rrc/ASN_RRC_VarResumeMAC-Input.h
f2b5ad38b10e3a02ee6fa8a20b78b0bb8771b7c9221b946358c43e132529c8b8  src/asn/rrc/ASN_RRC_VarShortMAC-Input.c
82a483ee9a727a19e848b2508a25aa905cb380642b5cc7f74e0c5b04236ea7d5  src/asn/rrc/ASN_RRC_VarShortMAC-Input.h
21fec9352cf8627a5a698f412dbdc261092c3381c2ad8c5859a63f1c418f7f63  src/asn/rrc/ASN_RRC_VictimSystemType.c
9236bafa4f6b7fa7e058987b980d03786321fadd9b4f3bca32df62a7cba16048  src/asn/rrc/ASN_RRC_VictimSystemType.h
6bf6ef340b90eef4cb3de3baa165cb5e308cbd2ee58a8ef1d0eb6563c212fbee  src/asn/rrc/ASN_RRC_ZP-CSI-RS-Resource.c
2aa8ec58f3f0f3a99ea3bbe476484d7f3863b8e12ecca2ef92270c11c13eca99  src/asn/rrc/ASN_RRC_ZP-CSI-RS-Resource.h
72d6535fa20e65bde8d18e536e9fa0c9e84b1899a2382902af4f3098d6041c3e  src/asn/rrc/ASN_RRC_ZP-CSI-RS-ResourceId.c
136a5f85526fc4b278f6fe350092dd328e3b8022c9c4fb68fb6df338409da9e3  src/asn/rrc/ASN_RRC_ZP-CSI-RS-ResourceId.h
87091b7a5cfb68b5cbc5b327c4475642663b678179b920459989a9d96ede00ab  src/asn/rrc/ASN_RRC_ZP-CSI-RS-ResourceSet.c
c221aabd49454e77c07eb791369256fd86f56d6a567a735442539d9e31ece329  src/asn/rrc/ASN_RRC_ZP-CSI-RS-ResourceSet.h
3ca1236b01fb5c8bb4078eb54ffd3fe7dfe9e6cadced960101a3e8693a397cd0  src/asn/rrc/ASN_RRC_ZP-CSI-RS-ResourceSetId.c
8510d490249a545900d79cf8b7364196f6770adc1be8539164aebbec240e8bf7  src/asn/rrc/ASN_RRC_ZP-CSI-RS-ResourceSetId.h
5cf950302631efc56ef9b3bdad3e865f8cc8d3d9e45bc7ab9e2925d3efbcb071  src/asn/rrc/ASN_RRC_asn_constant.h
766d5bc9f74b70297fcab259906cf6b72730cbe9d01b2497d9da0d26a4adb596  src/asn/rrc/CMakeLists.txt
cec9df7760284345fb22a40229cce9225586f6feabfed5e85fefd09a5485e5b7  src/binder.cpp
e6c38f063b11c86c5972f81a97a1da5222d273b14d86caf25e9f60d114a26183  src/cli.cpp
12fb9b14d95ec1d62b96e7c32273db77e7b6d45b59da48980d1b7269de9c679f  src/ext/CMakeLists.txt
6833006d4ff5e65d2816b87228a145a505ef49195859a4885b0c63217686afbe  src/ext/compact25519/c25519/README.md
2ac9a82d801f2ca609a8f03c8347205d38bd1ab9adc928950ad6615a537a14a2  src/ext/compact25519/c25519/c25519.c
6433bca573adf386be9b8857ca3880e7c506e284debc5712371601116bed2157  src/ext/compact25519/c25519/c25519.h
aff24c065c0c8c372ffd3105e275697b9c1c6e4b9a4fcbf79aad3be11b9f24c2  src/ext/compact25519/c25519/ed25519.c
14e4eae13947bfe9a97e0481849b229e501a94dfa5cec3ead99ade67ad537b1b  src/ext/compact25519/c25519/ed25519.h
19693526c581a554be4e020e1c57d02eff80ca4244dc09a7ad1c1ad743bcff61  src/ext/compact25519/c25519/edsign.c
062aa6fb9985998eaa47b2c128c0c037f4338f61a09096e5b67e5df3c98e0ea3  src/ext/compact25519/c25519/edsign.h
051e91dadf8a7bae5f9a270f619f5d24750c0f4c885035bbe39ef1a4d49df429  src/ext/compact25519/c25519/f25519.c
ca3703e6b3e18ba0c5beee700193a07aeb188e29ea5ba2c50055bb3f78254493  src/ext/compact25519/c25519/f25519.h
171530b12b9c50eeeeb1a6a7d4f9be9fd18df03c249e1b1cde0a642e7285c5a1  src/ext/compact25519/c25519/fprime.c
17b6d806037b7f53326075fc52bcbb52e14317db14768cb8bde94fb7f1d03710  src/ext/compact25519/c25519/fprime.h
fbc810daa029a46e79fbdbf0455900f5b34c1841d7b6fac489ca9172bf72da54  src/ext/compact25519/c25519/sha512.c
fc1da5f080ec3d51c1b467473715b7e66ab6842cf1056de4e16bbebfa14994a7  src/ext/compact25519/c25519/sha512.h
13f23b7ce3122e61ddc34d5bb71e2fffe53a950f30a3576f9b86f50acaaf20e8  src/ext/compact25519/compact_wipe.c
eac1b84cd463959d22d29c62a7289e3fd723a21b8fd5cc8976a4e7872f4bc7ad  src/ext/compact25519/compact_wipe.h
33e686304ee8575e0031620b13e8a2ef8368b107f508709aaa94ef328c4632a8  src/ext/compact25519/compact_x25519.c
953d7e531cdbe329da5a62b1b42c664beac56dd153bd6c439904b7a9f903cf08  src/ext/compact25519/compact_x25519.h
ddb8e9083c6063e9a4a292aacda94dd48b1d85a9abb31fbfc95da5b26ef243e0  src/ext/compact25519/compact_x25519.hpp
cfc17b51cec32937d6793729eb791a0e56fe2e45090a4cb077fec86ebfe5683a  src/ext/crypt-ext/aes.c
359727dcf488231313f8f34a1cde99ff527422c9af285a05a3eb30b3a0cc49b1  src/ext/crypt-ext/aes.h
b6c9d8f35401035ca92a9e7b88f6206df8edcb37f9f711517d5a955999c7bfa9  src/ext/crypt-ext/aes.hpp
38eae109ab8310af8ad411c06f4e14cc0aa3ac2a007a68c8be8d5e3fdc2adaa3  src/ext/crypt-ext/apicheck.h
86736a5dd40e0b658476b602a57800809f2b0816f7cc88f27de87f438b68a7d2  src/ext/crypt-ext/cmac.c
6825aceea3bc27c96533ff4a2c6f401bf3a853aea69f9658494463d05b56ea2a  src/ext/crypt-ext/cmac.hpp
cd1d3a4884f6eb7689f8373593648f32da96634825b45506b126ddd54fa9fe53  src/ext/crypt-ext/hmac-sha256.c
73067dba84b52f58af6128b6d2e6b16d47929839c1507a93b5ce97955dabbff2  src/ext/crypt-ext/hmac-sha256.h
6d007c86cccd437270e9765e44c70580805d19797b1ca0b57620aabfd6570bbc  src/ext/crypt-ext/milenage.c
de92fc0e33b596b49b12bd6d297d64b4f57f76a80b39d049eebf7fbe5345afb2  src/ext/crypt-ext/milenage.h
6f9eb906d1b10f5fd2db6c0e65298e18e5c63d2f355114acf7f8b9bd9a4ba4cd  src/ext/crypt-ext/milenage.hpp
c9da3476c435890e07dd656b49de511c36e92d113628f51c324f44d4b8cb2972  src/ext/crypt-ext/rotate-bits.h
7423fd6d7fca30f678789a0e126cf0e88599d67dcdc4f47e921d395bb02ab556  src/ext/crypt-ext/sha256.c
a57a899c4df7cfd638631966c19dd2e1e819905ee43246609cb0df5053025fc4  src/ext/crypt-ext/sha256.h
293efef82f68f2e81ac0aee9fdd9cc366e173624f7e5689f2e3c2a1d300db174  src/ext/crypt-ext/x963kdf.c
ed0af53d90772db0620af0829523a4a1142b273fcfd7c81baf5777baeaac50fc  src/ext/crypt-ext/x963kdf.h
4b235e1c60c7b42a00fe6148f4d510d7db1144f36c66f47a057cdc59db4ad898  src/ext/spdlog/async.h
3ca9d6b79009dbc9713e707c56f08e7eb46b12a0fe666c326e1af0e058fab21d  src/ext/spdlog/async_logger-inl.h
fa23fce098d57c19940ee107480a6c2191dcba72bc6d257ec896ec5491c6183f  src/ext/spdlog/async_logger.h
71836983a61d2ccf1e574535761b9138a9e849e8f6e515798f8196295f93e3b8  src/ext/spdlog/cfg/argv.h
d6cc51d0e1da7220cde60d9d13d668162bb7ca0a3ceee8cc964cbaabbd52502c  src/ext/spdlog/cfg/env.h
d4d175c459227992f3aa27277984fffc32448fc98eafd93c74b150f53f10cb1c  src/ext/spdlog/cfg/helpers-inl.h
d8d6351dbab9402d9681c1b85b7fbf3e8b9872a56ce3aa60d2e0e476006496cf  src/ext/spdlog/cfg/helpers.h
148bc6ba40b0eb6f0d806b037e3d37e75533bd1e827b21302ee48e6430231219  src/ext/spdlog/common-inl.h
5464da32af0a01b8f93d763f2b3df6319b31711351fc5ec4fd8ac173289ec462  src/ext/spdlog/common.h
39aa563e8ae415a4546913181a1a42ea45d5c98f9347b66bb2bd451bdc711942  src/ext/spdlog/details/backtracer-inl.h
e5bf92b2f52b7ca7890730bc8e04a7bfae575c5d425e499c53600548555b7353  src/ext/spdlog/details/backtracer.h
a974cc357ea402e9f8c245298b493d4eee65cde5e97bc7e5f9863b8c35a4b1eb  src/ext/spdlog/details/circular_q.h
20cb8205d5704d939b262fcfcd0846d4c33556f987196d007f86a0e7d65bbe41  src/ext/spdlog/details/console_globals.h
3c6cac8af1b253cae6e403b10fae3299ff6c5f03757873498fe0b861df8aaa0b  src/ext/spdlog/details/file_helper-inl.h
dd10681b3e6e69357eb848bc7763e35869cdb2596af7fc51fb2e67af8ac3be51  src/ext/spdlog/details/file_helper.h
a8986514aeca900e1ccd8041af325110cef4172fd3ebfcdba3cfbac7e33c0e87  src/ext/spdlog/details/fmt_helper.h
c1cf980ec55977f2e59e796c34e394a2b6eb0ca61913708c4526f439ef78bb6b  src/ext/spdlog/details/log_msg-inl.h
9266d2e060b5437ef243b897296db5bb13311c4fe7d7f30bc4b5e36b40374e64  src/ext/spdlog/details/log_msg.h
72ee70c8aa9e1771a367b5ec3aa4346681f91a3802fc86df3136877787d061db  src/ext/spdlog/details/log_msg_buffer-inl.h
177fa3002a4944ab435d829ffc3b174414779e5cc4ee0e45affdb781151947e1  src/ext/spdlog/details/log_msg_buffer.h
93621a4beb4e06a7ba3582beae84fa4cbaed1ac4e302ffb04bebea1438cd0f87  src/ext/spdlog/details/mpmc_blocking_q.h
934a63cdb046f5fad4783de2689cc1b6f3b7f55f99d03ab81133a694a5a7652b  src/ext/spdlog/details/null_mutex.h
6e691bd5af8723f6870c777d5ec43859f08e93b469b310a05d49c86908c9796c  src/ext/spdlog/details/os-inl.h
099a60ac5a5c30c9a863b66416e939e6562abcc76edf0921034f29d3c5b3f7a5  src/ext/spdlog/details/os.h
9267bc331cbb7341ecd24cddb02ca4b53a51abd5f13385ec1e6b2f29294f31b3  src/ext/spdlog/details/periodic_worker-inl.h
c18bb5d7975ac89ece91288cb0fbf16fdf847ecb5fe5a3b6317970fe1179788f  src/ext/spdlog/details/periodic_worker.h
bc9f5bf886e6a30dd7a224bedd2fa92f2e31413375b761058cc6dc37cf520a41  src/ext/spdlog/details/registry-inl.h
bce7f440717b8ad5c2105de0596dfd80cb95d916e31c4f2039da0deb3278a21e  src/ext/spdlog/details/registry.h
d37fa4819fa5d6b569a2133388a11f59e6e32c32fc0716b29089b7c0a7e3ff82  src/ext/spdlog/details/synchronous_factory.h
1e90d5f68568b27e138dad06c67fb09462fab4d4353bcce6955385884f0512a3  src/ext/spdlog/details/tcp_client-windows.h
c8e4c8dcc3584dd79f84a5ba060473a1104571b2d0760d1e44a6270187a4e226  src/ext/spdlog/details/tcp_client.h
7c72c08cc1447e142f940bbdca1e9ab88fe0394d394cecf44f2b4a2a1a287d95  src/ext/spdlog/details/thread_pool-inl.h
69f0f98ab9d19dcd22fd8609c1269e147d5a771540ec2c781ed3c3eb3a79747d  src/ext/spdlog/details/thread_pool.h
88918ae35cdd6e232889c7e6795913800611808d423a70092cd4fe4a6442e45b  src/ext/spdlog/details/windows_include.h
637d7d44453cd9970bd90057fe49b4017d802cf15c2e0d1508a2cd2b2e9f9cc4  src/ext/spdlog/fmt/bin_to_hex.h
825c9324e70f8c839c8ba910543dd4a7daee243b86ef960594c11381a19980b8  src/ext/spdlog/fmt/bundled/LICENSE.rst
97be28fa91b878287e6b3ffb2f94928c55e80b8486378e27d832453f40c48cdb  src/ext/spdlog/fmt/bundled/chrono.h
bec8c84c267ca25d34e42aa338b7aa444e9e66a3552325da80c98c1b8ea90e6a  src/ext/spdlog/fmt/bundled/color.h
faa6ad9d6330c9f3f42246c8062a59a793769a3237eafaf9b426d2ab73e12316  src/ext/spdlog/fmt/bundled/compile.h
015a89f3691890447c7f42a793f4bcb72b63a2f218a290f187ece74779540b82  src/ext/spdlog/fmt/bundled/core.h
8b82bb324c3462df830056848e2d7987967b314f2aa6c1f3a5ae1fa4d4b70445  src/ext/spdlog/fmt/bundled/format-inl.h
64efb8feb847689215b4d5076c57dda8592664875c0be28893c499b4e853bf5f  src/ext/spdlog/fmt/bundled/format.h
56c730146d41e88f1dd57537f6c287cd254daa25dcdb3e0c3a1bdc4738e61680  src/ext/spdlog/fmt/bundled/locale.h
7339484d1e947092a52914f7be7e9f79d45fdf9da45bae2ceb6728d3115cede2  src/ext/spdlog/fmt/bundled/os.h
f9c0b4a0b0cff77b90a32b31d11159eee33906e0c5feb4bb293e58a95e10c214  src/ext/spdlog/fmt/bundled/ostream.h
80ab4f9723aafdf18672584b14c21184665c92b7a3e4d6941b733ac98d500b24  src/ext/spdlog/fmt/bundled/posix.h
08f25e57c3d87e4584d3c52b3bc4c5d3fdf2fb2a9b1a4cfd5d72d8daeff32354  src/ext/spdlog/fmt/bundled/printf.h
aabf06d2dab1cf515b4d89b644f5ad718d04df150f3076318b927a59bf9fc787  src/ext/spdlog/fmt/bundled/ranges.h
1d5d7815a22b7524ab16c79607ad4d80dae707e39d5c0d72c7e7f3d4ac0a45d1  src/ext/spdlog/fmt/chrono.h
409c05cc220b9814b311fefed84aa2a36d513b7c744ddc16d39185f62ff9f7cf  src/ext/spdlog/fmt/fmt.h
43a6077d68397901bcba3a8611e7b27b1148a4e2f1a01d230a003d8fbe0b962b  src/ext/spdlog/fmt/ostr.h
21f4810e6a942122e429257272a9865205903d6ca73f7f05083049990edfca22  src/ext/spdlog/formatter.h
3966ea7c93ece631b495ec6b41a4f196598a0a69fa9ed409711427433019f04b  src/ext/spdlog/fwd.h
8a237a44b852888cbdb8f95c99ed5405f0929f523afb81326e643f5caaeccb35  src/ext/spdlog/logger-inl.h
44d6d1aa60cce12e542f0b56d1a249bfc8869b581b49efa003f2c4cdc2674392  src/ext/spdlog/logger.h
dc569b0b350d557a2d48961e7d8d2767cd885905bf4fdd073be58df10fe77c4f  src/ext/spdlog/pattern_formatter-inl.h
136a0fb086a4692007825c6bad891bbbb417ed1692554f5e5e1ca0328bebc717  src/ext/spdlog/pattern_formatter.h
139a125b44b76ebf4ae7547b032f0342b4e4c4a246019b51921242412608919b  src/ext/spdlog/sinks/ansicolor_sink-inl.h
9a51e623dc3f743360ed5b23b92939c21b1668a106ee0a7f220f4204b22f3c7d  src/ext/spdlog/sinks/ansicolor_sink.h
c6e4a41b3f17419ddfd13592d1622d1ce4f38f3f73c2d925b5b771487bb69c78  src/ext/spdlog/sinks/base_sink-inl.h
e91b3eecd7ca9c44aeed997576f6257509d8fd3c3be1eeeb67bd7c3b892ddaaa  src/ext/spdlog/sinks/base_sink.h
6a98815be45460fab52a4d468ad309b59c9261e792c1733fceced5a61b6dcff4  src/ext/spdlog/sinks/basic_file_sink-inl.h
2530728f3f5f147c868d460dcda1dc43778612e2f4ee570b7da06d1b14c99b11  src/ext/spdlog/sinks/basic_file_sink.h
67191971f1cf244705c1daed66e9cbc2d8b4283350a9238dec0fa5112d8e1f9f  src/ext/spdlog/sinks/daily_file_sink.h
7c899967585b46ff6b99d2f5fde6db02076d27bccab1908e446700a19eae27d3  src/ext/spdlog/sinks/dist_sink.h
19bdef2f7c278e8f9d57a586edeaf458dbeb50b117a60a6c410463a59af27273  src/ext/spdlog/sinks/dup_filter_sink.h
dc1d29d854cdd4fb6400ec5e0b36faf42f28b1f9e65f2400dbb21bfe790c9f1e  src/ext/spdlog/sinks/msvc_sink.h
4688c997c8aaff5b626be7b05e98ce70399d6a69997002b81a040f3d848c741e  src/ext/spdlog/sinks/null_sink.h
f6da7181d286e9ea066a690b574b68354edf6d3009b7b16239a3afb147eab210  src/ext/spdlog/sinks/ostream_sink.h
4c3258464246b5045d497db80d826eaf6447f23599eff94b2b658c184128ad90  src/ext/spdlog/sinks/ringbuffer_sink.h
b902ee443ee79c70cbb771da6ba92de87c93a91cf1e154a78472e3ac60926972  src/ext/spdlog/sinks/rotating_file_sink-inl.h
5026ede7963e214bfe26134f65b8f575b3da5edcbdfa364ce72e5f16fde16ed8  src/ext/spdlog/sinks/rotating_file_sink.h
7081237d57ed1ebfaeb449322a80838479e805bdaf444767ca73d614f7b6bd45  src/ext/spdlog/sinks/sink-inl.h
33a82de27f1b7638ebc929634b2a9c45f1beafd18c675514c8001d9418a39021  src/ext/spdlog/sinks/sink.h
3122b47e0edc088a1afdb0101f3d71a0ba123e14438394c25048098042950004  src/ext/spdlog/sinks/stdout_color_sinks-inl.h
f2e0ec88dd1bdcae15a53b86747d05bf07dccc5d8a6cd1f0f37279293246f9f9  src/ext/spdlog/sinks/stdout_color_sinks.h
7a250e596fb4d908a1f90c3c7c213a8dc137e91c0ad3efb61230b2364e7c5989  src/ext/spdlog/sinks/stdout_sinks-inl.h
0a59f13288fa09c3f52ddb5a40a3d7dcbd848fef44248767559f6f845ab3c1bf  src/ext/spdlog/sinks/stdout_sinks.h
2c6cdc86700f6bb351cdf57bfe62c640c4350a33340c884804c31c121ed199a5  src/ext/spdlog/sinks/syslog_sink.h
42a6ef9d2fde041744805f637e7a17637ab2dfcf2611e5ef6179bc604ac52321  src/ext/spdlog/sinks/systemd_sink.h
e6a38b1cd107183c0503350aca0d20ba373b9da9e2d04a700ce9b1e7c24eab09  src/ext/spdlog/sinks/tcp_sink.h
eba50a5ce4c91c51b3d986dae34797bff1d85f51c9bbecea57cd75e71509a46c  src/ext/spdlog/sinks/win_eventlog_sink.h
27e97a60b7dd01fb01918865604b001b82f96b065153859e59bc4c0026547ed6  src/ext/spdlog/sinks/wincolor_sink-inl.h
10a3a7e8dc663609de1bc168b5bb62480c45607f3dd017a10713fded93be21fa  src/ext/spdlog/sinks/wincolor_sink.h
5d172cbc16ba65e307797b5bbc134ff2d5f28f96477d98d81882a92633918ff7  src/ext/spdlog/spdlog-inl.h
7e9f265a486363fe1ff2a0b303ddfe4baf8196b29ce3608487af1b54c304c41c  src/ext/spdlog/spdlog.h
f97d13ed8af9c6a38153379dae7512860ba666fc93c5c0ae054ab118e997a8bf  src/ext/spdlog/stopwatch.h
7daf768bf8a67fa291bc42a988522f91db2d37a925007e2c8b1c28e0903d09a3  src/ext/spdlog/tweakme.h
a9c8ea4c5f6be5394a2f9c860f496d606567adb08b6db9a859bb292ba3fc0d11  src/ext/spdlog/version.h
e1674864314ce7a1d78c71d37b60ec6c130fc352ed178bd9b8467928774b1be8  src/ext/yaml-cpp/anchor.h
884ec808d4ebe7aec4b0bb4ab9c8c4f815d0038021a0f4878b7ef83e75541dcf  src/ext/yaml-cpp/binary.cpp
1be5b37a45f0e1eb0c2dbd6aa3093363171d5149e89e0830c5a56e0eea0eac4a  src/ext/yaml-cpp/binary.h
c3e0c036f2e771b2f7e92fcb0ea73dd8273d61066ed1cd18f7ffcd38295e204a  src/ext/yaml-cpp/collectionstack.h
53eb6d707485a957f9ffdc1fae48397cb986280c12c78935550d37524a84d604  src/ext/yaml-cpp/contrib/anchordict.h
7ae64ca7777fdd564702bbbac24dfd2b5f35924bb86f53e8830b4e6cf8ab16d8  src/ext/yaml-cpp/contrib/graphbuilder.cpp
17d4206096c9b4f8ccaeddd485f53241c66da8b8e8ce8b2cc0e7b8f424635a8a  src/ext/yaml-cpp/contrib/graphbuilder.h
af052df5c3715962b3a5121e35ffae6bda488d8acdea3475fbf287ac21fafa5f  src/ext/yaml-cpp/contrib/graphbuilderadapter.cpp
6209296a63240eade999ab365f873cac28d41d50a757ee3ea96d5d831ae7261a  src/ext/yaml-cpp/contrib/graphbuilderadapter.h
31f75b9d5e4193b4591eb1a5391807d51b51f459bebfa6a2faa4d7847d72f7d0  src/ext/yaml-cpp/contrib/yaml-cpp.natvis
e4786105ed3a99a644ac5bd78398b5ca1e4bb30cdc95e0914c017f12207bc90b  src/ext/yaml-cpp/contrib/yaml-cpp.natvis.md
5f5a78dd9d3af335305a6cf4ec5ac5449f1957e974bef4ef6d4bfe12c5052c1c  src/ext/yaml-cpp/convert.cpp
bc2a38fe6345fdc26ef49ed22a62992c88098c2656e0dd89fa6a5b400d10b07e  src/ext/yaml-cpp/depthguard.cpp
1471521778b70c549e057a38c56b11a42a4aa4d666e3fbb5f80e9ac90b9f610c  src/ext/yaml-cpp/depthguard.h
23916f08b5c13dc9ae1d60af6585eab972490d71538e4d17a379a0fc32ecc3be  src/ext/yaml-cpp/directives.cpp
a3c20ba74d6827181bb5aacbfe94283d52e41736e9a8347a8503a97b3ea73879  src/ext/yaml-cpp/directives.h
703de0a2406b0206ce265e6a4f7de4813796eaccdcf7f47dda326bd8dba673f5  src/ext/yaml-cpp/dll.h
9eda6c78fe667e00d8ab3bddedd818d2cdfade6c0bef4b6e530fb4975520d4d9  src/ext/yaml-cpp/emit.cpp
71809cca4cbd3852dde2b669674b33efbb2723d9da70ae2731c2e8a29894189f  src/ext/yaml-cpp/emitfromevents.cpp
3eb5e3c9dd75d3dd12f19b8e42d49bf3cfcf4c41ee65eb0e4fec5217fcfc22b4  src/ext/yaml-cpp/emitfromevents.h
01a8146a2ed0a8b4860e9e759ccfe03746a232ed1ed287ef4e319487e8efbb20  src/ext/yaml-cpp/emitter.cpp
db41147539d4483995ebbea2481b1c42892df83679fd7e2aee0b5aeb0e403c25  src/ext/yaml-cpp/emitter.h
58d709085b46f31eef29fd8074d1c6d1657d3ebd4fb393b1c06a73cef69e6e48  src/ext/yaml-cpp/emitterdef.h
a40e08ab89d74171ec259e0dea7470ff29eacf9e5de90dd8b89042d0e47eb1d4  src/ext/yaml-cpp/emittermanip.h
ed74eab62af8da09a24009d7dcd24585d8187bc8255bac2c492051954d30caa1  src/ext/yaml-cpp/emitterstate.cpp
a9bf90d4888fa59d978298bf088bccbaf00e5b30bc0617453faf74e866c8a96a  src/ext/yaml-cpp/emitterstate.h
ff854b2abd44bbb7c3a0f0e557068d2613e6a9dbcbf38ccd563942a7bb0ff1c2  src/ext/yaml-cpp/emitterstyle.h
97edebd23f26c7a2f23220b421a6d64445e7edcd5dfb158bb90b45860838521c  src/ext/yaml-cpp/emitterutils.cpp
38bdb2531774c63fccbc4a275068d38897c6fc3f0c7e18a9f5a60e84073f5208  src/ext/yaml-cpp/emitterutils.h
0a91628a17a18d58b71154c595cb7d31c3cd6208cccae670b245fd730f0f8d66  src/ext/yaml-cpp/eventhandler.h
525402dc6450163cca1ce613a3d719fd05bfe9f04653a8b4850888421f0b167b  src/ext/yaml-cpp/exceptions.cpp
ad459042232c3b85be9e3b56958e9c15c72a59866f277905d7d4f328b0b8914a  src/ext/yaml-cpp/exceptions.h
b85b2c3a2c00634f7d3ba8803b13e37394eb48d80656e2aaa003e1099d4e853e  src/ext/yaml-cpp/exp.cpp
4b4bfbf220804cbdff125963b91d013babcb185c0512fc652dae9d970fb5e3e3  src/ext/yaml-cpp/exp.h
4e4feba2a4b0a336d34e3bfd58c211596490927d6a5d3f6ec1f5d3f102d0fc34  src/ext/yaml-cpp/indentation.h
069033be17c7a5875817102f3f77538431afdb7d1834a4673bad6a7267f0cab5  src/ext/yaml-cpp/mark.h
660ebb1cc9db9424d9ea0743a5297a899655cad3803206dfd922b5bc2914df65  src/ext/yaml-cpp/memory.cpp
a4692db767050cabdd0ff79e4c5cd116cf11adace2d673dd102e67e68f5fd082  src/ext/yaml-cpp/node.cpp
dfe8a5051bf8d8433179bbd51dbf1c655a214075e9c007f066514d1cc3bef442  src/ext/yaml-cpp/node/convert.h
7ead18bfc864986262a4e9000aec9b4acdceaa9162e7741723ccba18e4e4177e  src/ext/yaml-cpp/node/detail/impl.h
ca5e2af6fea3d1b17408d395528e00374bdf4fdcb63b12f303e09fe459eda461  src/ext/yaml-cpp/node/detail/iterator.h
ce9bf893f38351d5e3e95f5b55a67765c721ba0e4c9f01e38ecba89d64722a6b  src/ext/yaml-cpp/node/detail/iterator_fwd.h
41203dbe13e74200dd6d9f93d3a07a99f7870db9b1af864d2acdcb0f68e031b8  src/ext/yaml-cpp/node/detail/memory.h
01ec0b025faa8bf46f9953f936154efd629151383f20dcd0679b6858b675393f  src/ext/yaml-cpp/node/detail/node.h
53419f8984bce1e2d1d5aa15cba420e04918f8c665489dd5b4071793654f30f8  src/ext/yaml-cpp/node/detail/node_data.h
6b58c8a26de6af125291979d34fa525f5f2e049f47cf72ab1c100feb9ea1e246  src/ext/yaml-cpp/node/detail/node_iterator.h
26fbb939e32d5f4237ab1712eedb3d695820de004cee2a0b2bb2d394b8dbd70b  src/ext/yaml-cpp/node/detail/node_ref.h
39f35d344ba0502e05449a935c5c9fa3a0179d72b9aa2b75ee964ddd1c4a26af  src/ext/yaml-cpp/node/emit.h
a5b3ee60bca81dcb93751639a645bdab4f43cf49292153e53092626889055fe8  src/ext/yaml-cpp/node/impl.h
8f566fd8b92a93544b2d8f2d6035dcbfdd9854f668cb352d99e7664f5b871421  src/ext/yaml-cpp/node/iterator.h
a320b6461c1731e6e2b0f31ae22c71087fc39ff9109bffe5c50707df8f0dbfaa  src/ext/yaml-cpp/node/node.h
eafa4476872ab20c176cf9f93341e57e7e24190a2c3864242c211bc536b97de2  src/ext/yaml-cpp/node/parse.h
9800796027bc27ac328bb612c601cb391db8e5e6803c49200e7e2400f5bad5f5  src/ext/yaml-cpp/node/ptr.h
dd19cd477379648c56f5640f58ac9ab2d89e8374bdd96d023dbd484492fbd480  src/ext/yaml-cpp/node/type.h
607e3c9d02a9b30944c9350a41b2ac73045e9c19044ba326790aece6b8546296  src/ext/yaml-cpp/node_data.cpp
24690ce2899dd3088952dcbb8c32169a9662c7ab728c2e0feb8e5026a61e0ed3  src/ext/yaml-cpp/nodebuilder.cpp
eb18f93af9833eb1cda1d14e36b7ce1ecd5e2d2e3cc235df7477825475187181  src/ext/yaml-cpp/nodebuilder.h
487513c91abed800a3a629ba4c12417551ba81cbe57528371adc3bc6dd6628bf  src/ext/yaml-cpp/nodeevents.cpp
6741f8a61bb1c30ed833ca0347bd520ad8dcde5d11f5f7f9b95df900e966c126  src/ext/yaml-cpp/nodeevents.h
67280724ff2528ac4cc9863db5770216a6bd467a35a2e8b067f43b92d7c278d7  src/ext/yaml-cpp/noexcept.h
642d21d9875ba5de620a1c39412e91284fbfb421a626c24dea53e5d326e6336e  src/ext/yaml-cpp/null.cpp
b81505857f24e1e5940fe8c98a0ebc5aeb6a88ec8ab735dd800692d869904511  src/ext/yaml-cpp/null.h
b8fc7b2385d7c5b089a7c39a54d5f688469273e529beb0bc1b3adda316385b04  src/ext/yaml-cpp/ostream_wrapper.cpp
43bd5094bdf5fb1bd64a3081e372336b2ea410effd86fd910fd5d96b91f586c6  src/ext/yaml-cpp/ostream_wrapper.h
21e8a83a9ef77fe43eb1fe2ff461408a2fb38a8d5f854cb165718237d13f0555  src/ext/yaml-cpp/parse.cpp
853c6f5fe06326071b3645c6d9405cecb3a24e4157815f8b8716521630896491  src/ext/yaml-cpp/parser.cpp
a954930f86e865fcea885e1b65d35feb25f6d5fceb27cccb406425c354cda1af  src/ext/yaml-cpp/parser.h
e6a2fe024363eef1f3ca5060757222b472998046e7d955daf8d434b3ce63d9e2  src/ext/yaml-cpp/ptr_vector.h
d01856e2d05041080a46c8be7659ddce9f7b02aaad597610c466901ac2a7673c  src/ext/yaml-cpp/regex_yaml.cpp
26f8f1a1739bde3d01629f9dc38b33db00f8057f17cdf26ebe3dfed3dcff90f8  src/ext/yaml-cpp/regex_yaml.h
b512b145c127d798a5fc6369c81c224c3fa69d0b0c9120fecc17cac493c36993  src/ext/yaml-cpp/regeximpl.h
dad060f23ddcd03c91ac63f0b13025a46a7eaab1ef7e7af3d53d101936c1db20  src/ext/yaml-cpp/scanner.cpp
70a0c3798942ce6dc7654b0a6add12451980e18e8a79b47600041d753f639b8b  src/ext/yaml-cpp/scanner.h
1291d1a3f3cf3c04b1883ae50850b2a9d2e023144e023d1079d459437657ce8f  src/ext/yaml-cpp/scanscalar.cpp
d19e4ed5fe7f24b75791185167bb69510076a5da087487acc9f4a0db9853b0fe  src/ext/yaml-cpp/scanscalar.h
40d8fd0eee4196e66db8d6e38ba7071589761f68c47a43c30a551c9cfbcc83ca  src/ext/yaml-cpp/scantag.cpp
6960b01908f737c0e1b16eb8ba9da01e06d8140e4b1913e1fb647bbbc1266872  src/ext/yaml-cpp/scantag.h
bdabf2ecfa73f86cbe6c6381a20e6f33592969d19fe749477d09b6e52f20a67d  src/ext/yaml-cpp/scantoken.cpp
c1291c5a7e46242876edc9c76f6975e6c4cabcff45bb89d88f50a1c6f9ff893b  src/ext/yaml-cpp/setting.h
7ea8e9ad62a1cb33a7f2eab57bbc5f7ed90b0f795b170fd90736d0d36750699e  src/ext/yaml-cpp/simplekey.cpp
e2a87d150505ea331fcbad10d3f2e20f6133b6ca875b4efdb3ac019230b3edb8  src/ext/yaml-cpp/singledocparser.cpp
859345e1aac5595ef5939df76347f29a90290adbe8e139a0c2833a3426012e07  src/ext/yaml-cpp/singledocparser.h
0757d307e863f57cee50b3bfc8d657b5fb49e9431918b4e38a433827a57ef68d  src/ext/yaml-cpp/stlemitter.h
a7c2e1182d20c487e26cf3d05219be2f7e8e1510504ac4253ead866fc34370e6  src/ext/yaml-cpp/stream.cpp
47b81c098e695c955e292f614832eebac22b1d5ba1a676d2eb7e591f9ba9d9a4  src/ext/yaml-cpp/stream.h
77f4ccea3594ae12ffd58baa8dd56dc2153fc655050dc83e2fcc475e066be2b2  src/ext/yaml-cpp/streamcharsource.h
3fb078773082339ab19042d5e448e789c30522fc2f927fc6ca65f9ee154826eb  src/ext/yaml-cpp/stringsource.h
1fb0f0778238ea3c2e79f1057dafaa48043bbc7f1c37756759809257f0584733  src/ext/yaml-cpp/tag.cpp
c374fdcd13bc907265be4e1e876943a3b4d931ef0778c76b1a03c8d03a32d88c  src/ext/yaml-cpp/tag.h
6e9701cf218ed9e6080c2497e9b48faced439325478a2d7b2aa6048f851166d2  src/ext/yaml-cpp/token.h
b77debdabef8cfac8614b4a4e4c4ab1016e37f0eda1061b7907b216215ec4e79  src/ext/yaml-cpp/traits.h
946643e99e2f865887852f838a66130c54ed770645a73f2c5f8b71b9bb2b1488  src/ext/yaml-cpp/yaml.h
2d16e12391b89b1b36ea3dc3806bc95be5266b0ffd4d322f12fca737c483e9d1  src/gnb.cpp
1b19f1d59e07a81c5d2b4fbdd2ebd27d920b642ca7c1e19ddbc252824ffcc627  src/gnb/CMakeLists.txt
0a2b4920e8d0b66d24e83e42b7cbf7498d618b2133c7a80640e3d22e75ea9278  src/gnb/app/cmd_handler.cpp
d8697d714fc2187bfe1458e5e6103c7983cdb37c4012e87e6e69a83122fb0b26  src/gnb/app/cmd_handler.hpp
fbeddec552b9d019e99f2a9eec61178269a5a7c40d334dc0061b222b5bee7628  src/gnb/app/task.cpp
ee779926a77958d3028965d0ffdc835233285322f5f50375836d3dc979461477  src/gnb/app/task.hpp
c7789682aaf150f643e4aa2b291e550011de9c40b7fdccbaa798dac603e688f4  src/gnb/gnb.cpp
631cb152ae47a26565ed5763944d6882a726e0e073b4ba6447e8ac3ec37c439f  src/gnb/gnb.hpp
763ffdfce4e4acc07f59023b07bba2e31970012d7bde918e57973754a2c713ed  src/gnb/gtp/proto.cpp
16414b6d09c4a3eeeabcc70571de080f440b5c6c216777729ecef6e01a7453da  src/gnb/gtp/proto.hpp
987af24540e0fd91d7a31232da132df86dd9c22b29ba91802dd114098002fa31  src/gnb/gtp/task.cpp
f6639128d7a72422b99f637a4e51472b637083bbd911eee13adec6c75f0bb035  src/gnb/gtp/task.hpp
07540aa23f61d20f8a1dd0704388943fa235b0ae9f1af8bb576b30495059ea4a  src/gnb/gtp/utils.cpp
d10b3103cce2f82e7b812fbf17f49429cbcf22302b632fa96eefd6c6caaeee33  src/gnb/gtp/utils.hpp
d27c9a4e73acd8a8ac840a653677020684cdfee31c18b69f60e24b5a5a30bc67  src/gnb/ngap/context.cpp
9a8678bc80cbd0f14ff617aabcd2ec8658486ffadaf648f95fb8853367f15a4d  src/gnb/ngap/encode.cpp
7ffdf7dedaacd476da21d19c510f78c57f5cd7245bd682a32dcabd1f9b6b11ee  src/gnb/ngap/encode.hpp
e02d0a0abaa4c768c1a256cd95bc05ce52dc1157a306c025a6294d381a8dbd2c  src/gnb/ngap/interface.cpp
95a1835c796336d04d446c8966591ddb011aec50a888feaba006018fed520aaf  src/gnb/ngap/management.cpp
429d73e8c8bab422b4bf4742fde1b82cc69d1abb69bae837288bf384dda1b71a  src/gnb/ngap/nas.cpp
39f0998064342edbb2c4853e9b05b6d4fe571ac5e31accc4204ec538ed0a57e7  src/gnb/ngap/nnsf.cpp
b5deab0e0ba4efe261e0f5e3f290bd10c33bb539ef1c5923f6c0a5e88835b96b  src/gnb/ngap/radio.cpp
2582ed8ba771ead5d4bc248e45cf47eb084e6138cb87b8622039d8dcffc8ed9c  src/gnb/ngap/session.cpp
0cb698c2a5d8f1bf81bbe34d548b7d1c69c254a01e9ab8b5eae1bfff64ab518b  src/gnb/ngap/task.cpp
99afc3bd80cda57c31e8d06ca374c55b0e339ff7048f2f76f244e886ad503e1f  src/gnb/ngap/task.hpp
3c798cbdf6f50b4a0c7d11e1e0549d85b7910bbc5d76553a75d0511343c1f8d5  src/gnb/ngap/transport.cpp
499f6e6bb972bfb38018f3c8c5e598d19f08ce8755bc04c1d56e02366ceedab4  src/gnb/ngap/utils.cpp
15f76f30adaef59aaf0b1d08a9b98bb5da135c9b6aa6eb09a1c3171f96ec37d5  src/gnb/ngap/utils.hpp
3a0e69a750621aee35181e7ce03c354cf52c274e27177cc81b0dce10ab9c2d1b  src/gnb/nts.cpp
4223994be70d22d230f1cde4da29a69ca08378afb294bcba57c2bcb7f1c14a9f  src/gnb/nts.hpp
692b68a58e7675ef6a7ec9ad0dd5bbf02453756e5675095f26f05a9c25aa2406  src/gnb/rls/ctl_task.cpp
5c7e9008f0c7a2b147731faaf528923177f65554bb2338f5e723fbc6a16af9c3  src/gnb/rls/ctl_task.hpp
b8069cc3ea89817bf8f3e4733a02317de45c5db02e697a5fefc8f468a2ca6967  src/gnb/rls/task.cpp
310ca67b4ec1a9ad42343214c040730a4f17cdb9eb4c2757b07fff61f057ed34  src/gnb/rls/task.hpp
1bc6a4ce8364e65d4bb6c4a05a5f915052d95476850275f4c4fbde5338e59cc1  src/gnb/rls/udp_task.cpp
7106a3ec6bf0ad28e9a77a79571097fa9da55395b8a38d5aa850ba6e595a98b1  src/gnb/rls/udp_task.hpp
17601a260402829b1d0b7ef3156c206c98f2f7d2dbdd970cd8b8c0ec758e09ed  src/gnb/rrc/broadcast.cpp
8442d9c158235f2eb37356646d66b6966dcf89df1786a9383fa7d9fe826168ff  src/gnb/rrc/channel.cpp
431e2ce7d40c8d8a492d972a89f47d561381533a1b4bb361c9604ddfd16f03fa  src/gnb/rrc/connection.cpp
a6cf811fa167cfadf8e820c9ad91b84b47760d0a71844aa6cd3bcb80891cf314  src/gnb/rrc/handler.cpp
3cc13c356110e90d8f6293fa47cc48b2db2fb069ddbbe76a5dbd42751551e671  src/gnb/rrc/management.cpp
13d1ddaf3f21622eaf9719e7d594ef4f677223afbf3f33d3c2ab31dde97ef669  src/gnb/rrc/sap.cpp
646a28fe9392c9d2ee6a807ee0ff73fa3b0e2527cbb80b60bc1d4787afd553ef  src/gnb/rrc/task.cpp
e5a07e97b0f9f1da68b25e3bcfb3a1dc272f09aa115e9c31e680c9aa0851cad1  src/gnb/rrc/task.hpp
b28a8f21986f12f24701888d6fe246e463528905507fe514b11c5e57eb618b76  src/gnb/rrc/ues.cpp
8e435a7dfa760e622feafb88a64d3402d99901c223bb5b54bea1e9e7633b6a2d  src/gnb/sctp/task.cpp
9af3c8810d5387f092f6b4796017f9058541e4b9d1f4d30445459ad9fc177a28  src/gnb/sctp/task.hpp
1bdcbb0fb9353bd8637d63b2f15e983d94136b2a2966c0e6a0a33c74763c7432  src/gnb/types.cpp
1e5da7dfb29ec348aa3fa395a46903053c940f16c6dda1a0fc7b41ba46763e65  src/gnb/types.hpp
602841121daa03ffa8d576ddeb0e32481a400609867de61a6bddf07512c83a5f  src/lib/CMakeLists.txt
8f5897e17797f4a9692fdb645f1150e07ef3b0a14dc767c14d04777f21fb78e3  src/lib/app/CMakeLists.txt
0e9e63df964fa3aa10265dd1cecf5ded5c224044f1b731be22c5cbb379e16e61  src/lib/app/base_app.cpp
e3f28737c6ec970a0c51e1d6f6ef469b614bb68759567f50943506c287e39146  src/lib/app/base_app.hpp
cb9862116d750a911b7b722c6f45dbe16ced90f37d9429894ad3ca013845f834  src/lib/app/cli_base.cpp
9dd344c71b52b5d3143735088e15dbb4ad62fc7e4d4c4d68125a50143bb0ee4a  src/lib/app/cli_base.hpp
2de7e4db44a8464d9817e607ecb91d9c5c480a4ba8e5a463df60d344c843a0c1  src/lib/app/cli_cmd.cpp
cd9c15e00f29e05f50de96e3d72251aceae7dca8e84cb6508ebbd9383055ac41  src/lib/app/cli_cmd.hpp
e09c11c2f16639e4c18d614851fd2546cd85a22483b4b930a53e193da8ef82b6  src/lib/app/monitor.cpp
9e9e784b03a2ad9ac46f6f07c602dd8830504ceda5c3fc2c975f9b683dae18a8  src/lib/app/monitor.hpp
86c33a43d12403d2fcc5d9d6db2a376d6ed3fb57cb67dcc0ff04956eccdb3e8e  src/lib/app/proc_table.cpp
42c4412d44a89e385bf6f6bb8847e19be20e0c3781ff8804132ab04e233aeca0  src/lib/app/proc_table.hpp
dcd22b139e5a106090fabb7bb4b46644181c54bed97b159205cdb088be650252  src/lib/app/ue_ctl.cpp
e8e03f3d7ed5c12e04f58be2057c11e2c40f8ea257776df1179372c6b721f01c  src/lib/app/ue_ctl.hpp
32c01c38e431fce3d88bf8a93cbd3f10c801d1526ac43203a892228dd4b4e6dc  src/lib/asn/ngap.cpp
69b6f342b27f9c70665886baeb2ef2d7b26c9767b8ede36a31882d0207b219af  src/lib/asn/ngap.hpp
2b0ce2ca4d5e1e3900fd532e941ac40ecc1cf106a12a72b49658e03e963e190c  src/lib/asn/ngap_msg.hpp
188c45463308c2ecb84cbfbcf458c42f7a2d5a93440539ed51b9347fcbf1178d  src/lib/asn/rrc.cpp
329961a306c3c3ac7fa8eecc76610a133302b3022c3a2e3a05971624a0499884  src/lib/asn/rrc.hpp
c08c5e0dcd6043d69ca458efd88a4ae2f2d2721fe3379623c62b74ad2e5b32fb  src/lib/asn/utils.cpp
110738f236f180e7c9dcbab51b55b940b589b71ef166a6a9a519e37b6560ad26  src/lib/asn/utils.hpp
dd7f377154a4112f5a2f39fa4d51b57732923189bd5476e333b5b047d8dd74f9  src/lib/crypt/crypt.cpp
3fbf8866f85cb6c11242b66b45e4a0f4bd49f736eb1dd2cd24ae2f70fbcc31c9  src/lib/crypt/crypt.hpp
0c3b148e9320d8b6f5aa98af47cfd1bb40a7a749fd6181757ea4af25f39b34ce  src/lib/crypt/eea2.cpp
5488290535e7603c83821be52d7764881b95ce10b418076eb8037fb27a4049ed  src/lib/crypt/eea2.hpp
c194d2de7371a81ba653e2f900c68b53cad1b459d2aff4b4416e0855126caaae  src/lib/crypt/eea3.cpp
717eea9342229f87adf512bfbed4b0d24ab627353ea2ef94dbdadff106d42bbb  src/lib/crypt/eea3.hpp
da40df76425f1a9baad900502c5df45fbddf848415300fb7570f72191d3e3913  src/lib/crypt/eia2.cpp
8cbb147ff077df4fbfbde775d0c762675a9d2e3a155be899595a2aa61ba6a8da  src/lib/crypt/eia2.hpp
efdaccf9ef771e28946938b37e34f7b045f3a4431527d06c2c2e4a71821d5ee3  src/lib/crypt/mac.cpp
3e2cd6295b86fab38b3f47c42bef9f0340ebdae18e7dddd6ba65d424648667c1  src/lib/crypt/mac.hpp
5a76366f68aeb4ebd6dcc87cb9948b56ff6cc53778934ec086935447b7240199  src/lib/crypt/milenage.cpp
9c2a4d41e9a197a941b28d95ef64e94b0a372862082d0a41ccb5af85efeaa826  src/lib/crypt/milenage.hpp
b62f7f4070df6e83df62d86ec0174a1c6c26979835109c89419e015b14a831ad  src/lib/crypt/snow3g.cpp
9d4c07367bb8fb73fafdefbb3598353faf7b57b107ee29b473b383513643d1e1  src/lib/crypt/snow3g.hpp
2b6388885f11677113061ad9a0406bab2eb783ad2a3baee7dff1b500c1315b09  src/lib/crypt/uea2.cpp
b37d87a63d6f9a518a1d779db1902e2506f3578111582114cd670f78f9f8b645  src/lib/crypt/uea2.hpp
886aec45677301c563868c7d8bd9aa10aac84bc1c8651b4a9d5eb4880a2cd427  src/lib/crypt/zuc.cpp
466689a9f22d8df5f1ca3a69afecaa5f63079f09cd59700a951f9e4527c2b4e0  src/lib/crypt/zuc.hpp
315d50c05aae44a5cd6b9f7cd2eeba2b82b1e2a7b7b9a0a10e5abe277fa9631b  src/lib/nas/base.cpp
5d65974ea83400f86f1ea1397da7bb885f224b3bc39d2dbcdc1ce4778b55de6c  src/lib/nas/base.hpp
4a8ad47fc45b70571fa82d6d6dfe093a53842e6b61047e0e4937cd35411e3bf9  src/lib/nas/eap.cpp
72a8df13cbbb33d6cbfecddf0a317695821543a9e1c32c68bc729d0c95624c1f  src/lib/nas/eap.hpp
6bd693edff038a64d73fbf6dc8604a94a30b75c9c2d0a2ef9b8cb797a03dc6c2  src/lib/nas/encode.cpp
5855d2a1be512fa57cd0f2385e861f96f3c5f30a8d4cd420e3c13073cbc441c4  src/lib/nas/encode.hpp
df0a59acf77370186e148121cea3e5b1a2bb255dcd86bf4c048eccb0c99d7942  src/lib/nas/enums.cpp
542797588a631b918818c82916275edc8f65cfd132b70d00c43ac0e58259c52a  src/lib/nas/enums.hpp
47f6a815f798b72dc8a679dc2c21d132f0cdf51c92d66befdfa760d760f28e7e  src/lib/nas/ie1.cpp
b254369a2ebc326703683c25fc355acdc759e84d467483b187d34caaab4c22a3  src/lib/nas/ie1.hpp
ed29cf0b18d2dca1b6271118256f5adb68279e8ba8089d44449293d621adf0ae  src/lib/nas/ie2.cpp
0932a2521f24ca984db85cf147246b7b2c167e6534407dae81e744afc8f36cad  src/lib/nas/ie2.hpp
593ec5008617fee76156d9451b76a6a274679fb6365f33bbf5cc896db08ee475  src/lib/nas/ie3.cpp
2a8c5038fbd9921933e6c917cde9d63b24938743e31982f4f9c01833f008438f  src/lib/nas/ie3.hpp
e9835afc9a7530c8db0c75c8dc06b4fd8f7e43a4c09cc09d1874ec8f163ca5d8  src/lib/nas/ie4.cpp
5e76e250c3b368ec1b34c3d1d370c5d0bf82b7e9323f66c03b49ed8bfda718a1  src/lib/nas/ie4.hpp
5b10c92026d0c10611d232c5fd8ffcfe479babd01da5bc74e4b11562234d8501  src/lib/nas/ie6.cpp
df755f462bd7f81d2b90f84f3eaefe067afddc00ef35036e2b1c8d52226f7ac7  src/lib/nas/ie6.hpp
82b676cdf105cc543b2feb9448d7a4978a0d557631bf8e5fbd169fb4bc19f3e4  src/lib/nas/msg.cpp
cd82a6b213b9da75336eb83b7cdb3bded62adc504782ca2c0273aa152a357215  src/lib/nas/msg.hpp
e42ce2d6d20e813acdc9fdef2b72c508b51d8fcb9cb94f1b7d3ac5daafa1aee9  src/lib/nas/nas.cpp
954733b4ed225391ab5776c8267a6d0bb2443d1356b8b4168434d1b6e2b15c5c  src/lib/nas/nas.hpp
979a87c93193561534c97dbfe0546f1ca987a962fdf4786d57109508508ad785  src/lib/nas/proto_conf.cpp
ecf02ba4bab6a3c91c812cd9115f66a99dd3ca432b28c09f60bd35c1de37ba62  src/lib/nas/proto_conf.hpp
4e82f6e269f722bcb8b26cfea87de224290ada6a9818e898cb5134706e138382  src/lib/nas/storage.cpp
e163296e947438a1f0a73d0d863143c14ca3c132010936d5361bb92272ac70ac  src/lib/nas/storage.hpp
d3b06b5849ce0d31fd147338b966cd58afa212e46f53d6332580e19bc9c35ec7  src/lib/nas/utils.cpp
7d5881a95b0bb33249cc9fd5bc933414e85d94a9d2175f4955490ae09571f952  src/lib/nas/utils.hpp
10b429eab626d63bf754bd05f8834e29581a0be21efb86f77ce1f345e0b5f182  src/lib/nas/values.cpp
d74bb33447c2e0c5634930c093c60b8b869e1ced513b130c041a327325b7cc73  src/lib/nas/values.hpp
9d17274290f6878fc598d9b3cc9536708937a0a7a5cf588bed025e263c945b8d  src/lib/rlc/encoder.cpp
39632243290dfc4f44bc6ce09d3fe72e10527426ad34a3e4f2c198b8e66a63c5  src/lib/rlc/encoder.hpp
0943a86e0a141be2df039f7460de856d355cb11926d573a5f2e09efdde5f4077  src/lib/rlc/entity_am.cpp
cf26998bac26f1ba2bac2af893f14efe556df8d495c50885c3815550504dddc7  src/lib/rlc/entity_am.hpp
3370b8dd2e61df99d4ffe4d6f771c5fd489aee0004a67340e6e72c01cf6ffa4c  src/lib/rlc/entity_tm.cpp
d1be5c78dbd552ad6f5f0b18015ff7229d6583183bfd6efc44078ec6fbf7f182  src/lib/rlc/entity_tm.hpp
af72ef03b5059aaef105fb74d081d747904b9cbfb7aa2b7bb11218d7c861be38  src/lib/rlc/entity_um.cpp
d3499f20b39564941bef6a05b10d96505344418cb81061bf123cd7c46a2a1b47  src/lib/rlc/entity_um.hpp
11d793e441072c5878dcb5ae99608317c60cc0c4bba94c9aa3d0b3248b6810c2  src/lib/rlc/func.cpp
601e33c08ee32119b46a7b6f507f7ec98bd796649bb574576e0c1c0ded718616  src/lib/rlc/func.hpp
2f5472a3a6169ce5dd5c982d277dbad53cd0f42fc9f3b31c69d8bb3fec74c5aa  src/lib/rlc/rlc.cpp
454cf0b81487d113872196f330c1c4983ed8293b5997bbe8ae9a0c7e2b522622  src/lib/rlc/rlc.hpp
b0736a29c9aa9ba2f21e2f29f28904f64c02b1d882ede857a1bb483a6d4d95d0  src/lib/rlc/test.cpp
fb4972456ea38743e1b214ddbcb136f6e37aa03fb9591b40d088aa090f0c0478  src/lib/rlc/test.hpp
5f68a7296609ea5cdeaccabeab306d984df3aaec61fa61ae5691c399ed3a023d  src/lib/rlc/utils.cpp
1ad802736c7ed386fecb07414d8947e02429d08026e6b41c3279194cfc18db30  src/lib/rlc/utils.hpp
4f21cc362f5ed1c78304f817d2117aa092a98bba9f8064852c89bc1fded9b36f  src/lib/rls/rls_base.cpp
c470450a9c346443507d1ba9be6037e2b7a565db4877198bedf1663a290616b6  src/lib/rls/rls_base.hpp
cfc5302bf08ccc64981f602dd55257676256f5bc1f38c3228322a0ffa80f1d9c  src/lib/rls/rls_pdu.cpp
b20a22b1c7829ca985b8d4b7e6fab6ef2d77d2339c9aac7b2c0e4130547300da  src/lib/rls/rls_pdu.hpp
d211cde56f45705763f87e054ca10b14668452c4e25baf5e573ad7ec3411b3f9  src/lib/rrc/encode.cpp
dbdc5d44a2aee297047762e73075b2c352899856683f4948fb76589bdf570173  src/lib/rrc/encode.hpp
01b61cb0b89c17156bd7048f3a0735b3057cee308fbc4b923c55d3aa70e48539  src/lib/rrc/rrc.cpp
9fa7c316adef6a7732c62888d2b6048e6111e60357a8baa00859056fd97f28b0  src/lib/rrc/rrc.hpp
cf9136a8fff9609283fd70da757157c437dcb1773eddd66b5e87d30cf3d54d30  src/lib/sctp/client.cpp
748acbb36cd23c5f9c8c76080c6456e79ed54f9053cd76d124be7936bbc1ee69  src/lib/sctp/client.hpp
095ac4eef59b98b4224c4848c55c70e04a3e072b8ce14395eb5d712142184a9c  src/lib/sctp/internal.cpp
8d661a68ae4978fe6e08cb75fb08c850e611afe9904cfab88130b7ffa6dc9bf6  src/lib/sctp/internal.hpp
c8715dcdc4844e832ec10fe348cc3206afe005f61666fb6e5e5cacb49c972fc8  src/lib/sctp/sctp.cpp
477e4e85aea2bcf55494f6e62fed872fd24c1a491f3e2af266e9ee461f383d0b  src/lib/sctp/sctp.hpp
7c6b02d2793597185dff018fe3c5dba29b7d1662c9a7e76bb0b7d79c0861b629  src/lib/sctp/server.cpp
5f74fcad81130b6e0e7dfd3c85a2d418a159b1658d210c16896fe7ae5c80efa9  src/lib/sctp/server.hpp
28062c75403eb65322352fd44aeb7e4972d4467904b0a2f34a2362fd746e5728  src/lib/sctp/types.cpp
325b66409f6580981dda8201c9bd5d86b01c61748638eefeac96e79f1a9dbd18  src/lib/sctp/types.hpp
e7e9d2db162299255b9f6f3b57fdcbd0d787b62d066c7a972821230e245b581b  src/lib/udp/server.cpp
b4acaa6672fce3c15d3f8b197bb02f909ba13d80e01637ef0e9db3f60e3a8761  src/lib/udp/server.hpp
538b0b77e7acc1cb968d040b8be136f46b865c0dff00269cbe546adfddede71a  src/lib/udp/server_task.cpp
eaa3c9d33a0e31b6f774a1e7eac3a6036b7d2f67bebcd57645489f7272724a53  src/lib/udp/server_task.hpp
c35970fef092c36689da5fc464f574f14a8460144063d45151aafa514e74d646  src/ue.cpp
079cdbde6d28cd5efa02b4e41efa6ed88bde9454225ec1392cd76cea4ca638b8  src/ue/CMakeLists.txt
9f32c89bd30d9eb272049f01e5723376c374f56ec8872550daf03364464ecab0  src/ue/app/cmd_handler.cpp
bb1ffba28adc1c757d6baf7ac711bfb45c03ab6fcad2c2c83963ddcb2e98ffc5  src/ue/app/cmd_handler.hpp
bb0076df762848bd380c3855fd00f91fcd531eb8c0c9d0a64da39feccd5ba558  src/ue/app/task.cpp
77aad9b2a4807ff244a645424d2381cdaba5dcf3abe6e82a6a65d064566a351f  src/ue/app/task.hpp
e5f90d679a7bce1684b590a3a67eb990d18554e7c35d35305dea32f8da109a07  src/ue/nas/enc.cpp
33808322bbb7032e3a6b1994b1986c04029eb074c74fba346554ed7261155a3a  src/ue/nas/enc.hpp
dbf34280945a760212ea3977eafc48e94fc6639c291e33745b5727cd1d969e32  src/ue/nas/keys.cpp
fef634db13050475d611c8cac94e9ebdab0a4e5e97d049ad67e6ee57348d8f3b  src/ue/nas/keys.hpp
9d48d3978eb0c80162fd606a8ddcaa7ca3dfed9c9c45f0336a19967405eeba23  src/ue/nas/mm/access.cpp
c3c36c2fac1010e8d33375eb481beb5af50a154ffd4ff467fc4a5f35041d65b2  src/ue/nas/mm/auth.cpp
8f46fba75af7b71879027755e694e19112c7d00c3db9aea8336fd1c1b3116d5d  src/ue/nas/mm/base.cpp
e28a50cc35f45b10972be06b176516e01d96f9281658c5c7f1f53ab7b05c9848  src/ue/nas/mm/config.cpp
a678734cd703ed316893bb871072371b9ea3848a8bf7b1f8742a886c5cd54791  src/ue/nas/mm/dereg.cpp
499115bf54b63caa64b3a5d036d7d71eabedc7c605cefbb05377af5276006b07  src/ue/nas/mm/ecall.cpp
f88f28f399419248f541dd39647d0021e722fbedff48112bcaf5cfef0ef0c2a2  src/ue/nas/mm/identity.cpp
94cfee8a494595499b086c1eed6aed8f8d0476464ebe9988b409f023f5141df1  src/ue/nas/mm/messaging.cpp
5dbdcb7c4a10df81bd9341ca0f02b25c59282743f3b6e955995e071a77cd805c  src/ue/nas/mm/mm.hpp
fabef91f3857921c0d02ff9bf68802bdd9315bdc9628cf8e9f773fa8e1e9e33b  src/ue/nas/mm/proc.cpp
e3802c1c81ebab3426239cb32875a2f40c769ef9deee3997557fff8817e888a9  src/ue/nas/mm/radio.cpp
709485cbd54dc905e831613e1a7dea438d3454a1c019e7cb3041fe82910b41c6  src/ue/nas/mm/register.cpp
1747b72518e5073fd38038b2602551fd2e746407a1fcc952ce6a093571326631  src/ue/nas/mm/sap.cpp
bfaa149a66427581c5864b34e562e2a2576323def90163b5e4a0bd9adc61450e  src/ue/nas/mm/security.cpp
77149fd00c8a8a4a407face07d22e54de54ebd4176910514864a2e36a0197ee2  src/ue/nas/mm/service.cpp
1e9872dea6ffb514073a8fb00466bd52a6ac600d13fe350fb3ad71f0bbd90f06  src/ue/nas/mm/slice.cpp
860a1137bfa6f6521c06404d52779daca120482572657f8955230b3c3fd0b1bc  src/ue/nas/mm/timer.cpp
21937f8ff6531e44bf2a91d528e449681222d2e94fc5b15265a50915f746325a  src/ue/nas/mm/transport.cpp
aed9ec0f79e2acdd2c05049db34683ce31d2aac8915f53104f825cb1f3adb7c5  src/ue/nas/sm/allocation.cpp
d4f85403feabccc532b83821d388a7f06dfc1d05cf358254f86812d00c8be44e  src/ue/nas/sm/base.cpp
074d1c6a132072a6cd1c90e516478a7b07b929eeaae1e1607f82643d8dec0b7c  src/ue/nas/sm/establishment.cpp
ce2577278e6f3845931743c80c4b08ca9ca39f73ebf35b3c79c8d071b1991707  src/ue/nas/sm/procedure.cpp
54d1d39450542de6dd04af3ff9aa5f0a0b8982765059e14b356aa5aab4ad1e4d  src/ue/nas/sm/release.cpp
f7c19cdff14ca963d41a1b46997b2825c8e8ef4de22788ff4a568a0d00cd5c42  src/ue/nas/sm/resource.cpp
d205a4eb0c3c899cfd322a74c7b5e5d246f4dc208ed3e664aecac3af9f0f0cbe  src/ue/nas/sm/sap.cpp
ef0989ee92c4c8c23334478553c11613184755db84e853d89bfe3b6961770e06  src/ue/nas/sm/sm.hpp
07ea69d89c0c869a547482b68f166192e3339b10d08c730f3f40fb21151bae80  src/ue/nas/sm/timer.cpp
ccb62ceeee3360e8eb0e83a514023be86b30f1db1b9c3ba008a0062398ed5b32  src/ue/nas/sm/transport.cpp
db23eb2e6c2c96131b6ff7b6610a457003b315267e0cf1124866380073a83625  src/ue/nas/storage.cpp
dd9cb7ed1bb8afdf96b1b625b5543d0ce221093e56a7c5d8f64964528cff9629  src/ue/nas/storage.hpp
4e38829154003839d9938a21bba2ed8ffdd4234e75e09b54c32ab8f558350828  src/ue/nas/task.cpp
110b24c0d6ddb67ebc4c611f68fc5768c282a0a21dfaf786d6cc65085d323555  src/ue/nas/task.hpp
69f7e14453ae90778fdf8c6f8a01dd6002a4ebc0268e614078e6f3de40e88568  src/ue/nas/usim/sqn_mng.cpp
2a1287e7aecfafdb89a322ceb88a5f9887cec69d4ae93eef49159313f251675e  src/ue/nas/usim/sqn_mng.hpp
0a3bf3aa1033adc1ff3d8c3324280d0141d3a9fb284c3996d318bff908d87d8c  src/ue/nas/usim/usim.cpp
81d94c23884457b31e216226e82c81ef9d1d40f2d9205eab240b5f42af21a79b  src/ue/nas/usim/usim.hpp
2351b56425e065328011cc7237abe380b974d02bc138f6061a2ba97a96d5a85a  src/ue/nts.cpp
09e3f0be9db7f4e76f8aeba6927df600e8e2b48b4229efb57925a34d218316cf  src/ue/nts.hpp
123b16fca02ff87120a0f948f05008c5ebe0bd539a5c73dd574ec6cfc2b4ffdd  src/ue/rls/ctl_task.cpp
d7326c976cc756eab07198f16b92ca897d910a1cc87319b9330fa81c3fe6405e  src/ue/rls/ctl_task.hpp
406e1e0cf7d59be218acd2c7ede14906ddf5316f82abbd90dbc761d589446064  src/ue/rls/task.cpp
2dec94d11e3435a086cd07ad8414f6669dedc6b0af3858cf6c80dea854c8e1b8  src/ue/rls/task.hpp
ae2e6f7c0436d6fcad1a4666a475e8bb86e3091fc89351204d423179ec363323  src/ue/rls/udp_task.cpp
e26fc1d5a9d4d71c41ca9310d828039e5ff62afd3c082760677a0c7e68e6fba7  src/ue/rls/udp_task.hpp
6a993ca8081e93da3dc31d74fac1252051995cf427066be09e9d3334846bfe39  src/ue/rrc/access.cpp
0f7a203e5d195bd61163f2452cc802a3b5db2349e219d01ab6b057269d5823d0  src/ue/rrc/cells.cpp
02661a0a47dc0a77857018764c05fd2bb115230642e58018f834b221302433ad  src/ue/rrc/channel.cpp
8ab35a3c3eb33cbf12ece8073b896fed2011cd78fccb460bcb2d071dea26d802  src/ue/rrc/connection.cpp
aa1fa403b7d01e0d9e3c48a7b595422011a4b8d1c192fdbde0ae6640fea4e9df  src/ue/rrc/failures.cpp
e75870c04873afb3c7e671a6c8a6fa34d055b3051907883091c6002eb0b992bb  src/ue/rrc/handler.cpp
5e92901ad2d5d367f2b9547b548dfd9104cb5726dc0d891dfc750e2cac905eed  src/ue/rrc/idle.cpp
f2509f2559fa8f95004ae63bee23fea8e22f46c9be4939650f9be992cecce48f  src/ue/rrc/nas.cpp
d0461d7403a20e25076810a2548d9662927f7ab30ee50cbb82998958d7c85f34  src/ue/rrc/sap.cpp
98c22db8e0eb295a28f4902db839e13d89089db1f9fed60ec39730660ed440fb  src/ue/rrc/state.cpp
aec88e25c7b36dc6d9532f2666f51f3a9ba0c82e710daa835fe345e8e3b57835  src/ue/rrc/sysinfo.cpp
8bbc591b7509724d324ad840e971fa9640e88fe5e0800fb8f12dc4e31d279d8d  src/ue/rrc/task.cpp
e523e3c50d9e0d22c07a9c67482b0d0681a14e81a99e26128b12c6202e20680d  src/ue/rrc/task.hpp
cafda713e10399501f7d1bb7d537cdc0a40ebb00f32d4e12d39d7d46c5e9a4e7  src/ue/timer.cpp
e86b1d638dc3e86ec928c852188a7a9b704e392c82f4ee3619f26b25cbbe342f  src/ue/timer.hpp
46e03622b8eae3e25fb607b09292325d448dcf80f311649926a9b9a62bf8b02b  src/ue/tun/config.cpp
c8585e92ee8ba49c4b9f768793906f4c35fb004358fda22c812266e9e9d19db1  src/ue/tun/config.hpp
3ce52625069e168280279af0b68c76e6d83c74eda8855a6535d605cc3ef5f795  src/ue/tun/task.cpp
6503db15e972bea10f96c96f12320f865310485e01e4b2a5f2184d0c7c059874  src/ue/tun/task.hpp
4d4335451378f0100393660cf5d34407967b178ca67a535d5f52380f684d5377  src/ue/tun/tun.cpp
3bf003088813bea72b2ce250b039cb305d5653f7b64cbd10ccdf127079bbec34  src/ue/tun/tun.hpp
e2e79bb8f2d151bbf6830aad0c294a301ef659ab61a01921004c1d19b0683519  src/ue/types.cpp
3488ffcc5b384062707bbd51c8984533528a3e1fc2046f4f6da654deac94d115  src/ue/types.hpp
fb2e08bb8a05e06ea4b347f2e60060e77b483dd5133422a66db6d37e734169cf  src/ue/ue.cpp
72a08530e14ce883997ce1548f374b68197fd07c47eb9f8c06826b03b0d6b6e8  src/ue/ue.hpp
c8f8ffa7efd938e4f6c797f5f8da951099bed2be6cea36168be0457182b685e8  src/utils/CMakeLists.txt
bde1e27a57ed5056ef2cdfe64bf2911e12ab4d7919e3585fb401354ecfbde736  src/utils/bit_buffer.cpp
e2f5e82248536e44e0f473b50571a5690af2b54c5e89071c77f330d02335b1e0  src/utils/bit_buffer.hpp
d78d7c05830565e23d4e361399c5e97867d37016878a686b40f5ee4d6670cf8f  src/utils/bit_string.cpp
230204915f17d05a0eec7f14755800497ad3fe09304923e9f1938ebc49245305  src/utils/bit_string.hpp
725feea71cc701bfbfdd382e5dbb1b56693ff08bbc5da49d8de1165a83880726  src/utils/bits.cpp
3f5ea96cbc4b37baf5f3c4534968b78593148f636ec9dfd2b22deae96ab9a815  src/utils/bits.hpp
9c2361cd8f06d220da51bf772c60b2896f39d5221b76ef0b268c619d81b4a005  src/utils/common.cpp
5b40a4921e14aa21353543adbbcad4d055b902ab72238b1f95b1c49e396d4677  src/utils/common.hpp
9f06d843e382068e445b1f58f39e9aac8f765060a3d8a6b62f2e7a098309bde6  src/utils/common_types.cpp
9b367bd6b784a73ec6235519e4d002b768c4fefeb02a64801d2edaf333eee32c  src/utils/common_types.hpp
b4042ee982ac7605c6f0b12beef0801675b1ed8b96096116de2fec7508823a6d  src/utils/concurrent_map.cpp
334857fcd60093e1f337d432e73f677f432d3502c3db3d7dadb88b6353cb8850  src/utils/concurrent_map.hpp
9c21a13b12553f34991ec89d649df30348329a5d374ff028c60c48ae0998f795  src/utils/constants.hpp
512ef43fa64071e6d595d0856031bf3269b637caa1912a4a0da3697ffc09a7e0  src/utils/io.cpp
3115bdfa06abaa864d0b83795fad8e8b45c2b2bde127d4a3ac03ce7bf7b7e20c  src/utils/io.hpp
6522747b3d6241e403300d3e43ea42d55cf0d7db0ef1eff619377a6522bf7bc8  src/utils/json.cpp
349114f6a42c4697bf835eea6ff1da6f4e9a6870344e2d3cda1edf9f4ee8843d  src/utils/json.hpp
172d068f88032040a7be8cd3f406740a3c8ef3153e19cfa44a2ed9afb66bec64  src/utils/libc_error.cpp
942ba032b11ab2949362a0a7d25fb1e2d2b5db71c5923bd4ea3134ca53c9a396  src/utils/libc_error.hpp
783426cbe6f8ea8d34745f69b62ab796f45a1d779aa706dfa28171bd03f36b57  src/utils/light_sync.cpp
809cc6bef08dee124b2ebf27aefb1bf25e99aaf8c7ee10d1c3091259dcd99701  src/utils/light_sync.hpp
576d18be7b29524bcedd4f757243ada00b62363efa9ca0d5cb946c95cae3aa53  src/utils/linked_list.cpp
6932534adf702a10a26c758f6288f4663ed1c8664414dcae9d4cfd671b8bf7cc  src/utils/linked_list.hpp
08a48a7bc2bd9ffa2590570183d88c2cbe191d590af540cfe4c106e2db7c4019  src/utils/locked.cpp
4596afa4cb1cec381ba2e3e939b42eb33134c1dd136ea38f9bb17a8eb6544ac1  src/utils/locked.hpp
60cafead66f4ac82c75e4e04b8ba3627097bf50fac9bef81ffcfcc1f2a90f815  src/utils/logger.cpp
8ace2fb0c4794aeb38a1ce3553303a9b7dbb26e4956de18cc1ff9c8d37681181  src/utils/logger.hpp
ccfddeeade39f1ef2de8f367625301fd0a4333a314016900a3b6cd0642a4880e  src/utils/network.cpp
224dda1ca915d4da48dea30ce210fa6b799eb76d41d056e334f6e88804d2b4b8  src/utils/network.hpp
eb72de9d1ef4f8488b8381555d1e1f15ea21fc8ecfbd600fad05f5d93a44ff0a  src/utils/nts.cpp
d3b85c9ba32d38e7d44dc02a7da0a78d89ad97e8e8bd3847fd00e02a81a55cb9  src/utils/nts.hpp
9e5c06069bbfe9869948f2144afdc206faa56020b93bb5bc1dc55e21d66139c1  src/utils/octet.cpp
7ad9901fbf8b8502e4b8c07dfcc819f98fc923d34acb3553940dd825eccd2e04  src/utils/octet.hpp
353b4925bb2fac0e009d84d5bada958f1635b09cfdfd1ea8e168f309ff62f195  src/utils/octet_string.cpp
828d2ff4c00533c82c9cbcd0c6065e0985de4ecd8a5bcd7191bccf4cf0d34cd2  src/utils/octet_string.hpp
05afcdb85d840e581fbedb3207ff6c6d37eb1377391c6f8e7ce5160380768879  src/utils/octet_view.cpp
b747c203ceeac0152cc74134222ca14fc6652a3e71d92da2a92f39e6a8c4d6d0  src/utils/octet_view.hpp
989966bcfb33bac3560e97e09ba3dae5603ac38ae546236e830d98f52d84482c  src/utils/options.cpp
e4fe1d8a4d09e36e41902f474300e8f228cac9ff66943855c53c60c86e6e3c55  src/utils/options.hpp
a60358c47069aa03e6bd877b3e481f0b07e8de6ede3ccb004d1bba1eb06ea736  src/utils/ordered_map.cpp
feea3f74842db017805f7ca8496958e71ae1af3558617106777b5bb43db4b85d  src/utils/ordered_map.hpp
2baeb4a79660c992c043822e2176c17417b76e255a583838dac1977901401428  src/utils/printer.cpp
ab9231724a982acb56d5bcfa27fc18cf5892828d01df0f2ddc4291d21cca5d2a  src/utils/printer.hpp
ce9d33791e934609644efff97bae33dcf39467bd91f3924fc0ada7b6650a5b2a  src/utils/random.cpp
24e06c7245a66246144f353a001168e821175d1c420f191c182d42db468f9581  src/utils/random.hpp
9d67441e2b87ea5b8a561e5e70c57e4e38d2d436d816b7d62f1f8d9df3f19612  src/utils/scoped_thread.cpp
a990c0ed2418ab5ea1983d62a78f9365f9bbe50132026e4a7633939ee1f0f575  src/utils/scoped_thread.hpp
9f5f326c4b30055b29ab5642734624d05061654452d2543704e1841a699be97b  src/utils/time_stamp.cpp
543c09686a6ef8e2b92949d04419b84305508779e3903ff4e4c21bf7d182d2b3  src/utils/time_stamp.hpp
586a9e67e76e00e71d4eb0976d150f7f73c07ff876d8f734e43a04766c91a9b9  src/utils/unique_buffer.cpp
c647b8bf97ef4cefda975a172132927bae4cc4108aaf1b381a54f10cd6ecdbd2  src/utils/unique_buffer.hpp
a493f2ffb7d7b068e517c4da2b94a942a819ee1da0260ae933ea2f330fad5494  src/utils/yaml_utils.cpp
1fee08ca6fc20abe02a37df1c46be69802bb7b4ef958944566d33848eccbd854  src/utils/yaml_utils.hpp
7ea87c658ab229d5c158b3d7f174bb72ed0e13d3f213a31337a6fa61156a0978  tools/ngap-15.8.0.asn1
cac6d7255af905913fb84cf8983ff60d945b5be3afbcb4b1aad46834baa534fd  tools/ngap-17.9.asn
1626350f7c653c6cba61cbc8058bd5eaac6f71f12b268245f60be964f60ef852  tools/nr-binder
f35b0ed0c3b22c9852220244970406a83074745de5002843ceec611da7759be4  tools/rls-wireshark-dissector.lua
e8cd527818f72ea9e0716f640c85a7a9d341db2b8c2b0dbe872fc993a3945b9a  tools/rrc-15.6.0.asn1
9acb36c48bc08a5a38bd2acb75f4120babe41ea22be83a140dbd2bd1b8203d3c  src/utils/safetwin_trace_r3.hpp
